67,0.5,0.0
79,0.5,0.0
55,0.5,0.0
59,0.5,0.0
62,0.5,0.5
71,0.5,1.0
83,0.5,1.0
59,0.5,1.0
55,0.5,1.0
62,0.5,1.5
67,0.5,2.0
79,0.5,2.0
59,0.5,2.0
55,0.5,2.0
62,0.5,2.5
74,2.0,3.0
86,2.0,3.0
r,0.5,3.0
62,0.5,3.5
r,0.5,4.0
62,0.5,4.5
59,0.5,5.0
55,0.5,5.0
84,0.5,5.0
r,1.0,5.0
62,0.5,5.5
83,0.5,5.5
81,0.5,6.0
62,0.5,6.5
79,0.5,6.5
55,0.5,7.0
59,0.5,7.0
78,0.5,7.0
62,0.5,7.5
79,0.5,7.5
83,0.5,8.0
62,0.5,8.5
79,0.5,8.5
55,0.5,9.0
60,0.5,9.0
78,1.0,9.0
64,0.5,9.5
55,0.5,10.0
60,0.5,10.0
76,1.0,10.0
64,0.5,10.5
55,0.5,11.0
60,0.5,11.0
74,0.5,11.0
r,1.0,11.0
64,0.5,11.5
72,0.5,11.5
55,0.5,12.0
60,0.5,12.0
71,0.5,12.0
64,0.5,12.5
69,0.5,12.5
55,0.5,13.0
60,0.5,13.0
68,0.5,13.0
64,0.5,13.5
69,0.5,13.5
60,0.5,14.0
55,0.5,14.0
72,0.5,14.0
64,0.5,14.5
69,0.5,14.5
55,0.5,15.0
60,0.5,15.0
57,0.5,15.0
66,2.0,15.0
62,0.5,15.5
55,0.5,16.0
60,0.5,16.0
57,0.5,16.0
62,0.5,16.5
60,0.25,17.0
55,0.25,17.0
57,0.25,17.0
69,0.25,17.0
r,1.0,17.0
r,0.25,17.25
62,0.5,17.5
55,0.25,18.0
60,0.25,18.0
57,0.25,18.0
72,0.25,18.0
r,0.25,18.25
62,0.5,18.5
60,0.25,19.0
55,0.25,19.0
57,0.25,19.0
69,0.25,19.0
r,0.25,19.25
62,0.5,19.5
60,0.25,20.0
55,0.25,20.0
57,0.25,20.0
66,0.25,20.0
r,0.25,20.25
62,0.5,20.5
59,3.0,21.0
55,3.0,21.0
67,0.5,21.0
62,0.5,21.5
61,0.5,22.0
62,0.5,22.5
66,0.5,23.0
67,0.5,23.5
69,0.5,24.0
62,0.5,24.5
61,0.5,25.0
62,0.5,25.5
67,0.5,26.0
69,0.5,26.5
71,0.5,27.0
67,0.5,27.5
66,0.5,28.0
67,0.5,28.5
45,0.5,29.0
57,0.5,29.0
72,0.5,29.0
47,0.5,29.5
59,0.5,29.5
74,0.5,29.5
48,0.5,30.0
60,0.5,30.0
76,0.5,30.0
74,0.5,30.5
72,0.5,31.0
71,0.5,31.5
69,0.5,32.0
67,0.5,32.5
62,0.5,33.0
50,0.5,33.0
66,1.0,33.0
r,1.0,33.5
r,2.0,34.0
57,0.5,34.5
62,0.5,34.5
66,0.5,35.0
69,0.5,35.5
74,0.5,36.0
66,0.5,36.5
69,0.5,37.0
74,0.5,37.5
78,0.5,38.0
69,0.5,38.5
74,0.5,39.0
78,0.5,39.5
81,0.5,40.0
74,0.5,40.5
78,0.5,41.0
81,0.5,41.5
86,0.5,42.0
78,0.5,42.5
81,0.5,43.0
86,0.5,43.5
90,0.5,44.0
88,0.5,44.5
86,1.0,45.0
r,0.5,46.0
62,0.5,46.5
59,0.5,46.5
66,0.5,47.0
71,0.5,47.5
74,0.5,48.0
66,0.5,48.5
71,0.5,49.0
74,0.5,49.5
78,0.5,50.0
71,0.5,50.5
74,0.5,51.0
78,0.5,51.5
83,0.5,52.0
74,0.5,52.5
78,0.5,53.0
83,0.5,53.5
86,0.5,54.0
78,0.5,54.5
83,0.5,55.0
86,0.5,55.5
90,0.5,56.0
88,0.5,56.5
86,1.0,57.0
r,0.5,58.0
62,0.5,58.5
52,0.5,58.5
64,0.5,59.0
56,0.5,59.0
68,0.5,59.5
71,0.5,60.0
64,0.5,60.5
68,0.5,61.0
71,0.5,61.5
74,0.5,62.0
68,0.5,62.5
71,0.5,63.0
74,0.5,63.5
80,0.5,64.0
71,0.5,64.5
74,0.5,65.0
80,0.5,65.5
83,0.5,66.0
r,1.0,66.0
80,0.5,66.5
76,0.5,67.0
59,1.0,67.0
56,1.0,67.0
78,0.5,67.5
76,0.5,68.0
62,1.0,68.0
59,1.0,68.0
78,0.5,68.5
73,3.0,69.0
76,3.0,69.0
57,1.0,69.0
61,0.5,69.0
62,0.5,69.5
64,0.5,70.0
r,2.0,70.0
66,0.5,70.5
68,0.5,71.0
69,0.5,71.5
74,3.0,72.0
76,3.0,72.0
68,0.5,72.0
66,0.5,72.5
64,0.5,73.0
62,0.5,73.5
61,0.5,74.0
59,0.5,74.5
79,3.0,75.0
76,3.0,75.0
57,0.5,75.0
r,2.5,75.5
78,1.0,78.0
74,1.0,78.0
r,2.0,78.0
78,1.0,79.0
74,1.0,79.0
78,1.0,80.0
74,1.0,80.0
57,0.5,80.0
59,0.5,80.5
76,3.0,81.0
73,3.0,81.0
57,1.0,81.0
61,0.5,81.0
62,0.5,81.5
64,0.5,82.0
r,2.0,82.0
66,0.5,82.5
68,0.5,83.0
69,0.5,83.5
76,3.0,84.0
74,3.0,84.0
68,0.5,84.0
66,0.5,84.5
64,0.5,85.0
62,0.5,85.5
61,0.5,86.0
59,0.5,86.5
76,3.0,87.0
79,3.0,87.0
57,0.5,87.0
r,2.5,87.5
74,1.0,90.0
78,1.0,90.0
r,2.0,90.0
78,1.0,91.0
74,1.0,91.0
78,1.0,92.0
74,1.0,92.0
57,0.5,92.0
59,0.5,92.5
76,0.5,93.0
73,0.5,93.0
64,3.0,93.0
61,3.0,93.0
57,6.0,93.0
74,0.5,93.5
76,0.5,94.0
78,0.5,94.5
80,0.5,95.0
81,0.5,95.5
80,0.5,96.0
59,3.0,96.0
62,3.0,96.0
78,0.5,96.5
76,0.5,97.0
74,0.5,97.5
73,0.5,98.0
71,0.5,98.5
74,0.5,99.0
57,6.0,99.0
62,3.0,99.0
68,3.0,99.0
76,0.5,99.5
78,0.5,100.0
80,0.5,100.5
81,0.5,101.0
83,0.5,101.5
81,0.5,102.0
61,3.0,102.0
64,3.0,102.0
79,0.5,102.5
78,0.5,103.0
76,0.5,103.5
74,0.5,104.0
73,0.5,104.5
61,3.0,105.0
64,3.0,105.0
67,3.0,105.0
57,3.0,105.0
76,0.5,105.0
79,0.5,105.5
85,0.5,106.0
79,0.5,106.5
88,0.5,107.0
85,0.5,107.5
58,3.0,108.0
67,3.0,108.0
61,3.0,108.0
64,3.0,108.0
88,0.5,108.0
85,0.5,108.5
88,0.5,109.0
85,0.5,109.5
88,0.5,110.0
85,0.5,110.5
61,2.0,111.0
57,2.0,111.0
64,2.0,111.0
67,2.0,111.0
88,0.5,111.0
85,0.5,111.5
81,0.5,112.0
83,0.5,112.5
55,1.0,113.0
61,1.0,113.0
64,1.0,113.0
85,0.5,113.0
81,0.5,113.5
62,2.0,114.0
54,2.0,114.0
57,2.0,114.0
86,0.5,114.0
81,0.5,114.5
86,0.5,115.0
81,0.5,115.5
62,1.0,116.0
57,1.0,116.0
50,1.0,116.0
78,0.5,116.0
74,0.5,116.5
67,3.0,117.0
57,3.0,117.0
61,3.0,117.0
64,3.0,117.0
76,0.5,117.0
79,0.5,117.5
85,0.5,118.0
79,0.5,118.5
88,0.5,119.0
85,0.5,119.5
58,3.0,120.0
67,3.0,120.0
64,3.0,120.0
61,3.0,120.0
88,0.5,120.0
85,0.5,120.5
88,0.5,121.0
85,0.5,121.5
88,0.5,122.0
85,0.5,122.5
57,2.0,123.0
61,2.0,123.0
67,2.0,123.0
64,2.0,123.0
88,0.5,123.0
85,0.5,123.5
81,0.5,124.0
83,0.5,124.5
64,1.0,125.0
61,1.0,125.0
55,1.0,125.0
85,0.5,125.0
81,0.5,125.5
57,2.0,126.0
54,2.0,126.0
62,2.0,126.0
86,0.5,126.0
81,0.5,126.5
86,0.5,127.0
81,0.5,127.5
57,1.0,128.0
62,1.0,128.0
50,1.0,128.0
78,0.5,128.0
74,0.5,128.5
62,1.0,129.0
59,1.0,129.0
55,1.0,129.0
83,0.5,129.0
79,0.5,129.5
83,0.5,130.0
r,1.0,130.0
79,0.5,130.5
64,1.0,131.0
59,1.0,131.0
55,1.0,131.0
74,0.5,131.0
71,0.5,131.5
66,1.0,132.0
62,1.0,132.0
57,1.0,132.0
69,2.0,132.0
r,1.0,133.0
67,1.0,134.0
61,1.0,134.0
57,1.0,134.0
76,0.25,134.0
74,0.25,134.25
76,0.25,134.5
74,0.25,134.75
76,0.25,134.75
74,0.25,135.0
r,0.25,135.25
57,0.5,135.5
81,0.25,136.0
69,0.25,136.0
r,0.25,136.25
57,0.5,136.5
74,0.25,137.0
62,0.25,137.0
r,0.25,137.25
57,0.5,137.5
r,0.5,138.0
57,0.5,138.5
67,0.25,139.0
79,0.25,139.0
r,0.25,139.25
57,0.5,139.5
73,0.25,140.0
61,0.25,140.0
r,0.25,140.25
57,0.5,140.5
r,1.0,141.0
74,1/3,142.0
50,1/3,142.0
62,1/3,142.0
r,2/3,427/3
47,1/3,143.0
71,1/3,143.0
59,1/3,143.0
r,2/3,430/3
r,1.0,144.0
72,1/3,145.0
48,1/3,145.0
60,1/3,145.0
r,2/3,436/3
69,1/3,146.0
45,1/3,146.0
57,1/3,146.0
r,2/3,439/3
43,1/3,147.0
67,1/3,147.0
79,1/3,147.0
r,2/3,442/3
71,0.5,148.0
83,0.5,148.0
55,0.5,148.0
59,0.5,148.0
62,0.5,148.5
79,0.5,149.0
67,0.5,149.0
59,0.5,149.0
55,0.5,149.0
62,0.5,149.5
74,2.0,150.0
86,2.0,150.0
r,0.5,150.0
62,0.5,150.5
r,0.5,151.0
62,0.5,151.5
59,0.5,152.0
55,0.5,152.0
84,0.5,152.0
r,1.0,152.0
62,0.5,152.5
83,0.5,152.5
81,0.5,153.0
62,0.5,153.5
79,0.5,153.5
55,0.5,154.0
59,0.5,154.0
78,0.5,154.0
62,0.5,154.5
79,0.5,154.5
83,0.5,155.0
62,0.5,155.5
79,0.5,155.5
55,0.5,156.0
60,0.5,156.0
78,1.0,156.0
64,0.5,156.5
55,0.5,157.0
60,0.5,157.0
76,1.0,157.0
64,0.5,157.5
55,0.5,158.0
60,0.5,158.0
74,0.5,158.0
r,1.0,158.0
64,0.5,158.5
72,0.5,158.5
55,0.5,159.0
60,0.5,159.0
71,0.5,159.0
64,0.5,159.5
69,0.5,159.5
55,0.5,160.0
60,0.5,160.0
68,0.5,160.0
64,0.5,160.5
69,0.5,160.5
60,0.5,161.0
55,0.5,161.0
72,0.5,161.0
64,0.5,161.5
69,0.5,161.5
55,0.5,162.0
60,0.5,162.0
57,0.5,162.0
66,2.0,162.0
62,0.5,162.5
55,0.5,163.0
60,0.5,163.0
57,0.5,163.0
62,0.5,163.5
60,0.25,164.0
55,0.25,164.0
57,0.25,164.0
69,0.25,164.0
r,1.0,164.0
r,0.25,164.25
62,0.5,164.5
55,0.25,165.0
60,0.25,165.0
57,0.25,165.0
72,0.25,165.0
r,0.25,165.25
62,0.5,165.5
60,0.25,166.0
55,0.25,166.0
57,0.25,166.0
69,0.25,166.0
r,0.25,166.25
62,0.5,166.5
60,0.25,167.0
55,0.25,167.0
57,0.25,167.0
66,0.25,167.0
r,0.25,167.25
62,0.5,167.5
59,3.0,168.0
55,3.0,168.0
67,0.5,168.0
62,0.5,168.5
61,0.5,169.0
62,0.5,169.5
66,0.5,170.0
67,0.5,170.5
69,0.5,171.0
62,0.5,171.5
61,0.5,172.0
62,0.5,172.5
67,0.5,173.0
69,0.5,173.5
71,0.5,174.0
67,0.5,174.5
66,0.5,175.0
67,0.5,175.5
45,0.5,176.0
57,0.5,176.0
72,0.5,176.0
47,0.5,176.5
59,0.5,176.5
74,0.5,176.5
48,0.5,177.0
60,0.5,177.0
76,0.5,177.0
74,0.5,177.5
72,0.5,178.0
71,0.5,178.5
69,0.5,179.0
67,0.5,179.5
62,0.5,180.0
50,0.5,180.0
66,1.0,180.0
r,1.0,180.5
r,2.0,181.0
57,0.5,181.5
62,0.5,181.5
66,0.5,182.0
69,0.5,182.5
74,0.5,183.0
66,0.5,183.5
69,0.5,184.0
74,0.5,184.5
78,0.5,185.0
69,0.5,185.5
74,0.5,186.0
78,0.5,186.5
81,0.5,187.0
74,0.5,187.5
78,0.5,188.0
81,0.5,188.5
86,0.5,189.0
78,0.5,189.5
81,0.5,190.0
86,0.5,190.5
90,0.5,191.0
88,0.5,191.5
86,1.0,192.0
r,0.5,193.0
62,0.5,193.5
59,0.5,193.5
66,0.5,194.0
71,0.5,194.5
74,0.5,195.0
66,0.5,195.5
71,0.5,196.0
74,0.5,196.5
78,0.5,197.0
71,0.5,197.5
74,0.5,198.0
78,0.5,198.5
83,0.5,199.0
74,0.5,199.5
78,0.5,200.0
83,0.5,200.5
86,0.5,201.0
78,0.5,201.5
83,0.5,202.0
86,0.5,202.5
90,0.5,203.0
88,0.5,203.5
86,1.0,204.0
r,0.5,205.0
62,0.5,205.5
52,0.5,205.5
64,0.5,206.0
56,0.5,206.0
68,0.5,206.5
71,0.5,207.0
64,0.5,207.5
68,0.5,208.0
71,0.5,208.5
74,0.5,209.0
68,0.5,209.5
71,0.5,210.0
74,0.5,210.5
80,0.5,211.0
71,0.5,211.5
74,0.5,212.0
80,0.5,212.5
83,0.5,213.0
r,1.0,213.0
80,0.5,213.5
76,0.5,214.0
59,1.0,214.0
56,1.0,214.0
78,0.5,214.5
76,0.5,215.0
62,1.0,215.0
59,1.0,215.0
78,0.5,215.5
73,3.0,216.0
76,3.0,216.0
57,1.0,216.0
61,0.5,216.0
62,0.5,216.5
64,0.5,217.0
r,2.0,217.0
66,0.5,217.5
68,0.5,218.0
69,0.5,218.5
74,3.0,219.0
76,3.0,219.0
68,0.5,219.0
66,0.5,219.5
64,0.5,220.0
62,0.5,220.5
61,0.5,221.0
59,0.5,221.5
79,3.0,222.0
76,3.0,222.0
57,0.5,222.0
r,2.5,222.5
78,1.0,225.0
74,1.0,225.0
r,2.0,225.0
78,1.0,226.0
74,1.0,226.0
78,1.0,227.0
74,1.0,227.0
57,0.5,227.0
59,0.5,227.5
76,3.0,228.0
73,3.0,228.0
57,1.0,228.0
61,0.5,228.0
62,0.5,228.5
64,0.5,229.0
r,2.0,229.0
66,0.5,229.5
68,0.5,230.0
69,0.5,230.5
76,3.0,231.0
74,3.0,231.0
68,0.5,231.0
66,0.5,231.5
64,0.5,232.0
62,0.5,232.5
61,0.5,233.0
59,0.5,233.5
76,3.0,234.0
79,3.0,234.0
57,0.5,234.0
r,2.5,234.5
74,1.0,237.0
78,1.0,237.0
r,2.0,237.0
78,1.0,238.0
74,1.0,238.0
78,1.0,239.0
74,1.0,239.0
57,0.5,239.0
59,0.5,239.5
76,0.5,240.0
73,0.5,240.0
64,3.0,240.0
61,3.0,240.0
57,6.0,240.0
74,0.5,240.5
76,0.5,241.0
78,0.5,241.5
80,0.5,242.0
81,0.5,242.5
80,0.5,243.0
59,3.0,243.0
62,3.0,243.0
78,0.5,243.5
76,0.5,244.0
74,0.5,244.5
73,0.5,245.0
71,0.5,245.5
74,0.5,246.0
57,6.0,246.0
62,3.0,246.0
68,3.0,246.0
76,0.5,246.5
78,0.5,247.0
80,0.5,247.5
81,0.5,248.0
83,0.5,248.5
81,0.5,249.0
61,3.0,249.0
64,3.0,249.0
79,0.5,249.5
78,0.5,250.0
76,0.5,250.5
74,0.5,251.0
73,0.5,251.5
61,3.0,252.0
64,3.0,252.0
67,3.0,252.0
57,3.0,252.0
76,0.5,252.0
79,0.5,252.5
85,0.5,253.0
79,0.5,253.5
88,0.5,254.0
85,0.5,254.5
58,3.0,255.0
67,3.0,255.0
61,3.0,255.0
64,3.0,255.0
88,0.5,255.0
85,0.5,255.5
88,0.5,256.0
85,0.5,256.5
88,0.5,257.0
85,0.5,257.5
61,2.0,258.0
57,2.0,258.0
64,2.0,258.0
67,2.0,258.0
88,0.5,258.0
85,0.5,258.5
81,0.5,259.0
83,0.5,259.5
55,1.0,260.0
61,1.0,260.0
64,1.0,260.0
85,0.5,260.0
81,0.5,260.5
62,2.0,261.0
54,2.0,261.0
57,2.0,261.0
86,0.5,261.0
81,0.5,261.5
86,0.5,262.0
81,0.5,262.5
62,1.0,263.0
57,1.0,263.0
50,1.0,263.0
78,0.5,263.0
74,0.5,263.5
67,3.0,264.0
57,3.0,264.0
61,3.0,264.0
64,3.0,264.0
76,0.5,264.0
79,0.5,264.5
85,0.5,265.0
79,0.5,265.5
88,0.5,266.0
85,0.5,266.5
58,3.0,267.0
67,3.0,267.0
64,3.0,267.0
61,3.0,267.0
88,0.5,267.0
85,0.5,267.5
88,0.5,268.0
85,0.5,268.5
88,0.5,269.0
85,0.5,269.5
57,2.0,270.0
61,2.0,270.0
67,2.0,270.0
64,2.0,270.0
88,0.5,270.0
85,0.5,270.5
81,0.5,271.0
83,0.5,271.5
64,1.0,272.0
61,1.0,272.0
55,1.0,272.0
85,0.5,272.0
81,0.5,272.5
57,2.0,273.0
54,2.0,273.0
62,2.0,273.0
86,0.5,273.0
81,0.5,273.5
86,0.5,274.0
81,0.5,274.5
57,1.0,275.0
62,1.0,275.0
50,1.0,275.0
78,0.5,275.0
74,0.5,275.5
62,1.0,276.0
59,1.0,276.0
55,1.0,276.0
83,0.5,276.0
79,0.5,276.5
83,0.5,277.0
r,1.0,277.0
79,0.5,277.5
64,1.0,278.0
59,1.0,278.0
55,1.0,278.0
74,0.5,278.0
71,0.5,278.5
66,1.0,279.0
62,1.0,279.0
57,1.0,279.0
69,2.0,279.0
r,1.0,280.0
67,1.0,281.0
61,1.0,281.0
57,1.0,281.0
76,0.25,281.0
74,0.25,281.25
76,0.25,281.5
74,0.25,281.75
76,0.25,281.75
74,0.25,282.0
r,0.25,282.25
57,0.5,282.5
81,0.25,283.0
69,0.25,283.0
r,0.25,283.25
57,0.5,283.5
74,0.25,284.0
62,0.25,284.0
r,0.25,284.25
57,0.5,284.5
r,0.5,285.0
57,0.5,285.5
67,0.25,286.0
79,0.25,286.0
r,0.25,286.25
57,0.5,286.5
73,0.25,287.0
61,0.25,287.0
r,0.25,287.25
57,0.5,287.5
r,1.0,288.0
74,1/3,289.0
50,1/3,289.0
62,1/3,289.0
r,2/3,868/3
47,1/3,290.0
71,1/3,290.0
59,1/3,290.0
r,2/3,871/3
r,1.0,291.0
72,1/3,292.0
48,1/3,292.0
60,1/3,292.0
r,2/3,877/3
69,1/3,293.0
45,1/3,293.0
57,1/3,293.0
r,2/3,880/3
r,1.0,294.0
83,1/3,295.0
71,1/3,295.0
47,1/3,295.0
59,1/3,295.0
r,2/3,886/3
80,1/3,296.0
68,1/3,296.0
56,1/3,296.0
44,1/3,296.0
r,2/3,889/3
r,1.0,297.0
45,1/3,298.0
57,1/3,298.0
81,1/3,298.0
69,1/3,298.0
r,5/3,895/3
76,0.25,300.0
64,0.25,300.0
r,0.25,300.25
59,0.5,300.5
68,0.25,301.0
80,0.25,301.0
r,0.25,301.25
59,0.5,301.5
64,0.25,302.0
76,0.25,302.0
r,0.25,302.25
59,0.5,302.5
83,2.0,303.0
71,2.0,303.0
r,0.5,303.0
59,0.5,303.5
r,0.5,304.0
59,0.5,304.5
81,0.5,305.0
r,1.0,305.0
80,0.5,305.5
59,0.5,305.5
78,0.5,306.0
76,0.5,306.5
59,0.5,306.5
75,0.5,307.0
76,0.5,307.5
59,0.5,307.5
80,0.5,308.0
76,0.5,308.5
59,0.5,308.5
75,1.0,309.0
57,0.5,309.0
52,0.5,309.0
61,0.5,309.5
73,1.0,310.0
57,0.5,310.0
52,0.5,310.0
61,0.5,310.5
71,0.5,311.0
57,0.5,311.0
52,0.5,311.0
r,1.0,311.0
69,0.5,311.5
61,0.5,311.5
68,0.5,312.0
66,0.5,312.5
61,0.5,312.5
65,0.5,313.0
66,0.5,313.5
61,0.5,313.5
69,0.5,314.0
57,0.5,314.0
52,0.5,314.0
66,0.5,314.5
61,0.5,314.5
63,2.0,315.0
r,0.5,315.0
59,0.5,315.5
r,0.5,316.0
59,0.5,316.5
66,0.25,317.0
r,1.0,317.0
r,0.25,317.25
59,0.5,317.5
69,0.25,318.0
r,0.25,318.25
59,0.5,318.5
66,0.25,319.0
r,0.25,319.25
59,0.5,319.5
63,0.25,320.0
r,0.25,320.25
59,0.5,320.5
64,0.5,321.0
59,0.5,321.5
68,0.25,322.0
71,0.25,322.0
r,0.25,322.25
59,0.5,322.5
64,0.25,323.0
68,0.25,323.0
r,0.25,323.25
59,0.5,323.5
64,0.5,324.0
59,0.5,324.5
68,0.25,325.0
71,0.25,325.0
r,0.25,325.25
59,0.5,325.5
64,0.25,326.0
68,0.25,326.0
r,0.25,326.25
59,0.5,326.5
64,0.5,327.0
59,0.5,327.5
68,0.25,328.0
71,0.25,328.0
r,0.25,328.25
59,0.5,328.5
64,0.25,329.0
68,0.25,329.0
r,0.25,329.25
59,0.5,329.5
63,0.5,330.0
59,0.5,330.5
66,0.25,331.0
69,0.25,331.0
r,0.25,331.25
59,0.5,331.5
63,0.25,332.0
66,0.25,332.0
r,0.25,332.25
59,0.5,332.5
63,0.5,333.0
r,1.0,333.0
59,0.5,333.5
66,0.5,334.0
69,1.0,334.0
59,0.5,334.5
63,0.5,335.0
66,1.0,335.0
59,0.5,335.5
63,0.5,336.0
r,1.0,336.0
59,0.5,336.5
66,0.5,337.0
69,1.0,337.0
59,0.5,337.5
63,0.5,338.0
66,1.0,338.0
59,0.5,338.5
63,0.5,339.0
r,1.0,339.0
59,0.5,339.5
66,0.5,340.0
69,1.0,340.0
59,0.5,340.5
63,0.5,341.0
66,1.0,341.0
59,0.5,341.5
64,0.5,342.0
r,1.0,342.0
59,0.5,342.5
64,0.5,343.0
67,1.0,343.0
59,0.5,343.5
64,0.5,344.0
64,0.5,344.0
67,1.0,344.0
59,0.5,344.5
60,0.5,345.0
r,0.5,345.5
64,1/3,346.0
67,1/3,346.0
r,2/3,1039/3
60,1/3,347.0
64,1/3,347.0
r,2/3,1042/3
60,0.5,348.0
r,1.0,348.0
r,0.5,348.5
64,0.5,349.0
67,1.0,349.0
r,0.5,349.5
60,0.5,350.0
64,1.0,350.0
r,0.5,350.5
60,0.5,351.0
r,1.0,351.0
r,0.5,351.5
64,0.5,352.0
67,1.0,352.0
r,0.5,352.5
60,0.5,353.0
64,1.0,353.0
r,0.5,353.5
59,0.5,354.0
r,1.0,354.0
r,0.5,354.5
62,0.5,355.0
65,1.0,355.0
r,0.5,355.5
59,0.5,356.0
62,1.0,356.0
r,0.5,356.5
59,0.5,357.0
r,1.0,357.0
r,0.5,357.5
62,0.5,358.0
65,1.0,358.0
r,0.5,358.5
59,0.5,359.0
62,1.0,359.0
r,0.5,359.5
59,0.5,360.0
r,1.0,360.0
r,0.5,360.5
62,0.5,361.0
65,1.0,361.0
r,0.5,361.5
59,0.5,362.0
62,1.0,362.0
r,0.5,362.5
59,0.5,363.0
r,1.0,363.0
r,0.5,363.5
62,0.5,364.0
65,1.0,364.0
r,0.5,364.5
59,0.5,365.0
62,1.0,365.0
r,0.5,365.5
60,0.5,366.0
r,1.0,366.0
r,0.5,366.5
60,0.5,367.0
64,1.0,367.0
r,0.5,367.5
60,0.5,368.0
64,1.0,368.0
r,0.5,368.5
60,0.5,369.0
r,1.5,369.5
59,0.5,371.0
60,0.5,371.5
62,0.5,372.0
r,1.5,372.5
60,0.5,374.0
62,0.5,374.5
64,0.5,375.0
60,0.5,375.5
59,0.5,376.0
60,0.5,376.5
65,0.5,377.0
67,0.5,377.5
69,0.5,378.0
67,0.5,378.5
65,0.5,379.0
64,0.5,379.5
62,0.5,380.0
60,0.5,380.5
43,1.0,381.0
59,1.0,381.0
r,1.0,382.0
62,0.5,383.0
77,0.5,383.0
79,0.5,383.5
64,0.5,383.5
65,0.5,384.0
81,0.5,384.0
79,0.5,384.5
65,0.5,385.0
77,0.5,385.0
76,0.5,385.5
66,0.5,386.0
74,0.5,386.0
72,0.5,386.5
67,1.0,387.0
71,1.0,387.0
r,1.0,388.0
65,0.5,389.0
53,0.5,389.0
r,0.5,389.5
68,0.5,390.0
56,0.5,390.0
r,0.5,390.5
53,0.5,391.0
65,0.5,391.0
r,0.5,391.5
62,0.5,392.0
50,0.5,392.0
67,0.5,392.5
55,0.5,392.5
60,0.5,393.0
r,0.5,393.5
63,1/3,394.0
67,1/3,394.0
r,2/3,1183/3
60,1/3,395.0
63,1/3,395.0
r,2/3,1186/3
60,0.5,396.0
r,0.5,396.5
63,1/3,397.0
67,1/3,397.0
r,2/3,1192/3
60,1/3,398.0
63,1/3,398.0
r,2/3,1195/3
60,0.5,399.0
r,1.0,399.0
r,0.5,399.5
63,0.5,400.0
67,1.0,400.0
r,0.5,400.5
60,0.5,401.0
63,1.0,401.0
r,0.5,401.5
59,0.5,402.0
r,1.0,402.0
r,0.5,402.5
62,0.5,403.0
65,1.0,403.0
r,0.5,403.5
59,0.5,404.0
62,1.0,404.0
r,0.5,404.5
59,0.5,405.0
r,1.0,405.0
r,0.5,405.5
62,0.5,406.0
65,1.0,406.0
r,0.5,406.5
59,0.5,407.0
62,1.0,407.0
r,0.5,407.5
59,0.5,408.0
r,1.0,408.0
r,0.5,408.5
62,0.5,409.0
65,1.0,409.0
r,0.5,409.5
59,0.5,410.0
62,1.0,410.0
r,0.5,410.5
59,0.5,411.0
r,1.0,411.0
r,0.5,411.5
62,0.5,412.0
65,1.0,412.0
r,0.5,412.5
59,0.5,413.0
62,1.0,413.0
r,0.5,413.5
60,0.5,414.0
r,1.0,414.0
r,0.5,414.5
60,0.5,415.0
63,1.0,415.0
r,0.5,415.5
62,0.5,416.0
65,1.0,416.0
58,0.5,416.5
63,0.5,417.0
58,0.5,417.5
67,0.25,418.0
70,0.25,418.0
r,0.25,418.25
58,0.5,418.5
63,0.25,419.0
67,0.25,419.0
r,0.25,419.25
58,0.5,419.5
63,0.5,420.0
58,0.5,420.5
67,0.25,421.0
70,0.25,421.0
r,0.25,421.25
58,0.5,421.5
63,0.25,422.0
67,0.25,422.0
r,0.25,422.25
58,0.5,422.5
63,0.5,423.0
r,1.0,423.0
58,0.5,423.5
67,0.5,424.0
70,1.0,424.0
58,0.5,424.5
63,0.5,425.0
67,1.0,425.0
58,0.5,425.5
62,0.5,426.0
r,1.0,426.0
58,0.5,426.5
65,0.5,427.0
68,1.0,427.0
58,0.5,427.5
62,0.5,428.0
65,1.0,428.0
58,0.5,428.5
62,0.5,429.0
r,1.0,429.0
58,0.5,429.5
65,0.5,430.0
68,1.0,430.0
58,0.5,430.5
62,0.5,431.0
65,1.0,431.0
58,0.5,431.5
62,0.5,432.0
r,1.0,432.0
58,0.5,432.5
65,0.5,433.0
68,1.0,433.0
58,0.5,433.5
62,0.5,434.0
65,1.0,434.0
58,0.5,434.5
62,0.5,435.0
r,1.0,435.0
58,0.5,435.5
65,0.5,436.0
68,1.0,436.0
58,0.5,436.5
62,0.5,437.0
65,1.0,437.0
58,0.5,437.5
63,0.5,438.0
r,1.0,438.0
58,0.5,438.5
63,0.5,439.0
67,1.0,439.0
58,0.5,439.5
63,0.5,440.0
67,1.0,440.0
58,0.5,440.5
63,0.5,441.0
58,0.5,441.5
57,0.5,442.0
58,0.5,442.5
62,0.5,443.0
63,0.5,443.5
65,0.5,444.0
58,0.5,444.5
57,0.5,445.0
58,0.5,445.5
63,0.5,446.0
65,0.5,446.5
67,0.5,447.0
63,0.5,447.5
62,0.5,448.0
63,0.5,448.5
68,0.5,449.0
70,0.5,449.5
72,0.5,450.0
70,0.5,450.5
68,0.5,451.0
67,0.5,451.5
65,0.5,452.0
63,0.5,452.5
r,2.0,453.0
80,0.5,455.0
72,0.5,455.0
70,0.5,455.5
82,0.5,455.5
84,0.25,456.0
68,0.25,456.0
r,0.25,456.25
82,0.5,456.5
80,0.25,457.0
68,0.25,457.0
r,0.25,457.25
79,0.5,457.5
77,0.25,458.0
69,0.25,458.0
r,0.25,458.25
75,0.5,458.5
70,1.0,459.0
74,1.0,459.0
r,2.0,460.0
63,0.5,462.0
51,0.5,462.0
62,0.5,462.5
50,0.5,462.5
48,0.5,463.0
60,0.5,463.0
58,0.5,463.5
46,0.5,463.5
57,0.5,464.0
45,0.5,464.0
r,0.5,464.5
r,2.0,465.0
84,0.5,467.0
72,0.5,467.0
74,0.5,467.5
86,0.5,467.5
75,0.5,468.0
87,0.5,468.0
74,0.5,468.5
86,0.5,468.5
72,0.5,469.0
84,0.5,469.0
82,0.5,469.5
70,0.5,469.5
81,0.5,470.0
69,0.5,470.0
79,0.5,470.5
67,0.5,470.5
78,0.5,471.0
66,0.5,471.0
75,0.5,471.5
63,0.5,471.5
74,0.5,472.0
62,0.5,472.0
72,0.5,472.5
60,0.5,472.5
58,0.5,473.0
70,0.5,473.0
69,0.5,473.5
57,0.5,473.5
67,0.5,474.0
66,0.5,474.5
67,0.5,475.0
69,0.5,475.5
70,0.5,476.0
67,0.5,476.5
65,1.0,477.0
50,1.0,477.0
69,0.5,478.0
66,0.5,478.0
57,0.5,478.5
66,0.5,479.0
62,0.5,479.0
57,0.5,479.5
62,0.5,480.0
57,0.5,480.5
66,0.25,481.0
69,0.25,481.0
r,0.25,481.25
57,0.5,481.5
62,0.25,482.0
66,0.25,482.0
r,0.25,482.25
57,0.5,482.5
62,0.5,483.0
57,0.5,483.5
66,0.25,484.0
69,0.25,484.0
r,0.25,484.25
57,0.5,484.5
62,0.25,485.0
66,0.25,485.0
r,0.25,485.25
57,0.5,485.5
61,0.5,486.0
r,1.0,486.0
57,0.5,486.5
66,0.5,487.0
67,1.0,487.0
57,0.5,487.5
61,0.5,488.0
64,1.0,488.0
57,0.5,488.5
61,0.5,489.0
r,1.0,489.0
57,0.5,489.5
66,0.5,490.0
67,1.0,490.0
57,0.5,490.5
61,0.5,491.0
64,1.0,491.0
57,0.5,491.5
61,0.5,492.0
r,1.0,492.0
57,0.5,492.5
66,0.5,493.0
67,1.0,493.0
57,0.5,493.5
61,0.5,494.0
64,1.0,494.0
57,0.5,494.5
61,0.5,495.0
r,1.0,495.0
57,0.5,495.5
66,0.5,496.0
67,1.0,496.0
57,0.5,496.5
61,0.5,497.0
64,1.0,497.0
57,0.5,497.5
62,0.5,498.0
r,1.0,498.0
57,0.5,498.5
69,0.5,499.0
66,1.0,499.0
62,0.5,499.5
69,0.5,500.0
62,1.0,500.0
66,0.5,500.5
69,0.5,501.0
74,0.5,501.0
62,0.5,501.5
69,0.5,502.0
74,0.5,502.0
62,0.5,502.5
69,0.5,503.0
74,0.5,503.0
62,0.5,503.5
69,0.5,504.0
74,0.5,504.0
62,0.5,504.5
69,0.5,505.0
74,0.5,505.0
62,0.5,505.5
69,0.5,506.0
74,0.5,506.0
62,0.5,506.5
69,0.5,507.0
72,0.5,507.0
62,0.5,507.5
72,0.5,508.0
69,0.5,508.0
62,0.5,508.5
69,0.5,509.0
72,0.5,509.0
62,0.5,509.5
72,0.5,510.0
69,0.5,510.0
62,0.5,510.5
72,0.5,511.0
69,0.5,511.0
62,0.5,511.5
72,0.5,512.0
69,0.5,512.0
62,0.5,512.5
79,1/3,513.0
67,1/3,513.0
r,2/3,1540/3
71,0.5,514.0
83,0.5,514.0
59,0.5,514.0
55,0.5,514.0
62,0.5,514.5
79,0.5,515.0
67,0.5,515.0
59,0.5,515.0
55,0.5,515.0
62,0.5,515.5
59,0.5,516.0
55,0.5,516.0
86,2.0,516.0
74,2.0,516.0
62,0.5,516.5
55,0.5,517.0
59,0.5,517.0
62,0.5,517.5
59,0.5,518.0
55,0.5,518.0
84,0.5,518.0
r,1.0,518.0
62,0.5,518.5
83,0.5,518.5
81,0.5,519.0
62,0.5,519.5
79,0.5,519.5
78,0.5,520.0
62,0.5,520.5
79,0.5,520.5
59,0.5,521.0
55,0.5,521.0
83,0.5,521.0
62,0.5,521.5
79,0.5,521.5
55,0.5,522.0
60,0.5,522.0
78,1.0,522.0
64,0.5,522.5
76,1.0,523.0
r,0.5,523.0
64,0.5,523.5
60,0.5,524.0
55,0.5,524.0
74,0.5,524.0
r,1.0,524.0
64,0.5,524.5
72,0.5,524.5
71,0.5,525.0
64,0.5,525.5
69,0.5,525.5
55,0.5,526.0
60,0.5,526.0
68,0.5,526.0
64,0.5,526.5
69,0.5,526.5
55,0.5,527.0
60,0.5,527.0
72,0.5,527.0
64,0.5,527.5
69,0.5,527.5
55,0.5,528.0
57,0.5,528.0
60,0.5,528.0
66,2.0,528.0
62,0.5,528.5
55,0.5,529.0
60,0.5,529.0
57,0.5,529.0
62,0.25,529.5
70,0.25,529.5
69,0.25,529.75
68,0.25,529.75
55,0.5,530.0
57,0.5,530.0
60,0.5,530.0
69,1.0,530.0
62,0.5,530.5
60,0.25,531.0
57,0.25,531.0
55,0.25,531.0
72,0.25,531.0
r,0.25,531.25
62,0.5,531.5
60,0.25,532.0
57,0.25,532.0
55,0.25,532.0
69,0.25,532.0
r,0.25,532.25
62,0.5,532.5
60,0.25,533.0
57,0.25,533.0
55,0.25,533.0
66,0.25,533.0
r,0.25,533.25
62,0.5,533.5
59,3.0,534.0
55,3.0,534.0
67,0.5,534.0
62,0.5,534.5
61,0.5,535.0
62,0.5,535.5
66,0.5,536.0
67,0.5,536.5
54,3.0,537.0
57,3.0,537.0
69,0.5,537.0
62,0.5,537.5
61,0.5,538.0
62,0.5,538.5
67,0.5,539.0
69,0.5,539.5
55,3.0,540.0
59,3.0,540.0
71,0.5,540.0
67,0.5,540.5
66,0.5,541.0
67,0.5,541.5
69,0.5,542.0
71,0.5,542.5
57,3.0,543.0
60,3.0,543.0
72,0.5,543.0
67,0.5,543.5
66,0.5,544.0
67,0.5,544.5
71,0.5,545.0
72,0.5,545.5
74,1.0,546.0
r,0.5,547.0
59,0.5,547.5
62,0.5,547.5
67,0.5,548.0
71,0.5,548.5
74,0.5,549.0
67,0.5,549.5
71,0.5,550.0
74,0.5,550.5
79,0.5,551.0
71,0.5,551.5
74,0.5,552.0
79,0.5,552.5
83,0.5,553.0
74,0.5,553.5
79,0.5,554.0
83,0.5,554.5
86,0.5,555.0
84,0.5,555.5
83,0.5,556.0
81,0.5,556.5
79,0.5,557.0
77,0.5,557.5
76,1.0,558.0
r,0.5,559.0
64,0.5,559.5
60,0.5,559.5
67,0.5,560.0
72,0.5,560.5
76,0.5,561.0
64,0.5,561.5
67,0.5,562.0
72,0.5,562.5
76,0.5,563.0
67,0.5,563.5
72,0.5,564.0
76,0.5,564.5
79,0.5,565.0
72,0.5,565.5
76,0.5,566.0
79,0.5,566.5
84,0.5,567.0
76,0.5,567.5
79,0.5,568.0
84,0.5,568.5
88,0.5,569.0
86,0.5,569.5
85,1.0,570.0
r,0.5,571.0
61,0.5,571.5
55,0.5,571.5
64,0.5,572.0
67,0.5,572.5
73,0.5,573.0
64,0.5,573.5
67,0.5,574.0
73,0.5,574.5
76,0.5,575.0
67,0.5,575.5
73,0.5,576.0
76,0.5,576.5
79,0.5,577.0
73,0.5,577.5
76,0.5,578.0
79,0.5,578.5
85,0.5,579.0
r,1.0,579.0
88,0.5,579.5
81,0.5,580.0
61,1.0,580.0
64,1.0,580.0
83,0.5,580.5
81,0.5,581.0
64,1.0,581.0
67,1.0,581.0
83,0.5,581.5
62,1.0,582.0
66,0.5,582.0
81,3.0,582.0
78,3.0,582.0
67,0.5,582.5
69,0.5,583.0
r,2.0,583.0
71,0.5,583.5
73,0.5,584.0
74,0.5,584.5
73,0.5,585.0
81,3.0,585.0
79,3.0,585.0
71,0.5,585.5
69,0.5,586.0
67,0.5,586.5
66,0.5,587.0
64,0.5,587.5
62,0.5,588.0
81,3.0,588.0
84,3.0,588.0
60,0.5,588.5
59,0.5,589.0
57,0.5,589.5
r,1.0,590.0
83,1.0,591.0
79,1.0,591.0
r,0.5,591.0
57,0.5,591.5
59,0.5,592.0
79,1.0,592.0
83,1.0,592.0
61,0.5,592.5
62,0.5,593.0
83,1.0,593.0
79,1.0,593.0
64,0.5,593.5
62,1.0,594.0
66,0.5,594.0
81,3.0,594.0
78,3.0,594.0
67,0.5,594.5
69,0.5,595.0
r,2.0,595.0
71,0.5,595.5
73,0.5,596.0
74,0.5,596.5
73,0.5,597.0
81,3.0,597.0
79,3.0,597.0
71,0.5,597.5
69,0.5,598.0
67,0.5,598.5
66,0.5,599.0
64,0.5,599.5
62,0.5,600.0
84,3.0,600.0
81,3.0,600.0
60,0.5,600.5
59,0.5,601.0
57,0.5,601.5
r,1.0,602.0
83,1.0,603.0
79,1.0,603.0
r,0.5,603.0
57,0.5,603.5
59,0.5,604.0
83,1.0,604.0
79,1.0,604.0
61,0.5,604.5
62,0.5,605.0
83,1.0,605.0
79,1.0,605.0
64,0.5,605.5
78,0.5,606.0
81,0.5,606.0
69,3.0,606.0
66,3.0,606.0
62,6.0,606.0
79,0.5,606.5
81,0.5,607.0
83,0.5,607.5
85,0.5,608.0
86,0.5,608.5
85,0.5,609.0
67,3.0,609.0
64,3.0,609.0
83,0.5,609.5
81,0.5,610.0
79,0.5,610.5
78,0.5,611.0
76,0.5,611.5
79,0.5,612.0
73,3.0,612.0
67,3.0,612.0
62,6.0,612.0
81,0.5,612.5
83,0.5,613.0
85,0.5,613.5
86,0.5,614.0
88,0.5,614.5
86,0.5,615.0
66,3.0,615.0
69,3.0,615.0
84,0.5,615.5
83,0.5,616.0
81,0.5,616.5
79,0.5,617.0
78,0.5,617.5
81,0.5,618.0
66,3.0,618.0
62,3.0,618.0
69,3.0,618.0
72,3.0,618.0
84,0.5,618.5
90,0.5,619.0
84,0.5,619.5
93,0.5,620.0
90,0.5,620.5
93,0.5,621.0
63,3.0,621.0
72,3.0,621.0
69,3.0,621.0
66,3.0,621.0
90,0.5,621.5
93,0.5,622.0
90,0.5,622.5
93,0.5,623.0
90,0.5,623.5
93,0.5,624.0
72,2.0,624.0
66,2.0,624.0
62,2.0,624.0
69,2.0,624.0
90,0.5,624.5
86,0.5,625.0
88,0.5,625.5
90,0.5,626.0
60,1.0,626.0
69,1.0,626.0
66,1.0,626.0
86,0.5,626.5
91,0.5,627.0
67,2.0,627.0
62,2.0,627.0
59,2.0,627.0
86,0.5,627.5
91,0.5,628.0
86,0.5,628.5
83,0.5,629.0
r,1.0,629.0
79,0.5,629.5
81,0.5,630.0
72,3.0,630.0
62,3.0,630.0
66,3.0,630.0
69,3.0,630.0
84,0.5,630.5
90,0.5,631.0
84,0.5,631.5
93,0.5,632.0
90,0.5,632.5
93,0.5,633.0
63,3.0,633.0
66,3.0,633.0
72,3.0,633.0
69,3.0,633.0
90,0.5,633.5
93,0.5,634.0
90,0.5,634.5
93,0.5,635.0
90,0.5,635.5
93,0.5,636.0
72,2.0,636.0
66,2.0,636.0
62,2.0,636.0
69,2.0,636.0
90,0.5,636.5
92,0.5,636.5
86,0.5,637.0
88,0.5,637.5
90,0.5,638.0
69,1.0,638.0
60,1.0,638.0
66,1.0,638.0
86,0.5,638.5
91,0.5,639.0
62,2.0,639.0
67,2.0,639.0
59,2.0,639.0
86,0.5,639.5
91,0.5,640.0
86,0.5,640.5
83,0.5,641.0
67,1.0,641.0
62,1.0,641.0
55,1.0,641.0
79,0.5,641.5
88,0.5,642.0
64,1.0,642.0
60,1.0,642.0
67,1.0,642.0
84,0.5,642.5
88,0.5,643.0
r,1.0,643.0
84,0.5,643.5
79,0.5,644.0
64,1.0,644.0
69,1.0,644.0
60,1.0,644.0
76,0.5,644.5
71,1.0,645.0
62,1.0,645.0
67,1.0,645.0
74,2.0,645.0
r,1.0,646.0
66,1.0,647.0
72,1.0,647.0
62,1.0,647.0
81,1/3,647.0
83,1/3,647.0
81,0.25,1942/3
83,0.25,1942/3
r,1/6,7771/12
79,0.25,647.75
81,0.25,647.75
79,0.5,648.0
59,0.5,648.0
55,0.5,648.0
62,0.5,648.5
74,0.5,649.0
86,0.5,649.0
55,0.5,649.0
59,0.5,649.0
62,0.5,649.5
79,0.25,650.0
67,0.25,650.0
r,0.25,650.25
62,0.5,650.5
60,0.5,651.0
55,0.5,651.0
57,0.5,651.0
62,0.5,651.5
84,0.5,652.0
72,0.5,652.0
60,0.5,652.0
55,0.5,652.0
57,0.5,652.0
62,0.5,652.5
66,0.5,653.0
78,0.5,653.0
60,0.5,653.0
57,0.5,653.0
55,0.5,653.0
62,0.5,653.5
r,1.0,654.0
74,1/3,655.0
62,1/3,655.0
r,2/3,1966/3
71,1/3,656.0
59,1/3,656.0
r,2/3,1969/3
r,1.0,657.0
72,1/3,658.0
60,1/3,658.0
r,2/3,1975/3
69,1/3,659.0
57,1/3,659.0
r,2/3,1978/3
r,1.0,660.0
59,1/3,661.0
83,1/3,661.0
47,1/3,661.0
71,1/3,661.0
r,2/3,1984/3
56,1/3,662.0
44,1/3,662.0
80,1/3,662.0
68,1/3,662.0
r,2/3,1987/3
r,1.0,663.0
57,1/3,664.0
81,1/3,664.0
45,1/3,664.0
69,1/3,664.0
r,2/3,1993/3
78,1/3,665.0
66,1/3,665.0
42,1/3,665.0
54,1/3,665.0
r,2/3,1996/3
76,0.25,666.0
64,0.25,666.0
r,0.25,666.25
59,0.5,666.5
68,0.25,667.0
80,0.25,667.0
r,0.25,667.25
59,0.5,667.5
64,0.25,668.0
76,0.25,668.0
r,0.25,668.25
59,0.5,668.5
83,2.0,669.0
71,2.0,669.0
r,0.5,669.0
59,0.5,669.5
r,0.5,670.0
59,0.5,670.5
81,0.5,671.0
r,1.0,671.0
80,0.5,671.5
59,0.5,671.5
78,0.5,672.0
76,0.5,672.5
59,0.5,672.5
75,0.5,673.0
76,0.5,673.5
59,0.5,673.5
80,0.5,674.0
76,0.5,674.5
59,0.5,674.5
75,1.0,675.0
57,0.5,675.0
52,0.5,675.0
61,0.5,675.5
73,1.0,676.0
57,0.5,676.0
52,0.5,676.0
61,0.5,676.5
71,0.5,677.0
57,0.5,677.0
52,0.5,677.0
r,1.0,677.0
69,0.5,677.5
61,0.5,677.5
68,0.5,678.0
66,0.5,678.5
61,0.5,678.5
65,0.5,679.0
66,0.5,679.5
61,0.5,679.5
69,0.5,680.0
57,0.5,680.0
52,0.5,680.0
66,0.5,680.5
61,0.5,680.5
63,2.0,681.0
r,0.5,681.0
59,0.5,681.5
r,0.5,682.0
59,0.5,682.5
66,0.25,683.0
r,1.0,683.0
r,0.25,683.25
59,0.5,683.5
69,0.25,684.0
r,0.25,684.25
59,0.5,684.5
66,0.25,685.0
r,0.25,685.25
59,0.5,685.5
63,0.25,686.0
r,0.25,686.25
59,0.5,686.5
64,0.5,687.0
59,0.5,687.5
68,0.25,688.0
71,0.25,688.0
r,0.25,688.25
59,0.5,688.5
64,0.25,689.0
68,0.25,689.0
r,0.25,689.25
59,0.5,689.5
64,0.5,690.0
59,0.5,690.5
68,0.25,691.0
71,0.25,691.0
r,0.25,691.25
59,0.5,691.5
64,0.25,692.0
68,0.25,692.0
r,0.25,692.25
59,0.5,692.5
64,0.5,693.0
59,0.5,693.5
68,0.25,694.0
71,0.25,694.0
r,0.25,694.25
59,0.5,694.5
64,0.25,695.0
68,0.25,695.0
r,0.25,695.25
59,0.5,695.5
63,0.5,696.0
59,0.5,696.5
66,0.25,697.0
69,0.25,697.0
r,0.25,697.25
59,0.5,697.5
63,0.25,698.0
66,0.25,698.0
r,0.25,698.25
59,0.5,698.5
63,0.5,699.0
r,1.0,699.0
59,0.5,699.5
66,0.5,700.0
69,1.0,700.0
59,0.5,700.5
63,0.5,701.0
66,1.0,701.0
59,0.5,701.5
63,0.5,702.0
r,1.0,702.0
59,0.5,702.5
66,0.5,703.0
69,1.0,703.0
59,0.5,703.5
63,0.5,704.0
66,1.0,704.0
59,0.5,704.5
63,0.5,705.0
r,1.0,705.0
59,0.5,705.5
66,0.5,706.0
69,1.0,706.0
59,0.5,706.5
63,0.5,707.0
66,1.0,707.0
59,0.5,707.5
64,0.5,708.0
r,1.0,708.0
59,0.5,708.5
64,0.5,709.0
67,1.0,709.0
59,0.5,709.5
64,0.5,710.0
64,0.5,710.0
67,1.0,710.0
59,0.5,710.5
60,0.5,711.0
r,0.5,711.5
64,1/3,712.0
67,1/3,712.0
r,2/3,2137/3
60,1/3,713.0
64,1/3,713.0
r,2/3,2140/3
60,0.5,714.0
r,1.0,714.0
r,0.5,714.5
64,0.5,715.0
67,1.0,715.0
r,0.5,715.5
60,0.5,716.0
64,1.0,716.0
r,0.5,716.5
60,0.5,717.0
r,1.0,717.0
r,0.5,717.5
64,0.5,718.0
67,1.0,718.0
r,0.5,718.5
60,0.5,719.0
64,1.0,719.0
r,0.5,719.5
59,0.5,720.0
r,1.0,720.0
r,0.5,720.5
62,0.5,721.0
65,1.0,721.0
r,0.5,721.5
59,0.5,722.0
62,1.0,722.0
r,0.5,722.5
59,0.5,723.0
r,1.0,723.0
r,0.5,723.5
62,0.5,724.0
65,1.0,724.0
r,0.5,724.5
59,0.5,725.0
62,1.0,725.0
r,0.5,725.5
59,0.5,726.0
r,1.0,726.0
r,0.5,726.5
62,0.5,727.0
65,1.0,727.0
r,0.5,727.5
59,0.5,728.0
62,1.0,728.0
r,0.5,728.5
59,0.5,729.0
r,1.0,729.0
r,0.5,729.5
62,0.5,730.0
65,1.0,730.0
r,0.5,730.5
59,0.5,731.0
62,1.0,731.0
r,0.5,731.5
60,0.5,732.0
r,1.0,732.0
r,0.5,732.5
60,0.5,733.0
64,1.0,733.0
r,0.5,733.5
60,0.5,734.0
64,1.0,734.0
r,0.5,734.5
60,0.5,735.0
r,1.5,735.5
59,0.5,737.0
60,0.5,737.5
62,0.5,738.0
r,1.5,738.5
60,0.5,740.0
62,0.5,740.5
64,0.5,741.0
60,0.5,741.5
59,0.5,742.0
60,0.5,742.5
65,0.5,743.0
67,0.5,743.5
69,0.5,744.0
67,0.5,744.5
65,0.5,745.0
64,0.5,745.5
62,0.5,746.0
60,0.5,746.5
43,1.0,747.0
59,1.0,747.0
r,1.0,748.0
62,0.5,749.0
77,0.5,749.0
79,0.5,749.5
64,0.5,749.5
65,0.5,750.0
81,0.5,750.0
79,0.5,750.5
65,0.5,751.0
77,0.5,751.0
76,0.5,751.5
66,0.5,752.0
74,0.5,752.0
72,0.5,752.5
67,1.0,753.0
71,1.0,753.0
r,1.0,754.0
65,0.5,755.0
53,0.5,755.0
r,0.5,755.5
68,0.5,756.0
56,0.5,756.0
r,0.5,756.5
53,0.5,757.0
65,0.5,757.0
r,0.5,757.5
62,0.5,758.0
50,0.5,758.0
67,0.5,758.5
55,0.5,758.5
60,0.5,759.0
r,0.5,759.5
63,1/3,760.0
67,1/3,760.0
r,2/3,2281/3
60,1/3,761.0
63,1/3,761.0
r,2/3,2284/3
60,0.5,762.0
r,0.5,762.5
63,1/3,763.0
67,1/3,763.0
r,2/3,2290/3
60,1/3,764.0
63,1/3,764.0
r,2/3,2293/3
60,0.5,765.0
r,1.0,765.0
r,0.5,765.5
63,0.5,766.0
67,1.0,766.0
r,0.5,766.5
60,0.5,767.0
63,1.0,767.0
r,0.5,767.5
59,0.5,768.0
r,1.0,768.0
r,0.5,768.5
62,0.5,769.0
65,1.0,769.0
r,0.5,769.5
59,0.5,770.0
62,1.0,770.0
r,0.5,770.5
59,0.5,771.0
r,1.0,771.0
r,0.5,771.5
62,0.5,772.0
65,1.0,772.0
r,0.5,772.5
59,0.5,773.0
62,1.0,773.0
r,0.5,773.5
59,0.5,774.0
r,1.0,774.0
r,0.5,774.5
62,0.5,775.0
65,1.0,775.0
r,0.5,775.5
59,0.5,776.0
62,1.0,776.0
r,0.5,776.5
59,0.5,777.0
r,1.0,777.0
r,0.5,777.5
62,0.5,778.0
65,1.0,778.0
r,0.5,778.5
59,0.5,779.0
62,1.0,779.0
r,0.5,779.5
60,0.5,780.0
r,1.0,780.0
r,0.5,780.5
60,0.5,781.0
63,1.0,781.0
r,0.5,781.5
62,0.5,782.0
65,1.0,782.0
58,0.5,782.5
63,0.5,783.0
58,0.5,783.5
67,0.25,784.0
70,0.25,784.0
r,0.25,784.25
58,0.5,784.5
63,0.25,785.0
67,0.25,785.0
r,0.25,785.25
58,0.5,785.5
63,0.5,786.0
58,0.5,786.5
67,0.25,787.0
70,0.25,787.0
r,0.25,787.25
58,0.5,787.5
63,0.25,788.0
67,0.25,788.0
r,0.25,788.25
58,0.5,788.5
63,0.5,789.0
r,1.0,789.0
58,0.5,789.5
67,0.5,790.0
70,1.0,790.0
58,0.5,790.5
63,0.5,791.0
67,1.0,791.0
58,0.5,791.5
62,0.5,792.0
r,1.0,792.0
58,0.5,792.5
65,0.5,793.0
68,1.0,793.0
58,0.5,793.5
62,0.5,794.0
65,1.0,794.0
58,0.5,794.5
62,0.5,795.0
r,1.0,795.0
58,0.5,795.5
65,0.5,796.0
68,1.0,796.0
58,0.5,796.5
62,0.5,797.0
65,1.0,797.0
58,0.5,797.5
62,0.5,798.0
r,1.0,798.0
58,0.5,798.5
65,0.5,799.0
68,1.0,799.0
58,0.5,799.5
62,0.5,800.0
65,1.0,800.0
58,0.5,800.5
62,0.5,801.0
r,1.0,801.0
58,0.5,801.5
65,0.5,802.0
68,1.0,802.0
58,0.5,802.5
62,0.5,803.0
65,1.0,803.0
58,0.5,803.5
63,0.5,804.0
r,1.0,804.0
58,0.5,804.5
63,0.5,805.0
67,1.0,805.0
58,0.5,805.5
63,0.5,806.0
67,1.0,806.0
58,0.5,806.5
63,0.5,807.0
58,0.5,807.5
57,0.5,808.0
58,0.5,808.5
62,0.5,809.0
63,0.5,809.5
65,0.5,810.0
58,0.5,810.5
57,0.5,811.0
58,0.5,811.5
63,0.5,812.0
65,0.5,812.5
67,0.5,813.0
63,0.5,813.5
62,0.5,814.0
63,0.5,814.5
68,0.5,815.0
70,0.5,815.5
72,0.5,816.0
70,0.5,816.5
68,0.5,817.0
67,0.5,817.5
65,0.5,818.0
63,0.5,818.5
r,2.0,819.0
80,0.5,821.0
72,0.5,821.0
70,0.5,821.5
82,0.5,821.5
84,0.25,822.0
68,0.25,822.0
r,0.25,822.25
82,0.5,822.5
80,0.25,823.0
68,0.25,823.0
r,0.25,823.25
79,0.5,823.5
77,0.25,824.0
69,0.25,824.0
r,0.25,824.25
75,0.5,824.5
70,1.0,825.0
74,1.0,825.0
r,2.0,826.0
63,0.5,828.0
51,0.5,828.0
62,0.5,828.5
50,0.5,828.5
48,0.5,829.0
60,0.5,829.0
58,0.5,829.5
46,0.5,829.5
57,0.5,830.0
45,0.5,830.0
r,0.5,830.5
r,2.0,831.0
84,0.5,833.0
72,0.5,833.0
74,0.5,833.5
86,0.5,833.5
75,0.5,834.0
87,0.5,834.0
74,0.5,834.5
86,0.5,834.5
72,0.5,835.0
84,0.5,835.0
82,0.5,835.5
70,0.5,835.5
81,0.5,836.0
69,0.5,836.0
79,0.5,836.5
67,0.5,836.5
78,0.5,837.0
66,0.5,837.0
75,0.5,837.5
63,0.5,837.5
74,0.5,838.0
62,0.5,838.0
72,0.5,838.5
60,0.5,838.5
58,0.5,839.0
70,0.5,839.0
69,0.5,839.5
57,0.5,839.5
67,0.5,840.0
66,0.5,840.5
67,0.5,841.0
69,0.5,841.5
70,0.5,842.0
67,0.5,842.5
65,1.0,843.0
50,1.0,843.0
69,0.5,844.0
66,0.5,844.0
57,0.5,844.5
66,0.5,845.0
62,0.5,845.0
57,0.5,845.5
62,0.5,846.0
57,0.5,846.5
66,0.25,847.0
69,0.25,847.0
r,0.25,847.25
57,0.5,847.5
62,0.25,848.0
66,0.25,848.0
r,0.25,848.25
57,0.5,848.5
62,0.5,849.0
57,0.5,849.5
66,0.25,850.0
69,0.25,850.0
r,0.25,850.25
57,0.5,850.5
62,0.25,851.0
66,0.25,851.0
r,0.25,851.25
57,0.5,851.5
61,0.5,852.0
r,1.0,852.0
57,0.5,852.5
66,0.5,853.0
67,1.0,853.0
57,0.5,853.5
61,0.5,854.0
64,1.0,854.0
57,0.5,854.5
61,0.5,855.0
r,1.0,855.0
57,0.5,855.5
66,0.5,856.0
67,1.0,856.0
57,0.5,856.5
61,0.5,857.0
64,1.0,857.0
57,0.5,857.5
61,0.5,858.0
r,1.0,858.0
57,0.5,858.5
66,0.5,859.0
67,1.0,859.0
57,0.5,859.5
61,0.5,860.0
64,1.0,860.0
57,0.5,860.5
61,0.5,861.0
r,1.0,861.0
57,0.5,861.5
66,0.5,862.0
67,1.0,862.0
57,0.5,862.5
61,0.5,863.0
64,1.0,863.0
57,0.5,863.5
62,0.5,864.0
r,1.0,864.0
57,0.5,864.5
69,0.5,865.0
66,1.0,865.0
62,0.5,865.5
69,0.5,866.0
62,1.0,866.0
66,0.5,866.5
69,0.5,867.0
74,0.5,867.0
62,0.5,867.5
69,0.5,868.0
74,0.5,868.0
62,0.5,868.5
69,0.5,869.0
74,0.5,869.0
62,0.5,869.5
69,0.5,870.0
74,0.5,870.0
62,0.5,870.5
69,0.5,871.0
74,0.5,871.0
62,0.5,871.5
69,0.5,872.0
74,0.5,872.0
62,0.5,872.5
69,0.5,873.0
72,0.5,873.0
62,0.5,873.5
72,0.5,874.0
69,0.5,874.0
62,0.5,874.5
69,0.5,875.0
72,0.5,875.0
62,0.5,875.5
72,0.5,876.0
69,0.5,876.0
62,0.5,876.5
72,0.5,877.0
69,0.5,877.0
62,0.5,877.5
72,0.5,878.0
69,0.5,878.0
62,0.5,878.5
79,1/3,879.0
67,1/3,879.0
r,2/3,2638/3
71,0.5,880.0
83,0.5,880.0
59,0.5,880.0
55,0.5,880.0
62,0.5,880.5
79,0.5,881.0
67,0.5,881.0
59,0.5,881.0
55,0.5,881.0
62,0.5,881.5
59,0.5,882.0
55,0.5,882.0
86,2.0,882.0
74,2.0,882.0
62,0.5,882.5
55,0.5,883.0
59,0.5,883.0
62,0.5,883.5
59,0.5,884.0
55,0.5,884.0
84,0.5,884.0
r,1.0,884.0
62,0.5,884.5
83,0.5,884.5
81,0.5,885.0
62,0.5,885.5
79,0.5,885.5
78,0.5,886.0
62,0.5,886.5
79,0.5,886.5
59,0.5,887.0
55,0.5,887.0
83,0.5,887.0
62,0.5,887.5
79,0.5,887.5
55,0.5,888.0
60,0.5,888.0
78,1.0,888.0
64,0.5,888.5
76,1.0,889.0
r,0.5,889.0
64,0.5,889.5
60,0.5,890.0
55,0.5,890.0
74,0.5,890.0
r,1.0,890.0
64,0.5,890.5
72,0.5,890.5
71,0.5,891.0
64,0.5,891.5
69,0.5,891.5
55,0.5,892.0
60,0.5,892.0
68,0.5,892.0
64,0.5,892.5
69,0.5,892.5
55,0.5,893.0
60,0.5,893.0
72,0.5,893.0
64,0.5,893.5
69,0.5,893.5
55,0.5,894.0
57,0.5,894.0
60,0.5,894.0
66,2.0,894.0
62,0.5,894.5
55,0.5,895.0
60,0.5,895.0
57,0.5,895.0
62,0.25,895.5
70,0.25,895.5
69,0.25,895.75
68,0.25,895.75
55,0.5,896.0
57,0.5,896.0
60,0.5,896.0
69,1.0,896.0
62,0.5,896.5
60,0.25,897.0
57,0.25,897.0
55,0.25,897.0
72,0.25,897.0
r,0.25,897.25
62,0.5,897.5
60,0.25,898.0
57,0.25,898.0
55,0.25,898.0
69,0.25,898.0
r,0.25,898.25
62,0.5,898.5
60,0.25,899.0
57,0.25,899.0
55,0.25,899.0
66,0.25,899.0
r,0.25,899.25
62,0.5,899.5
59,3.0,900.0
55,3.0,900.0
67,0.5,900.0
62,0.5,900.5
61,0.5,901.0
62,0.5,901.5
66,0.5,902.0
67,0.5,902.5
54,3.0,903.0
57,3.0,903.0
69,0.5,903.0
62,0.5,903.5
61,0.5,904.0
62,0.5,904.5
67,0.5,905.0
69,0.5,905.5
55,3.0,906.0
59,3.0,906.0
71,0.5,906.0
67,0.5,906.5
66,0.5,907.0
67,0.5,907.5
69,0.5,908.0
71,0.5,908.5
57,3.0,909.0
60,3.0,909.0
72,0.5,909.0
67,0.5,909.5
66,0.5,910.0
67,0.5,910.5
71,0.5,911.0
72,0.5,911.5
74,1.0,912.0
r,0.5,913.0
59,0.5,913.5
62,0.5,913.5
67,0.5,914.0
71,0.5,914.5
74,0.5,915.0
67,0.5,915.5
71,0.5,916.0
74,0.5,916.5
79,0.5,917.0
71,0.5,917.5
74,0.5,918.0
79,0.5,918.5
83,0.5,919.0
74,0.5,919.5
79,0.5,920.0
83,0.5,920.5
86,0.5,921.0
84,0.5,921.5
83,0.5,922.0
81,0.5,922.5
79,0.5,923.0
77,0.5,923.5
76,1.0,924.0
r,0.5,925.0
64,0.5,925.5
60,0.5,925.5
67,0.5,926.0
72,0.5,926.5
76,0.5,927.0
64,0.5,927.5
67,0.5,928.0
72,0.5,928.5
76,0.5,929.0
67,0.5,929.5
72,0.5,930.0
76,0.5,930.5
79,0.5,931.0
72,0.5,931.5
76,0.5,932.0
79,0.5,932.5
84,0.5,933.0
76,0.5,933.5
79,0.5,934.0
84,0.5,934.5
88,0.5,935.0
86,0.5,935.5
85,1.0,936.0
r,0.5,937.0
61,0.5,937.5
55,0.5,937.5
64,0.5,938.0
67,0.5,938.5
73,0.5,939.0
64,0.5,939.5
67,0.5,940.0
73,0.5,940.5
76,0.5,941.0
67,0.5,941.5
73,0.5,942.0
76,0.5,942.5
79,0.5,943.0
73,0.5,943.5
76,0.5,944.0
79,0.5,944.5
85,0.5,945.0
r,1.0,945.0
88,0.5,945.5
81,0.5,946.0
61,1.0,946.0
64,1.0,946.0
83,0.5,946.5
81,0.5,947.0
64,1.0,947.0
67,1.0,947.0
83,0.5,947.5
62,1.0,948.0
66,0.5,948.0
81,3.0,948.0
78,3.0,948.0
67,0.5,948.5
69,0.5,949.0
r,2.0,949.0
71,0.5,949.5
73,0.5,950.0
74,0.5,950.5
73,0.5,951.0
81,3.0,951.0
79,3.0,951.0
71,0.5,951.5
69,0.5,952.0
67,0.5,952.5
66,0.5,953.0
64,0.5,953.5
62,0.5,954.0
81,3.0,954.0
84,3.0,954.0
60,0.5,954.5
59,0.5,955.0
57,0.5,955.5
r,1.0,956.0
83,1.0,957.0
79,1.0,957.0
r,0.5,957.0
57,0.5,957.5
59,0.5,958.0
79,1.0,958.0
83,1.0,958.0
61,0.5,958.5
62,0.5,959.0
83,1.0,959.0
79,1.0,959.0
64,0.5,959.5
62,1.0,960.0
66,0.5,960.0
81,3.0,960.0
78,3.0,960.0
67,0.5,960.5
69,0.5,961.0
r,2.0,961.0
71,0.5,961.5
73,0.5,962.0
74,0.5,962.5
73,0.5,963.0
81,3.0,963.0
79,3.0,963.0
71,0.5,963.5
69,0.5,964.0
67,0.5,964.5
66,0.5,965.0
64,0.5,965.5
62,0.5,966.0
84,3.0,966.0
81,3.0,966.0
60,0.5,966.5
59,0.5,967.0
57,0.5,967.5
r,1.0,968.0
83,1.0,969.0
79,1.0,969.0
r,0.5,969.0
57,0.5,969.5
59,0.5,970.0
83,1.0,970.0
79,1.0,970.0
61,0.5,970.5
62,0.5,971.0
83,1.0,971.0
79,1.0,971.0
64,0.5,971.5
78,0.5,972.0
81,0.5,972.0
69,3.0,972.0
66,3.0,972.0
62,6.0,972.0
79,0.5,972.5
81,0.5,973.0
83,0.5,973.5
85,0.5,974.0
86,0.5,974.5
85,0.5,975.0
67,3.0,975.0
64,3.0,975.0
83,0.5,975.5
81,0.5,976.0
79,0.5,976.5
78,0.5,977.0
76,0.5,977.5
79,0.5,978.0
73,3.0,978.0
67,3.0,978.0
62,6.0,978.0
81,0.5,978.5
83,0.5,979.0
85,0.5,979.5
86,0.5,980.0
88,0.5,980.5
86,0.5,981.0
66,3.0,981.0
69,3.0,981.0
84,0.5,981.5
83,0.5,982.0
81,0.5,982.5
79,0.5,983.0
78,0.5,983.5
81,0.5,984.0
66,3.0,984.0
62,3.0,984.0
69,3.0,984.0
72,3.0,984.0
84,0.5,984.5
90,0.5,985.0
84,0.5,985.5
93,0.5,986.0
90,0.5,986.5
93,0.5,987.0
63,3.0,987.0
72,3.0,987.0
69,3.0,987.0
66,3.0,987.0
90,0.5,987.5
93,0.5,988.0
90,0.5,988.5
93,0.5,989.0
90,0.5,989.5
93,0.5,990.0
72,2.0,990.0
66,2.0,990.0
62,2.0,990.0
69,2.0,990.0
90,0.5,990.5
86,0.5,991.0
88,0.5,991.5
90,0.5,992.0
60,1.0,992.0
69,1.0,992.0
66,1.0,992.0
86,0.5,992.5
91,0.5,993.0
67,2.0,993.0
62,2.0,993.0
59,2.0,993.0
86,0.5,993.5
91,0.5,994.0
86,0.5,994.5
83,0.5,995.0
r,1.0,995.0
79,0.5,995.5
81,0.5,996.0
72,3.0,996.0
62,3.0,996.0
66,3.0,996.0
69,3.0,996.0
84,0.5,996.5
90,0.5,997.0
84,0.5,997.5
93,0.5,998.0
90,0.5,998.5
93,0.5,999.0
63,3.0,999.0
66,3.0,999.0
72,3.0,999.0
69,3.0,999.0
90,0.5,999.5
93,0.5,1000.0
90,0.5,1000.5
93,0.5,1001.0
90,0.5,1001.5
93,0.5,1002.0
72,2.0,1002.0
66,2.0,1002.0
62,2.0,1002.0
69,2.0,1002.0
90,0.5,1002.5
92,0.5,1002.5
86,0.5,1003.0
88,0.5,1003.5
90,0.5,1004.0
69,1.0,1004.0
60,1.0,1004.0
66,1.0,1004.0
86,0.5,1004.5
91,0.5,1005.0
62,2.0,1005.0
67,2.0,1005.0
59,2.0,1005.0
86,0.5,1005.5
91,0.5,1006.0
86,0.5,1006.5
83,0.5,1007.0
67,1.0,1007.0
62,1.0,1007.0
55,1.0,1007.0
79,0.5,1007.5
88,0.5,1008.0
64,1.0,1008.0
60,1.0,1008.0
67,1.0,1008.0
84,0.5,1008.5
88,0.5,1009.0
r,1.0,1009.0
84,0.5,1009.5
79,0.5,1010.0
64,1.0,1010.0
69,1.0,1010.0
60,1.0,1010.0
76,0.5,1010.5
71,1.0,1011.0
62,1.0,1011.0
67,1.0,1011.0
74,2.0,1011.0
r,1.0,1012.0
66,1.0,1013.0
72,1.0,1013.0
62,1.0,1013.0
81,1/3,1013.0
83,1/3,1013.0
81,0.25,3040/3
83,0.25,3040/3
r,1/6,12163/12
79,0.25,1013.75
81,0.25,1013.75
79,0.5,1014.0
59,0.5,1014.0
55,0.5,1014.0
62,0.5,1014.5
74,0.5,1015.0
86,0.5,1015.0
55,0.5,1015.0
59,0.5,1015.0
62,0.5,1015.5
79,0.25,1016.0
67,0.25,1016.0
r,0.25,1016.25
62,0.5,1016.5
60,0.5,1017.0
55,0.5,1017.0
57,0.5,1017.0
62,0.5,1017.5
84,0.5,1018.0
72,0.5,1018.0
60,0.5,1018.0
55,0.5,1018.0
57,0.5,1018.0
62,0.5,1018.5
66,0.5,1019.0
78,0.5,1019.0
60,0.5,1019.0
57,0.5,1019.0
55,0.5,1019.0
62,0.5,1019.5
r,1.0,1020.0
74,1/3,1021.0
62,1/3,1021.0
r,2/3,3064/3
67,1/3,1022.0
55,1/3,1022.0
r,2/3,3067/3
r,1.0,1023.0
72,1/3,1024.0
60,1/3,1024.0
r,2/3,3073/3
66,1/3,1025.0
54,1/3,1025.0
r,2/3,3076/3
55,0.5,1026.0
59,0.5,1026.0
62,0.5,1026.5
86,0.25,1027.0
74,0.25,1027.0
r,0.25,1027.25
62,0.5,1027.5
59,0.25,1028.0
55,0.25,1028.0
79,0.25,1028.0
67,0.25,1028.0
r,0.25,1028.25
62,0.5,1028.5
57,0.5,1029.0
60,0.5,1029.0
55,0.5,1029.0
62,0.5,1029.5
57,0.25,1030.0
60,0.25,1030.0
55,0.25,1030.0
72,0.25,1030.0
84,0.25,1030.0
r,0.25,1030.25
62,0.5,1030.5
60,0.25,1031.0
55,0.25,1031.0
57,0.25,1031.0
66,0.25,1031.0
78,0.25,1031.0
r,0.25,1031.25
62,0.5,1031.5
r,1.0,1032.0
74,1/3,1033.0
62,1/3,1033.0
r,2/3,3100/3
55,1/3,1034.0
67,1/3,1034.0
r,2/3,3103/3
r,1.0,1035.0
72,1/3,1036.0
60,1/3,1036.0
r,2/3,3109/3
66,1/3,1037.0
54,1/3,1037.0
r,2/3,3112/3
71,0.5,1038.0
67,0.5,1038.0
62,0.5,1038.5
71,0.5,1039.0
67,0.5,1039.0
62,0.5,1039.5
71,0.5,1040.0
67,0.5,1040.0
62,0.5,1040.5
67,0.5,1041.0
71,0.5,1041.0
62,0.5,1041.5
71,0.5,1042.0
67,0.5,1042.0
62,0.5,1042.5
71,0.5,1043.0
67,0.5,1043.0
62,0.5,1043.5
71,0.5,1044.0
67,0.5,1044.0
62,0.5,1044.5
71,0.5,1045.0
67,0.5,1045.0
62,0.5,1045.5
67,0.5,1046.0
71,0.5,1046.0
62,0.5,1046.5
67,0.5,1047.0
72,0.5,1047.0
60,0.5,1047.5
72,0.5,1048.0
67,0.5,1048.0
60,0.5,1048.5
72,0.5,1049.0
67,0.5,1049.0
60,0.5,1049.5
69,0.25,1050.0
r,0.25,1050.25
57,0.5,1050.5
72,0.25,1051.0
r,0.25,1051.25
57,0.5,1051.5
69,0.25,1052.0
r,0.25,1052.25
57,0.5,1052.5
76,2.0,1053.0
r,0.5,1053.0
57,0.5,1053.5
r,0.5,1054.0
57,0.5,1054.5
74,0.5,1055.0
r,1.0,1055.0
57,0.5,1055.5
72,0.5,1055.5
50,0.5,1056.0
57,0.5,1056.0
71,0.5,1056.0
60,0.5,1056.5
69,0.5,1056.5
57,0.5,1057.0
50,0.5,1057.0
72,0.5,1057.0
60,0.5,1057.5
69,0.5,1057.5
57,0.5,1058.0
50,0.5,1058.0
66,0.5,1058.0
60,0.5,1058.5
69,0.5,1058.5
59,0.5,1059.0
55,0.5,1059.0
69,1.0,1059.0
62,0.5,1059.5
59,0.25,1060.0
55,0.25,1060.0
67,0.25,1060.0
r,2.0,1060.0
r,0.25,1060.25
62,0.5,1060.5
55,0.25,1061.0
59,0.25,1061.0
67,0.25,1061.0
r,0.25,1061.25
62,0.5,1061.5
71,0.5,1062.0
74,0.5,1062.0
r,0.75,1062.0
67,0.5,1062.5
57,0.25,1062.75
59,0.5,1063.0
74,0.5,1063.0
71,0.5,1063.0
r,1.75,1063.0
67,0.5,1063.5
71,0.5,1064.0
74,0.5,1064.0
67,0.5,1064.5
61,0.25,1064.75
62,2.0,1065.0
74,0.5,1065.0
71,0.5,1065.0
67,0.5,1065.5
71,0.5,1066.0
74,0.5,1066.0
67,0.5,1066.5
60,0.5,1067.0
71,0.5,1067.0
74,0.5,1067.0
r,1.0,1067.0
59,0.5,1067.5
67,0.5,1067.5
57,0.5,1068.0
71,0.5,1068.0
74,0.5,1068.0
67,0.5,1068.5
71,0.5,1069.0
74,0.5,1069.0
67,0.5,1069.5
59,0.5,1070.0
71,0.5,1070.0
74,0.5,1070.0
67,0.5,1070.5
79,0.5,1071.0
72,0.5,1071.0
r,2.75,1071.0
67,0.5,1071.5
79,0.5,1072.0
72,0.5,1072.0
67,0.5,1072.5
79,0.5,1073.0
72,0.5,1073.0
67,0.5,1073.5
80,0.25,1073.75
81,0.25,1074.0
r,0.75,1074.0
r,0.25,1074.25
57,0.5,1074.5
83,0.25,1074.75
84,0.25,1075.0
r,0.75,1075.0
r,0.25,1075.25
57,0.5,1075.5
80,0.25,1075.75
81,0.25,1076.0
r,0.75,1076.0
r,0.25,1076.25
57,0.5,1076.5
87,0.25,1076.75
88,2.0,1077.0
r,0.5,1077.0
57,0.5,1077.5
r,0.5,1078.0
57,0.5,1078.5
86,0.5,1079.0
r,1.0,1079.0
57,0.5,1079.5
84,0.5,1079.5
50,0.5,1080.0
57,0.5,1080.0
83,0.5,1080.0
60,0.5,1080.5
81,0.5,1080.5
50,0.5,1081.0
57,0.5,1081.0
84,0.5,1081.0
60,0.5,1081.5
81,0.5,1081.5
57,0.5,1082.0
50,0.5,1082.0
78,0.5,1082.0
60,0.5,1082.5
81,0.5,1082.5
79,0.5,1083.0
r,1.0,1083.0
74,0.5,1083.5
83,0.5,1084.0
59,1.0,1084.0
62,1.0,1084.0
79,0.5,1084.5
74,0.5,1085.0
r,1.0,1085.0
71,0.5,1085.5
79,0.5,1086.0
r,1.0,1086.0
74,0.5,1086.5
83,0.5,1087.0
62,1.0,1087.0
59,1.0,1087.0
79,0.5,1087.5
74,0.5,1088.0
r,1.0,1088.0
71,0.5,1088.5
79,0.5,1089.0
r,1.0,1089.0
74,0.5,1089.5
83,0.5,1090.0
62,1.0,1090.0
59,1.0,1090.0
79,0.5,1090.5
74,0.5,1091.0
r,1.0,1091.0
71,0.5,1091.5
78,0.5,1092.0
r,1.0,1092.0
74,0.5,1092.5
81,0.5,1093.0
60,1.0,1093.0
57,1.0,1093.0
78,0.5,1093.5
74,0.5,1094.0
57,1.0,1094.0
54,1.0,1094.0
72,0.5,1094.5
74,0.5,1095.0
r,1.0,1095.0
71,0.5,1095.5
79,0.5,1096.0
59,1.0,1096.0
62,1.0,1096.0
74,0.5,1096.5
71,0.5,1097.0
59,1.0,1097.0
55,1.0,1097.0
67,0.5,1097.5
74,0.5,1098.0
r,1.0,1098.0
71,0.5,1098.5
79,0.5,1099.0
62,1.0,1099.0
59,1.0,1099.0
74,0.5,1099.5
71,0.5,1100.0
r,1.0,1100.0
67,0.5,1100.5
74,0.5,1101.0
r,1.0,1101.0
71,0.5,1101.5
79,0.5,1102.0
62,1.0,1102.0
59,1.0,1102.0
74,0.5,1102.5
71,0.5,1103.0
r,1.0,1103.0
67,0.5,1103.5
72,0.5,1104.0
r,1.0,1104.0
69,0.5,1104.5
74,0.5,1105.0
60,1.0,1105.0
57,1.0,1105.0
72,0.5,1105.5
69,0.5,1106.0
57,1.0,1106.0
50,1.0,1106.0
66,0.5,1106.5
67,1.0,1107.0
r,1.5,1108.0
62,0.5,1109.5
50,0.5,1109.5
67,0.5,1110.0
71,0.5,1110.5
74,0.5,1111.0
79,0.5,1111.5
83,0.5,1112.0
86,0.5,1112.5
91,1.0,1113.0
r,2.0,1114.0
r,3.0,1116.0
r,3.0,1119.0
r,3.0,1122.0
r,3.0,1125.0
67,1.5,1128.0
58,1.5,1128.0
70,1.0,1129.5
67,1.0,1129.5
72,0.5,1130.5
69,0.5,1130.5
70,1.0,1131.0
74,1.0,1131.0
74,0.5,1132.0
70,0.5,1132.0
70,1.0,1132.5
74,1.0,1132.5
70,0.5,1133.5
67,0.5,1133.5
58,1.0,1134.0
67,1.0,1134.0
67,0.5,1135.0
70,0.5,1135.0
69,1.5,1135.5
66,1.5,1135.5
67,1.5,1137.0
58,1.5,1137.0
70,1.0,1138.5
67,1.0,1138.5
69,0.5,1139.5
72,0.5,1139.5
74,1.0,1140.0
70,1.0,1140.0
74,0.5,1141.0
70,0.5,1141.0
74,1.0,1141.5
70,1.0,1141.5
70,0.5,1142.5
62,0.5,1142.5
72,0.5,1143.0
63,0.5,1143.0
75,0.5,1143.5
67,0.5,1143.5
69,0.5,1144.0
60,0.5,1144.0
70,1.5,1144.5
62,1.5,1144.5
70,1.0,1146.0
74,1.0,1146.0
70,0.5,1147.0
62,0.5,1147.0
72,1.0,1147.5
69,1.0,1147.5
74,0.5,1148.5
71,0.5,1148.5
72,1.0,1149.0
75,1.0,1149.0
72,0.5,1150.0
75,0.5,1150.0
75,1.0,1150.5
72,1.0,1150.5
72,0.5,1151.5
69,0.5,1151.5
66,0.5,1152.0
69,0.5,1152.0
72,0.5,1152.5
69,0.5,1152.5
69,0.5,1153.0
66,0.5,1153.0
70,0.5,1153.5
67,0.5,1153.5
67,0.5,1154.0
70,0.5,1154.0
72,0.5,1154.5
69,0.5,1154.5
74,1.0,1155.0
70,1.0,1155.0
70,0.5,1156.0
62,0.5,1156.0
72,1.0,1156.5
69,1.0,1156.5
71,0.5,1157.5
74,0.5,1157.5
75,1.0,1158.0
72,1.0,1158.0
75,0.5,1159.0
72,0.5,1159.0
75,1.0,1159.5
72,1.0,1159.5
72,0.5,1160.5
69,0.5,1160.5
69,0.5,1161.0
66,0.5,1161.0
69,0.5,1161.5
72,0.5,1161.5
66,0.5,1162.0
69,0.5,1162.0
58,1.5,1162.5
67,1.5,1162.5
r,1.5,1164.0
55,1.5,1165.5
58,1.5,1165.5
53,1.5,1167.0
62,1.5,1167.0
58,1.5,1167.0
46,1.5,1167.0
56,1.5,1167.0
58,0.5,1168.5
63,0.5,1168.5
55,0.5,1168.5
58,0.25,1169.0
r,1.25,1169.25
58,0.5,1170.5
67,0.5,1170.5
67,0.5,1171.0
67,0.5,1171.5
58,0.5,1172.0
70,0.5,1172.0
70,0.5,1172.5
70,0.25,1173.0
75,0.5,1173.0
r,0.25,1173.25
58,0.5,1173.5
74,0.5,1173.5
r,3.0,1173.5
72,0.5,1174.0
70,0.5,1174.5
58,0.5,1175.0
68,0.5,1175.0
67,0.5,1175.5
70,1.0,1176.0
58,0.25,1176.5
r,0.75,1176.75
68,0.5,1177.0
65,0.25,1177.5
77,0.5,1177.5
r,0.25,1177.75
58,0.5,1178.0
75,0.5,1178.0
r,3.0,1178.0
74,0.5,1178.5
72,0.5,1179.0
58,0.5,1179.5
70,0.5,1179.5
68,0.5,1180.0
66,1.0,1180.5
58,0.25,1181.0
r,0.75,1181.25
67,0.5,1181.5
65,1.0,1182.0
68,0.25,1183.0
67,0.25,1183.25
65,0.25,1183.5
67,0.25,1183.75
68,0.25,1184.0
70,0.25,1184.25
72,0.25,1184.5
70,0.25,1184.75
70,0.25,1185.0
72,0.25,1185.0
70,0.25,1185.0
72,0.25,1185.0
70,0.25,1185.25
72,0.25,1185.25
69,0.25,1185.25
70,0.25,1185.25
75,0.5,1185.5
58,0.5,1186.0
67,0.5,1186.0
77,1.0,1186.5
r,0.25,1186.5
58,0.25,1186.75
62,0.25,1187.0
65,0.25,1187.25
62,0.25,1187.5
80,0.25,1187.5
r,2.75,1187.5
58,0.25,1187.75
79,0.25,1187.75
77,0.25,1188.0
58,0.25,1188.25
79,0.25,1188.25
62,0.25,1188.5
80,0.25,1188.5
65,0.25,1188.75
82,0.25,1188.75
62,0.25,1189.0
84,0.25,1189.0
58,0.25,1189.25
82,0.25,1189.25
82,0.25,1189.5
84,0.25,1189.5
82,0.25,1189.5
84,0.25,1189.5
58,0.25,1189.75
82,0.25,1189.75
84,0.25,1189.75
81,0.25,1189.75
82,0.25,1189.75
63,0.5,1190.0
87,0.5,1190.0
67,0.25,1190.25
63,0.5,1190.5
79,0.5,1190.5
r,0.25,1190.5
58,0.25,1190.75
77,0.5,1191.0
r,0.25,1191.0
60,0.25,1191.25
65,0.5,1191.5
80,0.5,1191.5
r,0.25,1191.5
68,0.25,1191.75
65,0.5,1192.0
84,0.5,1192.0
r,0.25,1192.0
60,0.25,1192.25
58,0.5,1192.5
74,0.5,1192.5
r,0.25,1192.5
62,0.25,1192.75
65,0.5,1193.0
77,0.5,1193.0
r,0.25,1193.0
68,0.25,1193.25
65,0.5,1193.5
82,0.5,1193.5
r,0.25,1193.5
62,0.25,1193.75
60,0.25,1194.0
80,1.0,1194.0
59,0.25,1194.25
60,0.25,1194.5
62,0.25,1194.75
63,0.5,1195.0
79,0.5,1195.0
r,0.25,1195.0
60,0.25,1195.25
65,0.5,1195.5
r,2.25,1195.5
68,0.5,1196.0
60,0.5,1196.5
72,0.5,1196.5
63,0.5,1197.0
67,0.5,1197.5
58,0.25,1197.75
70,0.5,1198.0
r,2.0,1198.0
r,0.5,1198.5
58,0.5,1199.0
62,0.5,1199.5
r,2.0,1200.0
r,3.0,1200.0
75,0.5,1202.0
63,0.5,1202.0
72,0.5,1202.0
75,0.5,1202.5
72,0.5,1202.5
63,0.5,1202.5
75,1.0,1203.0
72,1.0,1203.0
63,1.5,1203.0
69,0.5,1204.0
72,0.5,1204.0
70,1.5,1204.5
63,1.5,1204.5
r,1.5,1204.5
63,1.5,1206.0
58,1.5,1206.0
67,1.0,1206.0
70,0.5,1207.0
70,0.5,1207.5
62,1.5,1207.5
68,0.5,1208.0
67,0.25,1208.5
70,0.25,1208.5
68,0.25,1208.75
58,1.5,1209.0
67,1.5,1209.0
63,1.5,1209.0
63,0.25,1210.5
65,0.25,1210.5
63,0.25,1210.75
62,0.25,1210.75
63,0.25,1211.0
65,0.25,1211.0
r,1/12,1211.25
67,0.25,3634/3
68,0.25,3634/3
70,0.25,3634/3
r,1/12,14539/12
72,0.25,3635/3
74,0.25,3635/3
75,0.25,3635/3
r,1/12,14543/12
77,0.25,1212.0
75,0.25,1212.25
74,0.25,1212.5
72,0.25,1212.75
75,0.25,1213.0
72,0.25,1213.25
70,1.5,1213.5
58,1.0,1215.0
67,1.0,1215.0
70,0.5,1216.0
61,0.5,1216.0
60,0.75,1216.5
67,0.75,1216.5
70,0.25,1217.25
60,0.25,1217.5
69,0.25,1217.5
67,0.25,1217.75
66,1.5,1218.0
63,1.5,1218.0
r,2.0,1218.0
66,1.0,1219.5
69,1.0,1219.5
62,0.5,1220.0
62,0.5,1220.5
70,0.5,1220.5
67,0.5,1220.5
r,2.0,1220.5
69,0.25,1221.0
72,0.25,1221.0
75,0.25,1221.25
74,0.25,1221.5
72,0.25,1221.75
70,0.25,1222.0
69,0.25,1222.25
67,1.5,1222.5
58,1.5,1222.5
70,1.0,1224.0
67,1.0,1224.0
72,0.5,1225.0
69,0.5,1225.0
70,1.0,1225.5
74,1.0,1225.5
74,0.5,1226.5
70,0.5,1226.5
70,1.0,1227.0
74,1.0,1227.0
70,0.5,1228.0
67,0.5,1228.0
58,1.0,1228.5
67,1.0,1228.5
67,0.5,1229.5
70,0.5,1229.5
69,1.5,1230.0
66,1.5,1230.0
67,1.5,1231.5
58,1.5,1231.5
70,1.0,1233.0
67,1.0,1233.0
69,0.5,1234.0
72,0.5,1234.0
74,1.0,1234.5
70,1.0,1234.5
74,0.5,1235.5
70,0.5,1235.5
74,1.0,1236.0
70,1.0,1236.0
70,0.5,1237.0
62,0.5,1237.0
72,0.5,1237.5
63,0.5,1237.5
75,0.5,1238.0
67,0.5,1238.0
69,0.5,1238.5
60,0.5,1238.5
70,1.5,1239.0
62,1.5,1239.0
70,1.0,1240.5
74,1.0,1240.5
70,0.5,1241.5
62,0.5,1241.5
72,1.0,1242.0
69,1.0,1242.0
74,0.5,1243.0
71,0.5,1243.0
72,1.0,1243.5
75,1.0,1243.5
72,0.5,1244.5
75,0.5,1244.5
75,1.0,1245.0
72,1.0,1245.0
72,0.5,1246.0
69,0.5,1246.0
66,0.5,1246.5
69,0.5,1246.5
72,0.5,1247.0
69,0.5,1247.0
69,0.5,1247.5
66,0.5,1247.5
70,0.5,1248.0
67,0.5,1248.0
67,0.5,1248.5
70,0.5,1248.5
72,0.5,1249.0
69,0.5,1249.0
74,1.0,1249.5
70,1.0,1249.5
70,0.5,1250.5
62,0.5,1250.5
72,1.0,1251.0
69,1.0,1251.0
71,0.5,1252.0
74,0.5,1252.0
75,1.0,1252.5
72,1.0,1252.5
75,0.5,1253.5
72,0.5,1253.5
75,1.0,1254.0
72,1.0,1254.0
69,0.5,1255.0
72,0.5,1255.0
69,0.5,1255.5
66,0.5,1255.5
72,0.5,1256.0
69,0.5,1256.0
69,0.5,1256.5
66,0.5,1256.5
67,1.5,1257.0
58,1.5,1257.0
67,1.5,1258.5
79,1.5,1258.5
r,0.25,1258.5
58,0.25,1258.75
62,0.25,1259.0
58,0.25,1259.25
r,0.75,1259.5
70,1.0,1260.0
82,1.0,1260.0
58,0.25,1260.25
62,0.25,1260.5
58,0.25,1260.75
84,0.5,1261.0
72,0.5,1261.0
r,0.75,1261.0
86,1.0,1261.5
74,1.0,1261.5
58,0.25,1261.75
62,0.25,1262.0
58,0.25,1262.25
86,0.5,1262.5
74,0.5,1262.5
r,0.5,1262.5
86,1.0,1263.0
74,1.0,1263.0
r,0.25,1263.0
58,0.25,1263.25
62,0.25,1263.5
58,0.25,1263.75
70,0.5,1264.0
82,0.5,1264.0
r,0.75,1264.0
67,1.0,1264.5
79,1.0,1264.5
58,0.25,1264.75
62,0.25,1265.0
58,0.25,1265.25
82,0.5,1265.5
70,0.5,1265.5
r,0.75,1265.5
81,1.5,1266.0
69,1.5,1266.0
57,0.25,1266.25
62,0.25,1266.5
57,0.25,1266.75
r,0.5,1267.0
84,1.0,1267.5
72,1.0,1267.5
r,0.25,1267.5
57,0.25,1267.75
62,0.25,1268.0
57,0.25,1268.25
69,0.5,1268.5
81,0.5,1268.5
r,0.75,1268.5
78,1.0,1269.0
66,1.0,1269.0
57,0.25,1269.25
62,0.25,1269.5
57,0.25,1269.75
81,0.5,1270.0
69,0.5,1270.0
r,1.0,1270.0
79,1.5,1270.5
67,1.5,1270.5
58,0.25,1271.0
r,0.75,1271.25
48,1/3,1272.0
57,1/3,1272.0
72,1/3,1272.0
63,1/3,1272.0
r,2/3,3817/3
48,0.25,1273.0
60,0.25,1273.0
69,0.25,1273.0
63,0.25,1273.0
r,1.75,1273.25
57,1/3,1275.0
50,1/3,1275.0
66,1/3,1275.0
60,1/3,1275.0
r,2/3,3826/3
60,0.25,1276.0
50,0.25,1276.0
69,0.25,1276.0
66,0.25,1276.0
r,0.25,1276.25
50,1.0,1276.5
62,1.0,1276.5
66,1.0,1276.5
60,1.0,1276.5
57,1.0,1276.5
r,0.5,1277.5
62,1.0,1278.0
67,1.0,1278.0
58,1.0,1278.0
r,2.0,1279.0
r,4.5,1281.0
r,4.5,1285.5
59,1.0,1290.0
55,1.0,1290.0
71,0.5,1290.0
72,0.25,1290.5
71,0.25,1290.75
54,1.0,1291.0
57,1.0,1291.0
74,0.5,1291.0
76,0.25,1291.5
74,0.25,1291.75
67,0.5,1292.0
69,0.25,1292.5
67,0.25,1292.75
71,1.0,1293.0
64,0.5,1294.0
66,0.25,1294.5
64,0.25,1294.75
67,0.5,1295.0
69,0.25,1295.5
67,0.25,1295.75
69,0.5,1296.0
71,0.25,1296.5
69,0.25,1296.75
71,1.0,1297.0
59,1.0,1298.0
55,1.0,1298.0
71,0.5,1298.0
72,0.25,1298.5
71,0.25,1298.75
57,1.0,1299.0
54,1.0,1299.0
74,0.5,1299.0
76,0.25,1299.5
74,0.25,1299.75
61,1.0,1300.0
52,1.0,1300.0
79,0.5,1300.0
81,0.25,1300.5
79,0.25,1300.75
62,1.0,1301.0
50,1.0,1301.0
78,1.0,1301.0
r,1.0,1301.0
59,1.0,1302.0
55,1.0,1302.0
76,0.5,1302.0
78,0.25,1302.5
76,0.25,1302.75
57,1.0,1303.0
64,1.0,1303.0
73,0.25,1303.0
74,0.25,1303.0
73,0.25,1303.25
74,0.25,1303.25
71,0.25,1303.5
73,0.25,1303.75
62,0.5,1304.0
50,0.5,1304.0
74,0.5,1304.0
r,1.5,1304.5
59,1.0,1306.0
55,1.0,1306.0
71,0.5,1306.0
72,0.25,1306.5
71,0.25,1306.75
54,1.0,1307.0
57,1.0,1307.0
74,0.5,1307.0
76,0.25,1307.5
74,0.25,1307.75
67,0.5,1308.0
69,0.25,1308.5
67,0.25,1308.75
71,1.0,1309.0
64,0.5,1310.0
66,0.25,1310.5
64,0.25,1310.75
67,0.5,1311.0
69,0.25,1311.5
67,0.25,1311.75
69,0.5,1312.0
71,0.25,1312.5
69,0.25,1312.75
71,1.0,1313.0
59,1.0,1314.0
55,1.0,1314.0
71,0.5,1314.0
72,0.25,1314.5
71,0.25,1314.75
57,1.0,1315.0
54,1.0,1315.0
74,0.5,1315.0
76,0.25,1315.5
74,0.25,1315.75
61,1.0,1316.0
52,1.0,1316.0
79,0.5,1316.0
81,0.25,1316.5
79,0.25,1316.75
62,1.0,1317.0
50,1.0,1317.0
78,1.0,1317.0
r,1.0,1317.0
59,1.0,1318.0
55,1.0,1318.0
76,0.5,1318.0
78,0.25,1318.5
76,0.25,1318.75
57,1.0,1319.0
64,1.0,1319.0
73,0.25,1319.0
74,0.25,1319.0
73,0.25,1319.25
74,0.25,1319.25
71,0.25,1319.5
73,0.25,1319.75
62,0.5,1320.0
50,0.5,1320.0
74,0.5,1320.0
r,1.5,1320.5
r,0.75,1322.0
74,0.25,1322.75
50,0.25,1322.75
47,0.25,1323.0
71,0.25,1323.0
r,0.75,1323.25
r,1.0,1324.0
62,1.0,1325.0
38,1.0,1325.0
r,0.5,1326.0
38,0.25,1326.5
62,0.25,1326.5
r,1.25,1326.75
r,2.0,1328.0
74,0.5,1330.0
r,1.0,1330.0
76,0.25,1330.5
74,0.25,1330.75
71,0.5,1331.0
67,1.0,1331.0
73,0.5,1331.5
74,1.0,1332.0
66,1.0,1332.0
71,1.0,1333.0
65,1.0,1333.0
64,1.0,1334.0
74,0.5,1334.0
72,0.5,1334.5
60,1.0,1335.0
69,0.25,1335.0
r,0.25,1335.25
66,0.25,1335.5
r,0.25,1335.75
67,0.5,1336.0
59,0.5,1336.0
r,1.5,1336.5
r,0.75,1338.0
74,0.25,1338.75
50,0.25,1338.75
47,0.25,1339.0
71,0.25,1339.0
r,0.75,1339.25
r,1.0,1340.0
62,1.0,1341.0
38,1.0,1341.0
r,0.5,1342.0
38,0.25,1342.5
62,0.25,1342.5
r,1.25,1342.75
r,2.0,1344.0
74,0.5,1346.0
r,1.0,1346.0
76,0.25,1346.5
74,0.25,1346.75
71,0.5,1347.0
67,1.0,1347.0
73,0.5,1347.5
74,1.0,1348.0
66,1.0,1348.0
71,1.0,1349.0
65,1.0,1349.0
64,1.0,1350.0
74,0.5,1350.0
72,0.5,1350.5
60,1.0,1351.0
69,0.25,1351.0
r,0.25,1351.25
66,0.25,1351.5
r,0.25,1351.75
67,0.5,1352.0
43,0.5,1352.0
59,0.5,1352.0
r,1.0,1352.5
57,0.25,1353.5
r,0.25,1353.75
59,0.5,1354.0
r,0.25,1354.0
59,0.25,1354.25
60,0.25,1354.5
r,0.75,1354.5
59,0.25,1354.75
59,0.25,1354.75
71,0.5,1355.0
59,0.25,1355.25
72,0.25,1355.5
r,0.5,1355.5
71,0.25,1355.75
59,0.25,1355.75
64,0.5,1356.0
r,0.25,1356.0
59,0.25,1356.25
66,0.25,1356.5
r,0.75,1356.5
64,0.25,1356.75
59,0.25,1356.75
79,1.0,1357.0
59,0.25,1357.25
54,0.25,1357.5
57,0.25,1357.5
52,0.25,1357.5
59,0.25,1357.75
78,0.5,1358.0
r,0.25,1358.0
59,0.25,1358.25
81,0.5,1358.5
r,0.25,1358.5
59,0.25,1358.75
78,0.5,1359.0
r,0.25,1359.0
59,0.25,1359.25
75,0.5,1359.5
r,0.25,1359.5
59,0.25,1359.75
76,1.0,1360.0
72,0.25,1360.0
60,0.25,1360.0
71,0.25,1360.25
59,0.25,1360.25
69,0.25,1360.5
57,0.25,1360.5
55,0.25,1360.75
67,0.25,1360.75
71,0.25,1361.0
66,0.25,1361.0
54,0.25,1361.0
r,0.75,1361.0
r,0.25,1361.25
71,0.5,1361.5
52,0.25,1361.75
64,0.25,1361.75
51,0.25,1362.0
63,0.25,1362.0
52,0.25,1362.25
64,0.25,1362.25
r,0.25,1362.5
62,0.25,1362.75
50,0.25,1362.75
r,0.5,1363.0
66,0.25,1363.5
47,0.25,1363.5
62,0.25,1363.5
59,0.25,1363.5
r,0.25,1363.75
47,0.25,1364.0
67,0.25,1364.0
64,0.25,1364.0
59,0.25,1364.0
r,0.75,1364.25
47,0.25,1365.0
67,0.25,1365.0
64,0.25,1365.0
59,0.25,1365.0
r,0.25,1365.25
67,0.25,1365.5
64,0.25,1365.5
47,0.25,1365.5
59,0.25,1365.5
r,0.25,1365.75
63,0.5,1366.0
66,0.5,1366.0
59,0.5,1366.0
47,0.5,1366.0
r,0.5,1366.5
59,0.5,1367.0
60,0.25,1367.5
59,0.25,1367.75
71,0.5,1368.0
72,0.25,1368.5
71,0.25,1368.75
83,1.0,1369.0
r,1.0,1370.0
57,0.5,1371.0
59,0.25,1371.5
57,0.25,1371.75
72,0.5,1372.0
74,0.25,1372.5
72,0.25,1372.75
84,1.0,1373.0
r,2.0,1374.0
72,0.5,1376.0
74,0.25,1376.5
72,0.25,1376.75
81,0.5,1377.0
83,0.25,1377.5
81,0.25,1377.75
72,0.5,1378.0
74,0.25,1378.5
72,0.25,1378.75
81,0.5,1379.0
83,0.25,1379.5
81,0.25,1379.75
72,0.5,1380.0
74,0.25,1380.5
72,0.25,1380.75
78,0.5,1381.0
79,0.25,1381.5
78,0.25,1381.75
72,0.5,1382.0
74,0.25,1382.5
72,0.25,1382.75
74,0.5,1383.0
76,0.25,1383.5
74,0.25,1383.75
73,0.5,1384.0
74,0.25,1384.5
73,0.25,1384.75
74,0.5,1385.0
76,0.25,1385.5
74,0.25,1385.75
72,0.5,1386.0
74,0.25,1386.5
72,0.25,1386.75
74,0.5,1387.0
76,0.25,1387.5
74,0.25,1387.75
71,0.5,1388.0
r,1/3,1388.0
59,1/3,4165/3
72,1/3,4165/3
r,1/6,1388.5
62,0.25,4166/3
71,0.25,4166/3
r,2/3,4166/3
r,1/12,16667/12
74,0.5,1389.0
57,1/3,4168/3
76,1/3,4168/3
r,1/6,1389.5
62,0.25,4169/3
74,0.25,4169/3
r,1/3,4169/3
r,1/12,16679/12
67,0.5,1390.0
r,0.75,1390.0
69,1/3,1390.5
59,1/3,1390.5
67,0.25,1390.75
r,1/6,8345/6
71,1.0,1391.0
r,2/3,1391.0
59,1/3,4175/3
64,0.5,1392.0
66,0.25,1392.5
64,0.25,1392.75
67,0.5,1393.0
69,0.25,1393.5
67,0.25,1393.75
69,0.5,1394.0
71,0.25,1394.5
69,0.25,1394.75
71,1.0,1395.0
71,0.5,1396.0
r,1/3,1396.0
59,1/3,4189/3
72,1/3,4189/3
r,1/6,1396.5
62,0.25,4190/3
71,0.25,4190/3
r,2/3,4190/3
r,1/12,16763/12
74,0.5,1397.0
57,1/3,4192/3
76,1/3,4192/3
r,1/6,1397.5
62,0.25,4193/3
74,0.25,4193/3
r,1/3,4193/3
r,1/12,16775/12
79,0.5,1398.0
r,1/3,1398.0
57,1/3,4195/3
81,1/3,4195/3
r,1/6,1398.5
61,0.25,4196/3
79,0.25,4196/3
r,2/3,4196/3
r,1/12,16787/12
78,1.0,1399.0
57,1/3,4198/3
62,1/3,4199/3
76,0.5,1400.0
r,1/3,1400.0
59,1/3,4201/3
78,1/3,4201/3
r,1/6,1400.5
64,0.25,4202/3
76,0.25,4202/3
r,2/3,4202/3
r,1/12,16811/12
73,0.25,1401.0
57,0.25,1401.0
74,0.25,1401.0
73,0.25,1401.25
74,0.25,1401.25
64,1/3,4204/3
74,1/3,4204/3
71,1/3,4204/3
r,1/6,1401.5
67,0.25,4205/3
73,0.25,4205/3
r,1/3,4205/3
r,1/12,16823/12
74,1/3,1402.0
62,1/3,1402.0
69,1/3,4207/3
66,1/3,4208/3
62,1/3,1403.0
57,1/3,4210/3
r,1/3,4211/3
r,0.75,1404.0
74,0.25,1404.75
50,0.25,1404.75
47,0.25,1405.0
71,0.25,1405.0
r,0.75,1405.25
r,1.0,1406.0
62,1.0,1407.0
38,1.0,1407.0
r,0.5,1408.0
38,0.25,1408.5
62,0.25,1408.5
r,1.25,1408.75
r,2.0,1410.0
74,0.5,1412.0
r,0.75,1412.0
76,1/3,1412.5
57,1/3,1412.5
74,0.25,1412.75
r,1/6,8477/6
71,0.25,1413.0
r,2/3,1413.0
r,0.25,1413.25
73,0.25,1413.5
57,1/3,4241/3
r,0.25,1413.75
74,1.0,1414.0
r,2/3,1414.0
57,1/3,4244/3
71,1.0,1415.0
r,1.0,1415.0
74,0.5,1416.0
r,5/3,1416.0
72,0.5,1416.5
69,0.25,1417.0
r,0.25,1417.25
66,0.25,1417.5
57,1/3,4253/3
r,0.25,1417.75
67,1.0,1418.0
r,1.0,1419.0
r,1.75,1420.0
65,0.25,1421.75
53,0.25,1421.75
67,0.25,1422.0
r,0.25,1422.25
64,0.25,1422.5
r,0.25,1422.75
72,0.25,1423.0
r,0.25,1423.25
67,0.25,1423.5
r,0.25,1423.75
76,0.25,1424.0
r,1.5,1424.0
r,0.25,1424.25
72,0.25,1424.5
r,0.25,1424.75
79,0.25,1425.0
r,0.25,1425.25
52,0.5,1425.5
48,0.5,1425.5
55,0.5,1425.5
60,0.5,1425.5
76,0.25,1425.5
r,0.25,1425.75
81,1.25,1426.0
69,1.25,1426.0
57,1.25,1426.0
53,1.25,1426.0
60,1.25,1426.0
60,0.25,1427.25
48,0.25,1427.25
62,0.25,1427.5
50,0.25,1427.5
r,0.25,1427.75
r,0.25,1428.0
60,0.25,1428.25
48,0.25,1428.25
50,0.25,1428.5
62,0.25,1428.5
52,0.25,1428.75
64,0.25,1428.75
r,0.5,1429.0
69,0.25,1429.5
57,0.25,1429.5
70,0.25,1429.75
58,0.25,1429.75
57,0.5,1430.0
60,0.5,1430.0
53,0.5,1430.0
72,0.25,1430.0
r,0.25,1430.25
60,0.5,1430.5
65,0.5,1430.5
57,0.5,1430.5
53,0.5,1430.5
69,0.25,1430.5
r,0.25,1430.75
57,0.5,1431.0
60,0.5,1431.0
65,0.5,1431.0
53,0.5,1431.0
77,0.25,1431.0
r,0.25,1431.25
65,0.5,1431.5
57,0.5,1431.5
60,0.5,1431.5
53,0.5,1431.5
72,0.25,1431.5
r,0.25,1431.75
57,0.5,1432.0
60,0.5,1432.0
65,0.5,1432.0
53,0.5,1432.0
81,0.25,1432.0
r,0.25,1432.25
60,0.5,1432.5
65,0.5,1432.5
57,0.5,1432.5
53,0.5,1432.5
77,0.25,1432.5
r,0.25,1432.75
62,0.5,1433.0
59,0.5,1433.0
55,0.5,1433.0
89,0.25,1433.0
r,0.25,1433.25
59,0.5,1433.5
62,0.5,1433.5
55,0.5,1433.5
83,0.25,1433.5
r,0.25,1433.75
84,1.25,1434.0
72,1.25,1434.0
48,1.25,1434.0
60,1.25,1434.0
r,0.5,1435.25
47,0.25,1435.75
59,0.25,1435.75
60,0.25,1436.0
48,0.25,1436.0
r,0.25,1436.25
45,0.25,1436.5
57,0.25,1436.5
47,0.25,1436.75
59,0.25,1436.75
r,0.25,1437.0
62,0.25,1437.25
50,0.25,1437.25
52,0.25,1437.5
64,0.25,1437.5
65,0.25,1437.75
53,0.25,1437.75
67,0.25,1438.0
64,0.25,1438.25
60,0.25,1438.5
67,0.25,1438.75
72,0.25,1439.0
67,0.25,1439.25
64,0.25,1439.5
72,0.25,1439.75
76,0.25,1440.0
r,0.75,1440.0
72,0.25,1440.25
67,0.5,1440.5
60,0.5,1440.5
55,0.5,1440.5
52,0.5,1440.5
48,0.5,1440.5
76,0.25,1440.75
79,0.25,1441.0
r,1.0,1441.0
76,0.25,1441.25
72,0.25,1441.5
79,0.25,1441.75
69,1.25,1442.0
53,1.25,1442.0
72,1.25,1442.0
77,1.25,1442.0
81,1.25,1442.0
57,1.25,1442.0
60,1.25,1442.0
60,0.25,1443.25
48,0.25,1443.25
r,0.5,1443.5
65,0.25,1444.0
53,0.25,1444.0
48,0.25,1444.25
60,0.25,1444.25
62,0.25,1444.5
50,0.25,1444.5
52,0.25,1444.75
64,0.25,1444.75
65,0.25,1445.0
53,0.25,1445.0
r,0.25,1445.25
69,0.25,1445.5
57,0.25,1445.5
70,0.25,1445.75
58,0.25,1445.75
72,0.5,1446.0
57,0.5,1446.0
60,0.5,1446.0
53,0.5,1446.0
r,0.25,1446.0
69,0.25,1446.25
65,0.5,1446.5
53,0.5,1446.5
60,0.5,1446.5
57,0.5,1446.5
r,0.25,1446.5
72,0.25,1446.75
77,0.5,1447.0
60,0.5,1447.0
53,0.5,1447.0
57,0.5,1447.0
r,0.25,1447.0
72,0.25,1447.25
69,0.5,1447.5
57,0.5,1447.5
60,0.5,1447.5
53,0.5,1447.5
r,0.25,1447.5
77,0.25,1447.75
81,0.5,1448.0
57,0.5,1448.0
65,0.5,1448.0
60,0.5,1448.0
53,0.5,1448.0
r,0.25,1448.0
77,0.25,1448.25
72,0.25,1448.5
r,0.75,1448.5
81,0.25,1448.75
77,0.5,1449.0
55,0.5,1449.0
62,0.5,1449.0
59,0.5,1449.0
89,0.25,1449.25
86,0.5,1449.5
62,0.5,1449.5
59,0.5,1449.5
55,0.5,1449.5
r,0.25,1449.5
83,0.25,1449.75
84,0.5,1450.0
48,0.5,1450.0
60,0.5,1450.0
r,1.5,1450.5
76,1/3,1452.0
60,1/3,1452.0
64,1/3,4357/3
77,1/3,4357/3
67,0.25,4358/3
76,0.25,4358/3
r,1/12,17435/12
79,1/3,1453.0
59,1/3,1453.0
62,1/3,4360/3
81,1/3,4360/3
67,0.25,4361/3
79,0.25,4361/3
r,1/12,17447/12
76,1/3,1454.0
60,1/3,1454.0
64,1/3,4363/3
77,1/3,4363/3
67,0.25,4364/3
76,0.25,4364/3
r,1/12,17459/12
79,1/3,1455.0
59,1/3,1455.0
62,1/3,4366/3
81,1/3,4366/3
67,0.25,4367/3
79,0.25,4367/3
r,1/12,17471/12
72,1/3,1456.0
57,1/3,1456.0
r,4/3,1456.0
60,1/3,4369/3
74,1/3,4369/3
64,0.25,4370/3
72,0.25,4370/3
r,1/12,17483/12
76,0.5,1457.0
59,1/3,4372/3
77,1/3,4372/3
r,1/6,1457.5
64,0.25,4373/3
76,0.25,4373/3
r,1/3,4373/3
r,1/12,17495/12
72,1/3,1458.0
57,1/3,1458.0
r,4/3,1458.0
60,1/3,4375/3
74,1/3,4375/3
64,0.25,4376/3
72,0.25,4376/3
r,1/12,17507/12
76,0.5,1459.0
59,1/3,4378/3
77,1/3,4378/3
r,1/6,1459.5
64,0.25,4379/3
76,0.25,4379/3
r,1/3,4379/3
r,1/12,17519/12
57,0.5,1460.0
72,0.5,1460.0
r,1/3,1460.0
60,1/3,4381/3
74,1/3,4381/3
r,1/6,1460.5
64,0.25,4382/3
72,0.25,4382/3
r,2/3,4382/3
r,1/12,17531/12
74,0.5,1461.0
57,1/3,4384/3
76,1/3,4384/3
r,1/6,1461.5
62,0.25,4385/3
74,0.25,4385/3
r,1/3,4385/3
r,1/12,17543/12
71,0.5,1462.0
r,0.25,1462.0
59,0.25,1462.25
72,0.25,1462.5
62,0.25,1462.5
r,0.75,1462.5
71,0.25,1462.75
59,0.25,1462.75
74,0.5,1463.0
57,0.25,1463.25
76,0.25,1463.5
62,0.25,1463.5
r,0.5,1463.5
74,0.25,1463.75
57,0.25,1463.75
67,0.5,1464.0
r,1.5,1464.0
69,0.25,1464.5
59,0.25,1464.5
67,0.25,1464.75
71,1.0,1465.0
59,0.25,1465.5
r,0.25,1465.75
64,0.5,1466.0
66,0.25,1466.5
64,0.25,1466.75
67,0.5,1467.0
69,0.25,1467.5
67,0.25,1467.75
69,0.5,1468.0
71,0.25,1468.5
69,0.25,1468.75
71,1.0,1469.0
71,0.5,1470.0
r,0.25,1470.0
62,0.25,1470.25
59,0.25,1470.5
72,0.25,1470.5
r,0.75,1470.5
62,0.25,1470.75
71,0.25,1470.75
74,0.5,1471.0
62,0.25,1471.25
57,0.25,1471.5
76,0.25,1471.5
r,0.5,1471.5
62,0.25,1471.75
74,0.25,1471.75
79,0.5,1472.0
r,0.25,1472.0
61,0.25,1472.25
57,0.25,1472.5
81,0.25,1472.5
r,0.75,1472.5
61,0.25,1472.75
79,0.25,1472.75
78,1.0,1473.0
62,0.25,1473.25
57,0.25,1473.5
62,0.25,1473.75
76,0.5,1474.0
r,0.25,1474.0
64,0.25,1474.25
59,0.25,1474.5
78,0.25,1474.5
r,0.75,1474.5
64,0.25,1474.75
76,0.25,1474.75
74,0.25,1474.75
57,0.5,1475.0
73,0.5,1475.0
67,0.25,1475.25
64,0.25,1475.5
71,0.25,1475.5
r,0.5,1475.5
67,0.25,1475.75
73,0.25,1475.75
74,0.5,1476.0
57,0.25,1476.5
62,0.25,1476.75
61,0.25,1477.0
62,0.25,1477.25
60,0.25,1477.5
57,0.25,1477.75
r,0.25,1478.0
r,0.5,1478.0
62,1/3,1478.25
71,1/3,1478.25
59,1/3,1478.5
83,1/3,1478.5
r,1/6,17743/12
62,0.25,1478.75
r,2/3,8873/6
r,0.25,1479.0
62,1/3,1479.25
74,1/3,1479.25
57,1/3,1479.5
86,1/3,1479.5
r,1/6,17755/12
62,0.25,1479.75
r,1/6,8879/6
r,0.25,1480.0
59,1/3,1480.25
67,1/3,1480.25
r,1/12,17767/12
79,0.25,4442/3
59,0.25,4442/3
r,1/3,17771/12
59,1/3,1481.25
71,1/3,1481.25
r,1/12,17779/12
83,0.25,4445/3
59,0.25,4445/3
r,1/12,17783/12
r,1/3,1482.0
64,1/3,4447/3
76,1/3,4448/3
r,1/3,1483.0
67,1/3,4450/3
79,1/3,4451/3
r,1/3,1484.0
69,1/3,4453/3
81,1/3,4454/3
r,1/3,1485.0
71,1/3,4456/3
83,1/3,4457/3
r,0.25,1486.0
r,0.5,1486.0
62,1/3,1486.25
71,1/3,1486.25
59,1/3,1486.5
83,1/3,1486.5
r,1/6,17839/12
62,0.25,1486.75
r,2/3,8921/6
r,0.25,1487.0
62,1/3,1487.25
74,1/3,1487.25
57,1/3,1487.5
86,1/3,1487.5
r,1/6,17851/12
62,0.25,1487.75
r,1/6,8927/6
r,0.25,1488.0
r,0.5,1488.0
61,1/3,1488.25
79,1/3,1488.25
57,1/3,1488.5
91,1/3,1488.5
r,1/6,17863/12
61,0.25,1488.75
r,2/3,8933/6
r,0.25,1489.0
62,1/3,1489.25
78,1/3,1489.25
57,1/3,1489.5
90,1/3,1489.5
r,1/6,17875/12
62,0.25,1489.75
r,1/6,8939/6
r,0.25,1490.0
r,0.5,1490.0
64,1/3,1490.25
76,1/3,1490.25
59,1/3,1490.5
88,1/3,1490.5
r,1/6,17887/12
64,0.25,1490.75
r,2/3,8945/6
57,0.25,1491.0
69,1/3,1491.25
73,1/3,1491.25
66,1/3,1491.5
85,1/3,1491.5
r,1/6,17899/12
69,0.25,1491.75
r,1/6,8951/6
r,1/3,1492.0
74,1/3,4477/3
57,1/3,4477/3
86,0.25,4478/3
62,0.25,4478/3
r,1/12,17915/12
61,0.25,1493.0
62,0.25,1493.25
57,0.25,1493.5
r,0.25,1493.75
74,0.5,1494.0
50,0.5,1494.0
76,0.25,1494.5
52,0.25,1494.5
r,0.25,1494.75
71,0.25,1495.0
47,0.25,1495.0
r,0.25,1495.25
73,0.25,1495.5
49,0.25,1495.5
r,0.25,1495.75
r,1.0,1496.0
62,1.0,1497.0
38,1.0,1497.0
r,2.0,1498.0
r,2.0,1500.0
r,0.25,1502.0
57,1/3,1502.25
74,1/3,1502.25
r,1/12,18031/12
86,0.25,4508/3
57,0.25,4508/3
r,1/3,18035/12
57,1/3,1503.25
73,1/3,1503.25
r,1/12,18043/12
85,0.25,4511/3
57,0.25,4511/3
r,1/12,18047/12
r,0.25,1504.0
57,1/3,1504.25
74,1/3,1504.25
r,1/12,18055/12
86,0.25,4514/3
57,0.25,4514/3
r,1/3,18059/12
57,1/3,1505.25
71,1/3,1505.25
r,1/12,18067/12
83,0.25,4517/3
57,0.25,4517/3
r,1/12,18071/12
r,0.25,1506.0
r,1.5,1506.0
57,1/3,1506.25
72,1/3,1506.25
r,1/12,18079/12
84,0.25,4520/3
57,0.25,4520/3
r,1/3,18083/12
60,1/3,1507.25
66,1/3,1507.25
57,1/3,1507.5
78,1/3,1507.5
r,1/6,18091/12
60,0.25,1507.75
r,1/6,9047/6
55,0.25,1508.0
59,0.25,1508.0
79,1.0,1508.0
67,1.0,1508.0
62,0.25,1508.25
60,0.25,1508.5
59,0.25,1508.75
57,0.25,1509.0
r,1.0,1509.0
r,0.75,1509.25
74,0.5,1510.0
50,0.5,1510.0
r,0.25,1510.5
74,0.25,1510.75
50,0.25,1510.75
r,0.5,1511.0
73,0.25,1511.5
49,0.25,1511.5
r,0.25,1511.75
74,1.0,1512.0
50,1.0,1512.0
38,1.0,1513.0
62,1.0,1513.0
74,0.5,1514.0
86,0.5,1514.0
r,0.25,1514.0
78,0.25,1514.25
74,0.25,1514.5
88,0.25,1514.5
r,1.5,1514.5
78,0.25,1514.75
86,0.25,1514.75
76,0.25,1515.0
83,0.25,1515.0
79,0.25,1515.25
76,0.25,1515.5
85,0.25,1515.5
79,0.25,1515.75
74,0.5,1516.0
78,0.5,1516.0
86,0.5,1516.0
r,1.5,1516.5
r,0.5,1518.0
62,0.25,1518.5
38,0.25,1518.5
r,0.25,1518.75
40,0.25,1519.0
64,0.25,1519.0
r,0.75,1519.25
r,1.75,1520.0
90,0.25,1521.75
88,0.25,1521.75
72,0.25,1521.75
r,0.25,1522.0
76,0.25,1522.25
86,0.25,1522.5
71,0.25,1522.5
74,0.25,1522.75
88,0.25,1523.0
72,0.25,1523.0
76,0.25,1523.25
90,0.25,1523.5
69,0.25,1523.5
72,0.25,1523.75
71,0.5,1524.0
91,0.5,1524.0
74,0.5,1524.0
r,1.25,1524.5
78,0.25,1525.75
60,0.25,1525.75
76,0.25,1525.75
r,0.25,1526.0
64,0.25,1526.25
59,0.25,1526.5
74,0.25,1526.5
62,0.25,1526.75
60,0.25,1527.0
76,0.25,1527.0
64,0.25,1527.25
57,0.25,1527.5
78,0.25,1527.5
60,0.25,1527.75
59,0.5,1528.0
79,0.5,1528.0
r,0.25,1528.0
62,0.25,1528.25
59,0.25,1528.5
r,0.75,1528.5
62,0.25,1528.75
74,0.5,1529.0
65,0.25,1529.25
76,0.25,1529.5
r,0.5,1529.5
65,0.25,1529.75
74,0.25,1529.75
60,0.5,1530.0
72,0.5,1530.0
r,0.25,1530.0
64,0.25,1530.25
60,0.25,1530.5
74,0.25,1530.5
r,0.75,1530.5
64,0.25,1530.75
72,0.25,1530.75
62,0.5,1531.0
69,0.5,1531.0
66,0.25,1531.25
62,0.25,1531.5
71,0.25,1531.5
r,0.5,1531.5
66,0.25,1531.75
69,0.25,1531.75
71,0.5,1532.0
r,0.25,1532.0
67,0.25,1532.25
72,0.25,1532.5
r,0.75,1532.5
67,0.25,1532.75
71,0.25,1532.75
59,0.5,1533.0
74,0.5,1533.0
65,0.25,1533.25
59,0.25,1533.5
76,0.25,1533.5
r,0.5,1533.5
65,0.25,1533.75
74,0.25,1533.75
60,0.5,1534.0
72,0.5,1534.0
r,0.25,1534.0
64,0.25,1534.25
60,0.25,1534.5
74,0.25,1534.5
r,0.75,1534.5
64,0.25,1534.75
72,0.25,1534.75
62,0.5,1535.0
69,0.5,1535.0
66,0.25,1535.25
62,0.25,1535.5
71,0.25,1535.5
r,0.5,1535.5
66,0.25,1535.75
69,0.25,1535.75
71,0.5,1536.0
r,0.25,1536.0
67,0.25,1536.25
r,0.25,1536.5
r,1.0,1536.5
67,0.25,1536.75
59,0.25,1537.0
65,1/3,1537.25
74,1/3,1537.25
59,1/3,1537.5
86,1/3,1537.5
r,1/6,18451/12
65,0.25,1537.75
r,1/6,9227/6
60,0.25,1538.0
r,0.5,1538.0
64,1/3,1538.25
72,1/3,1538.25
60,1/3,1538.5
84,1/3,1538.5
r,1/6,18463/12
64,0.25,1538.75
r,2/3,9233/6
62,0.25,1539.0
66,1/3,1539.25
69,1/3,1539.25
62,1/3,1539.5
81,1/3,1539.5
r,1/6,18475/12
66,0.25,1539.75
r,1/6,9239/6
r,0.25,1540.0
r,1.5,1540.0
67,1/3,1540.25
71,1/3,1540.25
r,1/12,18487/12
83,0.25,4622/3
67,0.25,4622/3
r,1/12,18491/12
59,0.25,1541.0
65,1/3,1541.25
74,1/3,1541.25
59,1/3,1541.5
86,1/3,1541.5
r,1/6,18499/12
65,0.25,1541.75
r,1/6,9251/6
60,0.25,1542.0
r,0.5,1542.0
64,1/3,1542.25
72,1/3,1542.25
60,1/3,1542.5
84,1/3,1542.5
r,1/6,18511/12
64,0.25,1542.75
r,2/3,9257/6
62,0.25,1543.0
66,1/3,1543.25
69,1/3,1543.25
62,1/3,1543.5
81,1/3,1543.5
r,1/6,18523/12
66,0.25,1543.75
r,1/6,9263/6
71,0.5,1544.0
r,0.25,1544.0
59,0.25,1544.25
62,0.25,1544.5
72,0.25,1544.5
r,0.75,1544.5
67,0.25,1544.75
71,0.25,1544.75
74,0.5,1545.0
59,0.25,1545.25
62,0.25,1545.5
76,0.25,1545.5
r,0.5,1545.5
67,0.25,1545.75
74,0.25,1545.75
71,0.5,1546.0
r,0.25,1546.0
59,0.25,1546.25
62,0.25,1546.5
72,0.25,1546.5
r,0.75,1546.5
67,0.25,1546.75
71,0.25,1546.75
79,0.5,1547.0
59,0.25,1547.25
62,0.25,1547.5
81,0.25,1547.5
r,0.5,1547.5
67,0.25,1547.75
79,0.25,1547.75
74,0.5,1548.0
r,0.25,1548.0
59,0.25,1548.25
62,0.25,1548.5
76,0.25,1548.5
r,0.75,1548.5
67,0.25,1548.75
74,0.25,1548.75
83,0.5,1549.0
59,0.25,1549.25
62,0.25,1549.5
84,0.25,1549.5
r,0.5,1549.5
67,0.25,1549.75
83,0.25,1549.75
79,0.5,1550.0
r,0.25,1550.0
59,0.25,1550.25
62,0.25,1550.5
r,1.5,1550.5
67,0.25,1550.75
79,0.5,1551.0
67,0.5,1551.0
74,0.5,1551.0
71,0.5,1551.0
r,0.25,1551.5
59,0.25,1551.75
43,0.5,1552.0
83,0.5,1552.0
79,0.5,1552.0
71,0.5,1552.0
r,1.5,1552.5
