60,0.25,0.0
48,0.25,0.0
63,0.25,0.0
72,0.25,0.0
51,0.25,0.0
67,0.25,0.0
55,0.25,0.0
r,2.0,0.0
r,1.5,0.25
67,1/3,1.75
75,1.0,2.0
r,2/3,25/12
72,0.25,2.75
79,0.75,3.0
75,0.25,3.75
84,0.25,4.0
r,0.5,4.25
79,0.25,4.75
87,0.25,4.75
r,0.75,5.0
87,2/3,5.75
r,4/3,77/12
67,0.25,7.75
63,0.25,7.75
72,0.25,7.75
60,0.25,7.75
r,1.0,8.0
63,0.75,9.0
60,0.75,9.0
72,0.75,9.0
67,2/3,9.0
r,7/3,29/3
r,1.0,9.75
67,0.25,10.75
65,0.25,10.75
71,0.25,10.75
62,0.25,10.75
r,1.0,11.0
50,0.25,12.0
56,0.25,12.0
53,0.25,12.0
59,0.25,12.0
62,0.25,12.0
71,0.25,12.0
65,0.25,12.0
68,0.25,12.0
r,1.5,12.25
71,0.25,13.75
77,0.75,14.0
74,0.25,14.75
83,0.25,15.0
r,0.75,15.0
r,0.5,15.25
77,0.25,15.75
86,1.0,15.75
r,2/3,16.0
83,0.25,50/3
89,0.25,50/3
r,1.25,16.75
r,5/6,203/12
89,0.25,17.75
r,5/3,18.0
r,2.75,18.0
71,1/3,59/3
74,1/3,59/3
65,1/3,59/3
68,1/3,59/3
62,1/3,59/3
r,0.75,20.0
71,1.75,20.75
74,1.75,20.75
65,1.75,20.75
62,2.0,21.0
r,1.75,21.0
71,1.75,21.0
74,1.75,21.0
65,1.75,21.0
72,0.25,22.75
63,0.25,22.75
67,0.25,22.75
r,0.5,23.0
r,1.0,23.0
72,0.25,23.5
75,0.25,23.5
r,0.25,23.75
79,1.75,24.0
r,1.5,24.0
r,2.0,24.0
r,2.0,24.0
77,0.75,25.5
r,0.25,25.75
75,1.25,26.0
51,1/3,26.0
60,1/3,26.0
55,0.75,26.0
r,0.75,26.25
r,2/3,79/3
r,0.25,26.75
53,1.5,27.0
56,2.25,27.0
74,2.25,27.0
59,1.0,27.0
r,2.0,28.0
r,0.25,28.5
51,0.25,28.75
60,0.25,28.75
72,0.25,28.75
55,0.25,28.75
r,0.75,29.0
r,0.75,29.25
67,0.25,29.75
75,0.25,29.75
72,0.25,29.75
r,0.25,30.0
r,1.75,30.0
r,2.0,30.0
79,5/3,30.25
77,0.5,31.75
r,1/12,383/12
75,1.0,32.0
63,1.0,32.0
67,1/3,32.0
72,1/3,32.0
r,0.75,32.25
r,2/3,97/3
r,0.25,33.0
r,0.25,33.0
r,0.25,33.0
75,1/3,33.0
63,1/3,33.0
71,1.75,33.25
65,1.75,33.25
68,0.75,33.25
74,4/3,33.25
r,2.0,34.0
r,17/12,415/12
r,1/3,35.0
72,0.25,106/3
63,0.25,106/3
67,0.25,106/3
r,5/12,427/12
r,0.25,36.0
r,2.5,36.0
r,2.5,36.0
67,0.25,36.25
72,0.25,36.25
75,0.25,36.25
79,1.0,36.5
67,1.0,36.5
r,0.5,37.5
65,0.25,38.0
77,0.25,38.0
r,0.25,38.25
55,0.25,38.5
60,0.25,38.5
63,1.5,38.5
r,0.25,38.75
r,0.5,39.0
r,8/3,39.0
75,0.25,39.0
59,0.25,39.5
53,0.25,39.5
56,0.25,39.5
r,0.75,39.75
74,0.25,40.5
62,0.25,40.5
r,0.75,40.75
60,1.0,41.5
72,1.0,41.5
55,1.0,41.5
r,2/3,42.0
r,1.5,42.0
60,0.25,42.0
72,0.25,42.0
55,0.25,42.0
53,1.0,128/3
50,1.0,128/3
59,0.25,43.5
71,0.25,43.5
r,1.0,131/3
r,11/12,43.75
51,0.25,134/3
48,0.25,134/3
68,1/3,134/3
56,1/3,134/3
r,1/12,539/12
r,0.75,45.0
r,1.75,45.0
r,1.75,45.0
68,2/3,45.0
56,2/3,45.0
50,31/6,45.75
47,31/6,45.75
r,2.0,48.0
r,2.5,48.0
50,5/12,48.0
47,5/12,48.0
67,13/12,48.0
59,2/3,50.0
62,0.5,50.5
65,0.5,152/3
50,1/3,51.0
47,1/3,51.0
56,1/3,51.0
68,2/3,51.0
53,2/3,51.0
r,0.25,51.0
67,1.0,51.25
r,5/12,154/3
r,1/3,155/3
65,2/3,51.75
55,0.75,52.0
51,0.75,52.0
48,0.75,52.0
63,0.75,52.0
r,1.75,52.25
r,19/12,629/12
r,1.25,52.75
r,2.25,54.0
53,1/3,56.25
56,1/3,56.25
r,1/12,679/12
62,0.25,170/3
r,1/12,683/12
65,1/3,57.0
50,1/3,57.0
41,1/3,57.0
44,1/3,57.0
r,2/3,57.0
r,1.25,57.0
63,2/3,172/3
62,2/3,173/3
r,0.25,58.0
60,1.25,58.25
51,1.25,58.25
48,1.25,58.25
43,4/3,58.25
r,5/3,175/3
r,0.5,59.5
r,5/12,715/12
r,2.25,60.0
r,2.5,60.0
55,0.5,62.25
59,0.5,62.5
62,0.25,62.75
65,0.25,63.0
43,0.25,63.0
31,0.25,63.0
r,4/3,63.0
62,1/3,63.25
59,1/3,63.25
r,2/3,763/12
36,1.25,64.25
48,1.25,64.25
43,1.25,64.25
55,1.25,64.25
60,1.25,64.25
39,1.25,64.25
51,0.75,193/3
r,11/12,781/12
r,0.5,65.5
r,0.25,66.0
r,0.25,66.0
60,1/3,66.25
67,0.75,66.25
r,5/12,799/12
63,0.25,67.0
r,1.25,67.0
72,0.5,67.25
r,0.25,67.75
67,1/3,68.0
75,0.75,68.25
r,2/3,205/3
72,1/3,69.0
67,1/3,69.0
48,1/3,69.0
51,1/3,69.0
55,1/3,69.0
79,1/3,69.0
r,1.25,69.0
r,11/12,208/3
79,1.0,70.25
67,1.0,70.25
47,1.25,70.25
50,1.25,70.25
55,1.25,70.25
r,0.75,71.25
r,0.5,71.5
r,0.25,72.0
r,1/3,72.0
59,1/3,72.25
67,0.75,217/3
r,2/3,871/12
r,7/6,877/12
62,1/3,73.25
71,1/3,73.25
r,5/12,883/12
67,1/3,74.0
74,0.75,74.25
r,2/3,223/3
71,0.25,75.0
47,0.25,75.0
79,0.25,75.0
55,0.25,75.0
67,0.25,75.0
50,0.25,75.0
r,1.0,75.25
79,1.0,76.25
67,1.0,76.25
48,1.0,76.25
51,1.0,76.25
55,1.0,76.25
r,0.75,77.25
r,0.25,78.0
r,0.25,78.0
63,0.25,78.25
67,1.0,78.25
r,0.75,78.5
63,0.25,79.25
r,1/12,79.25
72,1/3,238/3
r,0.5,79.5
r,4/3,239/3
67,1/3,80.0
75,0.75,241/3
72,0.25,81.0
51,0.25,81.0
60,0.25,81.0
55,0.25,81.0
r,1.0,81.0
79,1.0,81.25
75,0.25,82.0
53,0.25,82.0
56,0.25,82.0
62,0.25,82.25
74,0.25,82.25
r,1.75,82.25
r,5/6,82.5
89,0.25,250/3
r,5/12,1003/12
r,1.25,84.0
71,0.25,85.25
59,0.25,85.25
55,0.25,85.25
62,0.25,85.25
r,0.75,85.5
86,0.25,86.25
r,0.5,86.5
r,1.25,87.0
72,1/3,88.25
48,1/3,88.25
60,1/3,88.25
51,1/3,88.25
55,1/3,88.25
r,0.75,1063/12
84,0.25,268/3
r,5/12,1075/12
r,3.0,90.0
r,3.0,93.0
r,1.25,96.0
63,1.75,97.25
63,3.0,99.0
r,2.25,99.0
61,7.5,100.25
r,1/3,102.0
r,1.5,102.0
r,1.5,102.0
61,19/12,102.0
67,2.0,102.0
75,0.5,307/3
r,2/3,617/6
75,1.0,103.5
60,4.5,103.5
r,0.5,104.5
r,0.5,107.0
r,1.5,107.0
r,5/3,107.0
r,1.75,107.0
68,2.0,107.0
75,5/3,107.5
58,1.5,108.5
67,4/3,326/3
61,1.25,108.75
r,1/3,655/6
77,1.25,109.5
r,2/3,110.0
r,1.5,110.0
r,5/3,110.0
r,8/3,110.0
58,1.25,110.0
67,2/3,110.0
61,2.0,110.0
73,2.25,332/3
63,1.5,111.5
56,1.5,111.5
68,1.25,335/3
71,4/3,338/3
r,1/12,1355/12
r,1/12,1355/12
r,2/3,113.0
r,5/3,113.0
r,2.5,113.0
63,0.25,113.0
56,0.25,113.0
72,2/3,341/3
r,1/3,343/3
72,25/3,344/3
r,0.5,116.0
r,5/3,116.0
r,5/3,116.0
70,2.0,116.0
76,0.75,116.0
84,2/3,116.5
r,0.5,703/6
77,43/12,353/3
84,1.0,353/3
r,1/3,356/3
r,0.5,727/6
r,5/3,727/6
r,5/3,727/6
r,5/3,727/6
r,8/3,727/6
68,23/12,727/6
84,2.25,365/3
67,4/3,737/6
76,1.25,737/6
70,10/3,737/6
r,0.25,1487/12
r,1/12,1489/12
r,2/3,745/6
r,1.75,745/6
r,8/3,745/6
70,13/6,745/6
85,11/12,745/6
82,1.0,749/6
r,1/12,755/6
72,43/12,1511/12
65,43/12,1511/12
r,0.75,763/6
r,1.75,763/6
72,1.75,763/6
65,1.75,763/6
79,1.0,763/6
80,1.25,1535/12
66,1.25,1547/12
68,1.25,1547/12
r,2/3,775/6
72,2.5,779/6
r,0.5,781/6
r,1.75,781/6
r,1.75,781/6
66,1.0,781/6
68,1.0,781/6
80,2/3,392/3
r,0.5,394/3
68,55/12,791/6
80,1.25,1583/12
r,0.75,799/6
r,2.0,799/6
r,2.0,799/6
65,1.5,799/6
73,1.5,799/6
80,1.5,1607/12
72,3.0,811/6
r,0.75,1625/12
82,1.0,817/6
r,2.75,817/6
63,1.25,817/6
66,1.25,817/6
78,1.0,823/6
68,2.25,829/6
61,2.25,829/6
65,2.25,829/6
r,1.0,1679/12
r,2.0,1679/12
r,2.0,1679/12
r,2.0,1679/12
68,0.75,1679/12
61,0.75,1679/12
65,0.75,1679/12
77,2.0,1691/12
63,5.0,1703/12
78,1.0,1715/12
r,2.0,1715/12
69,1.0,1715/12
59,2.25,1715/12
75,1.0,1727/12
65,3.0,1739/12
75,1.0,1751/12
r,2.25,1751/12
58,2.5,1751/12
74,1.25,1763/12
66,1.75,889/6
r,0.25,1787/12
r,2.25,1787/12
r,7/3,1787/12
57,31/12,1787/12
75,1.0,895/6
63,0.25,901/6
66,0.25,901/6
r,0.75,1805/12
65,17/3,907/6
r,1/3,1823/12
r,1.25,1823/12
46,4.0,1823/12
62,37/12,1823/12
53,1.0,152.25
55,1.0,919/6
r,11/12,153.25
56,1.25,925/6
r,0.75,925/6
72,2/3,1871/12
52,1.0,1871/12
r,1/3,1879/12
72,0.5,1883/12
53,1.0,1883/12
r,0.5,1889/12
72,1.0,1895/12
55,1.0,1895/12
46,14/3,1895/12
70,0.5,1907/12
50,1.0,1907/12
r,0.5,1913/12
51,1.0,1919/12
r,2.0,1919/12
53,1.0,1931/12
68,0.5,1951/12
48,1.0,1951/12
r,0.75,1951/12
r,0.25,1957/12
50,1.25,490/3
68,0.5,490/3
r,1.0,1963/12
r,1.5,983/6
51,1.0,1975/12
68,1.0,1975/12
46,59/12,1975/12
53,0.5,1987/12
r,5/3,1987/12
r,8/3,1987/12
67,0.75,1987/12
r,0.25,1993/12
55,1.25,499/3
56,4/3,167.25
72,0.5,2011/12
71,1.0,2017/12
72,0.5,169.25
r,0.5,169.25
r,1.0,169.25
r,7/3,169.25
52,11/12,169.25
74,2/3,169.75
53,0.75,169.75
72,0.5,170.25
r,1/3,2045/12
r,0.25,170.5
46,1.5,170.75
55,1.0,170.75
r,0.25,170.75
70,1/3,171.0
r,0.25,514/3
69,2/3,2059/12
50,2/3,2059/12
r,0.25,171.75
70,3.75,172.0
r,1/3,172.25
r,1.75,172.25
r,2.5,172.25
r,2.75,172.25
70,1/12,172.25
50,13/12,172.25
72,2/3,2071/12
51,2/3,2071/12
70,1/3,173.25
53,5/3,2083/12
68,1/3,174.0
r,0.25,523/3
67,0.5,2095/12
48,5/6,174.75
r,1/6,2101/12
r,1/3,175.75
r,1/3,175.75
r,2.0,175.75
48,0.5,175.75
68,5/12,175.75
50,0.25,2113/12
70,2/3,2113/12
r,5/12,529/3
68,2/3,176.75
r,2/3,176.75
51,1.0,2129/12
67,4/3,2129/12
58,0.5,177.75
r,0.5,178.25
r,1/12,2141/12
55,0.5,178.5
58,1/3,178.75
r,1.0,178.75
67,10/3,178.75
r,1/3,2149/12
53,2/3,2153/12
58,0.5,179.75
r,1/6,2161/12
51,0.75,180.25
r,0.25,180.25
58,1/3,180.5
r,2/3,1085/6
r,1/12,181.0
53,0.5,2173/12
58,0.5,181.5
r,1/6,2179/12
70,0.75,2185/12
r,0.5,2185/12
r,2.0,2185/12
75,0.5,2191/12
55,0.5,2191/12
r,0.25,1097/6
58,0.5,2197/12
r,2/3,2197/12
75,1.5,2203/12
53,0.75,183.75
58,0.25,2209/12
r,0.5,553/3
r,1/12,184.5
55,0.5,2215/12
58,29/12,1109/6
r,0.5,2221/12
r,0.75,2221/12
r,1.75,2221/12
58,0.5,2221/12
56,0.5,2227/12
58,0.5,1115/6
r,0.5,2233/12
r,0.25,559/3
74,1.0,2239/12
53,0.5,2239/12
58,0.75,1121/6
r,1.0,2245/12
55,0.25,2251/12
r,0.5,2251/12
r,0.25,1127/6
58,0.5,2257/12
r,1.5,2257/12
r,2.0,2257/12
56,0.25,2263/12
58,0.75,1133/6
70,1.5,2275/12
50,0.75,2275/12
58,0.5,2281/12
r,0.25,571/3
53,1.0,2287/12
r,0.5,2287/12
58,0.5,2293/12
r,0.75,2293/12
53,0.25,2293/12
51,0.5,2299/12
58,0.5,1151/6
r,0.25,2305/12
72,1/3,577/3
70,1/3,577/3
r,1/12,577/3
50,1.0,2309/12
r,1/6,578/3
69,0.25,1157/6
58,0.25,1157/6
70,0.25,1157/6
r,1/3,2317/12
51,1/3,2321/12
r,2/3,2321/12
77,1/3,193.75
58,1/3,193.75
r,0.25,2329/12
r,1.0,2329/12
r,1.75,2329/12
77,1/6,2329/12
58,1/6,2329/12
80,0.5,583/3
53,0.5,583/3
58,0.5,1169/6
80,3.5,2341/12
r,1/12,586/3
51,2/3,2345/12
58,0.5,1175/6
53,2/3,2353/12
r,0.75,589/3
58,1/3,196.75
55,0.5,2365/12
r,1.5,2365/12
58,0.5,2371/12
79,2/3,2377/12
51,2/3,2377/12
58,0.5,2383/12
r,1/3,198.75
53,0.5,2389/12
r,1/3,2389/12
58,0.5,2393/12
r,0.25,2395/12
55,0.25,1199/6
r,1/6,2399/12
r,0.25,2401/12
r,1.75,2401/12
58,0.5,601/3
67,0.25,1205/6
51,0.25,1205/6
r,1/3,2413/12
58,0.5,2417/12
68,0.5,2417/12
70,0.5,1211/6
55,0.5,1211/6
r,5/12,2423/12
72,0.5,607/3
58,0.5,607/3
r,0.75,607/3
51,0.25,1217/6
74,0.25,1217/6
r,0.25,2437/12
r,5/3,2437/12
51,0.25,2437/12
74,0.25,2437/12
75,0.5,610/3
58,0.5,610/3
77,0.5,1223/6
51,0.5,1223/6
79,1/3,613/3
58,1/3,613/3
r,1/12,614/3
55,0.25,204.75
80,0.5,204.75
r,1/12,205.0
82,0.25,2461/12
58,0.25,2461/12
r,5/6,205.25
r,0.25,616/3
51,0.5,2467/12
84,0.5,2467/12
58,2/3,2473/12
86,2/3,2473/12
r,0.5,2473/12
r,0.5,2473/12
51,1/6,2473/12
84,1/6,2473/12
53,0.5,2479/12
87,2.5,2479/12
r,1/12,206.75
58,1/3,1241/6
r,0.75,2485/12
r,0.25,1243/6
56,0.5,2489/12
58,1/3,1247/6
r,0.5,2495/12
r,11/12,1249/6
53,0.25,2501/12
r,1/6,626/3
58,2/3,1253/6
r,1/3,2509/12
r,0.75,2509/12
87,0.75,2509/12
53,0.5,2513/12
86,0.5,2513/12
58,0.5,1259/6
r,5/12,2519/12
56,0.5,631/3
r,5/12,631/3
58,0.5,210.75
r,0.5,1265/6
r,1/3,211.25
53,1/3,634/3
58,0.25,2539/12
r,5/12,635/3
r,0.25,1271/6
50,0.25,2545/12
58,0.25,2545/12
r,0.25,637/3
58,0.5,2551/12
60,0.5,2551/12
53,0.5,2557/12
62,0.5,2557/12
63,0.5,2563/12
58,0.5,2563/12
65,0.5,2569/12
50,0.5,2569/12
67,0.25,2575/12
58,0.25,2575/12
r,0.25,1289/6
68,0.5,2581/12
50,0.5,2581/12
r,1/3,2581/12
70,0.25,2585/12
58,0.25,2585/12
r,0.25,2587/12
r,0.75,647/3
72,1/3,1295/6
53,1/3,1295/6
r,0.25,1297/6
74,2/3,2597/12
58,0.25,2597/12
r,1/6,650/3
75,0.5,1301/6
50,0.5,1301/6
r,0.25,2605/12
58,0.25,652/3
r,1/12,652/3
77,2/3,2609/12
r,0.25,2611/12
79,2.75,1307/6
r,0.25,2617/12
r,2/3,2617/12
51,0.5,655/3
50,0.5,218.75
r,0.25,1313/6
51,1/3,2629/12
r,19/12,219.25
r,1/3,2633/12
50,1/3,219.75
51,0.5,2641/12
r,0.25,2647/12
87,0.25,1325/6
43,0.5,1325/6
r,0.25,2653/12
r,2/3,2653/12
r,2.0,2653/12
51,0.5,664/3
44,1/3,221.75
r,0.25,1331/6
51,2/3,2665/12
r,2/3,2665/12
55,1.0,222.75
46,0.5,222.75
51,0.5,2677/12
r,1/3,223.25
56,3.5,2683/12
r,1/3,223.75
51,0.5,2689/12
r,0.75,2689/12
r,2.75,2689/12
44,0.5,2689/12
46,0.5,2695/12
51,0.5,1349/6
r,0.5,2701/12
r,0.75,676/3
48,2/3,2707/12
51,0.5,2713/12
r,1/6,226.25
57,3.5,2717/12
r,0.25,2725/12
r,0.75,2725/12
r,8/3,2725/12
45,0.25,2725/12
51,0.25,2725/12
46,2/3,682/3
51,2/3,1367/6
r,5/12,228.0
48,1/3,2741/12
r,5/6,228.5
51,1/3,228.75
r,0.25,2749/12
58,0.75,688/3
46,2/3,688/3
55,23/12,229.75
r,1/12,230.0
r,0.25,2761/12
r,0.5,2761/12
55,1/6,2761/12
51,0.5,691/3
55,0.5,2767/12
r,0.25,1385/6
46,0.5,2773/12
r,1.25,2773/12
55,0.25,2779/12
r,0.25,1391/6
46,0.25,2785/12
58,0.25,2785/12
56,0.25,697/3
53,1.0,697/3
58,0.25,2791/12
56,0.25,1397/6
50,0.75,2797/12
58,1/3,2797/12
r,0.5,2797/12
56,0.25,2801/12
58,0.25,2801/12
46,0.25,2803/12
56,0.25,2803/12
r,11/12,701/3
58,0.25,1403/6
r,11/12,1403/6
56,1/3,2809/12
58,0.25,2813/12
56,0.25,2813/12
51,1.5,2815/12
r,1/12,704/3
39,5.5,234.75
55,0.5,234.75
r,1/12,235.25
58,1/3,706/3
r,1/12,707/3
63,0.25,235.75
r,1/12,236.0
58,0.5,2833/12
r,1.0,2833/12
51,3.25,2833/12
63,2/3,2839/12
67,0.5,2845/12
r,1/3,237.25
70,0.25,2851/12
r,5/6,2851/12
r,0.25,1427/6
67,2/3,2857/12
70,0.5,2861/12
r,1/12,238.75
75,1/3,1433/6
r,1/6,2867/12
r,1/3,240.25
r,1.75,240.25
79,0.25,2887/12
r,1/6,1445/6
82,0.25,241.0
r,0.25,241.25
87,2/3,241.5
43,2/3,241.5
51,0.5,242.0
r,1/3,1453/6
44,0.5,242.5
r,0.25,242.5
51,0.5,242.75
r,0.25,243.0
63,3.0,243.25
46,0.5,243.25
r,1.5,243.25
r,1.75,243.25
51,0.5,243.75
43,1.25,244.25
51,0.5,244.75
44,2/3,245.0
r,0.75,245.25
51,0.5,245.5
r,7/12,737/3
55,1.5,246.0
r,1/3,246.25
r,0.75,246.25
r,0.75,246.25
r,5/3,246.25
46,5/12,246.25
51,0.5,2959/12
44,1.25,247.0
56,2.25,247.0
r,5/12,2965/12
51,0.5,247.5
46,0.75,2975/12
r,0.5,248.0
r,2/3,248.25
51,2/3,248.5
r,7/12,746/3
63,13/12,2987/12
48,13/12,2987/12
r,1/12,1495/6
r,0.25,249.25
r,2/3,249.25
r,2/3,249.25
r,2.75,249.25
63,2/3,249.25
48,2/3,249.25
51,2/3,249.5
57,7/3,2999/12
45,1.0,2999/12
r,1/12,1501/6
51,0.5,250.25
46,2/3,250.75
r,1/3,3011/12
51,0.5,251.25
r,1/6,3017/12
63,2/3,3019/12
48,0.5,251.75
51,7/12,252.0
r,1/3,252.25
r,1/3,252.25
r,0.75,252.25
57,1/3,252.25
51,5/12,252.25
58,2.0,3031/12
46,1.25,3031/12
63,0.5,253.0
51,0.5,253.0
62,0.5,253.5
50,0.5,253.5
r,1/6,1523/6
63,0.5,254.0
51,0.5,254.0
r,1.25,254.0
59,1/3,254.5
47,1/3,254.5
r,1/6,3055/12
63,0.5,254.75
51,0.5,254.75
r,5/12,1529/6
60,1.25,255.25
48,1.25,255.25
r,0.5,255.25
r,0.75,255.25
63,0.5,255.75
50,2/3,256.0
62,2/3,256.0
r,0.75,256.25
r,1/12,256.5
51,0.5,3079/12
63,0.5,3079/12
r,19/12,770/3
45,0.25,257.0
57,0.25,257.0
r,5/12,3085/12
r,1.0,257.25
51,0.5,257.5
63,0.5,257.5
46,0.25,258.0
58,0.25,258.0
r,0.25,258.25
r,2/3,258.25
46,13/12,258.25
58,13/12,258.25
63,0.5,258.5
51,0.5,258.5
61,2/3,3107/12
49,2/3,3107/12
r,0.5,259.0
63,0.5,259.5
51,0.5,259.5
r,1/3,3115/12
47,0.5,3119/12
59,0.5,3119/12
r,0.25,260.0
51,0.5,260.25
63,0.5,260.25
r,5/6,3125/12
48,0.5,260.75
60,0.5,260.75
63,0.5,261.25
51,0.5,261.25
r,4/3,261.25
r,2.25,261.25
48,0.75,261.25
60,0.75,261.25
62,0.5,261.75
50,0.5,261.75
63,0.5,262.25
51,0.5,262.25
57,0.5,3151/12
45,0.5,3151/12
r,0.25,262.75
63,2/3,263.0
51,2/3,263.0
r,5/12,3157/12
58,0.75,263.5
46,1/3,263.5
r,7/12,791/3
r,5/12,1583/6
r,0.25,264.25
r,1.0,264.25
46,0.25,264.5
55,0.25,264.5
51,0.25,264.5
r,0.25,264.75
63,1/3,265.0
70,0.75,265.25
r,2/3,796/3
67,1/3,266.0
r,0.25,266.0
75,1.0,266.25
r,11/12,799/3
48,0.25,267.25
51,0.25,267.25
54,0.25,267.25
r,0.75,267.25
r,5/12,267.5
63,1/3,3215/12
69,0.75,268.0
r,0.5,268.25
66,0.25,268.75
r,1.0,268.75
75,1.25,269.0
46,1/3,269.75
55,1/3,269.75
51,1/3,269.75
r,1/6,3241/12
r,1/3,270.25
r,4/3,270.25
63,1/3,3247/12
70,0.75,3251/12
67,0.25,3259/12
r,1/12,815/3
75,1.0,271.75
r,0.75,1631/6
45,1/3,3271/12
57,1/3,3271/12
54,1/3,3271/12
51,1/3,3271/12
r,0.5,272.75
r,1/3,3275/12
r,0.25,273.25
r,0.5,273.25
72,1/3,273.5
78,2/3,273.75
r,5/12,1643/6
75,1/3,274.25
r,1/12,3293/12
79,4/3,274.5
r,11/12,3295/12
46,2/3,275.5
58,2/3,275.5
55,2/3,275.5
51,2/3,275.5
r,1/12,1655/6
75,0.25,3311/12
r,1/12,1657/6
r,1/12,1657/6
75,0.5,276.25
r,7/3,276.25
70,0.25,276.75
r,0.25,277.0
70,0.5,277.25
67,0.25,277.75
r,0.25,278.0
67,0.5,278.25
63,0.25,3343/12
r,0.5,278.75
r,5/12,1673/6
63,0.5,279.25
r,1/3,279.25
58,0.25,3355/12
r,0.25,279.75
r,29/12,1679/6
58,0.5,280.0
55,1/3,280.5
r,1/12,1685/6
55,2/3,3371/12
51,0.25,3379/12
r,1/6,1691/6
51,0.5,282.0
r,0.25,282.25
r,0.75,282.25
r,8/3,282.25
46,1/3,282.5
r,1/12,1697/6
34,2.25,3395/12
46,3.25,283.0
58,0.25,3419/12
53,0.25,3419/12
62,0.25,3419/12
56,0.25,3419/12
r,1/12,1711/6
r,1/12,1711/6
r,2/3,285.25
r,0.75,285.25
r,0.75,285.25
r,5/3,285.25
58,7/3,3431/12
63,7/3,3431/12
39,1.25,286.0
55,2.25,286.0
46,4/3,3443/12
r,0.75,287.25
45,1.0,288.0
r,2/3,288.25
r,1.5,288.25
58,5/12,288.25
63,5/12,288.25
46,47/12,288.25
44,0.75,3467/12
r,1/12,869/3
68,0.25,289.75
70,0.25,289.75
62,0.25,289.75
65,0.25,289.75
43,0.25,289.75
65,0.25,289.75
r,7/12,290.0
r,0.75,290.0
62,0.25,3487/12
65,0.25,3487/12
70,0.25,3487/12
68,0.25,3487/12
41,0.25,290.75
70,0.25,290.75
68,0.25,290.75
r,5/12,1745/6
r,0.25,291.0
r,1/3,1753/6
r,1/3,1753/6
r,4/3,1753/6
72,1.0,292.5
39,1.0,292.5
63,2.25,292.5
67,2.25,292.5
43,0.75,293.5
70,5/3,293.5
r,1/6,294.25
46,0.75,3533/12
r,5/12,294.75
34,1.25,1771/6
r,1.0,1771/6
r,1.0,1771/6
r,2.75,1771/6
74,0.25,1777/6
68,0.25,1777/6
65,0.25,1777/6
41,1.0,1777/6
r,0.75,3557/12
r,0.75,3557/12
65,0.25,1783/6
74,0.25,1783/6
68,0.25,1783/6
46,1.0,1783/6
r,0.75,1783/6
r,0.5,3569/12
67,2.0,3575/12
70,2.0,3575/12
r,0.75,1789/6
r,0.75,1789/6
r,1.75,1789/6
67,2.0,1789/6
70,2.0,1789/6
39,1.0,1789/6
75,1.25,3587/12
46,2.25,3587/12
45,1.0,3599/12
r,0.75,1801/6
44,1.0,3611/12
r,0.25,3611/12
r,2/3,1807/6
r,5/3,1807/6
46,3.25,1807/6
62,0.25,1811/6
43,0.25,1811/6
65,0.25,1811/6
70,0.25,1811/6
68,0.25,1811/6
r,7/12,3625/12
62,0.25,908/3
65,0.25,908/3
70,0.25,908/3
68,0.25,908/3
41,0.25,1817/6
68,0.25,1817/6
r,0.75,3635/12
r,7/12,3637/12
72,0.5,911/3
39,0.5,911/3
63,0.5,911/3
67,0.5,911/3
r,1/3,3653/12
r,2.25,3653/12
72,0.5,3653/12
39,0.5,3653/12
63,1.25,3653/12
67,1.25,3653/12
70,0.75,304.75
43,0.75,304.75
r,0.25,305.5
46,1.0,305.75
34,1.5,920/3
r,2/3,306.75
62,0.25,3689/12
53,0.25,3689/12
56,0.25,3689/12
r,1.0,3689/12
r,2.0,3689/12
41,0.75,923/3
56,0.25,3701/12
53,0.25,3701/12
46,1.0,3701/12
r,0.5,926/3
39,1.0,1855/6
65,2.75,3713/12
63,1.0,3725/12
r,0.75,3725/12
r,8/3,3725/12
65,0.5,3725/12
58,1.0,3725/12
55,1.0,3725/12
46,1.0,1867/6
r,0.75,3737/12
34,1.25,1873/6
r,11/12,1873/6
41,7/12,3757/12
56,0.25,3757/12
53,0.25,3757/12
62,0.25,3757/12
r,1/12,940/3
r,0.5,3761/12
r,2/3,3761/12
41,2/3,3761/12
53,0.25,3767/12
56,0.25,3767/12
46,0.75,3769/12
r,0.75,1885/6
r,1/12,1889/6
65,1.5,3779/12
62,1.5,3779/12
56,1.5,3779/12
39,1.0,3779/12
43,5/3,3791/12
r,0.5,3797/12
r,1.5,3797/12
r,1.5,3797/12
65,0.25,3797/12
62,0.25,3797/12
56,0.25,3797/12
46,1.25,3803/12
51,1.25,3815/12
63,1.25,3815/12
58,1.25,3815/12
55,1.25,3815/12
63,1.25,3815/12
58,1.25,3815/12
r,1.25,1909/6
r,0.25,1915/6
r,0.25,1915/6
r,1.25,3833/12
64,0.25,962/3
60,0.25,962/3
67,0.25,962/3
72,0.25,962/3
48,0.25,962/3
55,0.25,962/3
52,0.25,962/3
r,1.5,3851/12
67,0.5,3869/12
r,0.25,3869/12
76,1.0,968/3
r,0.5,3875/12
72,0.25,3881/12
79,0.5,971/3
r,1.75,971/3
76,0.25,1945/6
84,0.75,3893/12
79,0.25,1951/6
88,0.25,1951/6
r,0.75,3905/12
r,2.75,3905/12
88,0.25,1957/6
r,1.75,3917/12
72,0.25,1969/6
76,0.25,1969/6
67,0.25,1969/6
64,0.25,1969/6
76,0.25,1969/6
67,0.25,1969/6
r,0.75,3941/12
r,0.75,3941/12
72,1/12,3941/12
76,1/12,3941/12
67,1/12,3941/12
64,1/12,3941/12
76,1/12,3941/12
67,1/12,3941/12
64,1.75,1975/6
76,2.0,1975/6
67,2.0,1975/6
72,2.0,1975/6
r,0.25,3971/12
71,0.25,1987/6
74,0.25,1987/6
65,0.25,1987/6
r,0.25,1987/6
r,0.75,3977/12
r,0.75,3977/12
68,1.75,1993/6
65,1.75,1993/6
74,1.0,1993/6
71,1.0,1993/6
r,1.0,1999/6
71,1/3,4007/12
77,0.75,2005/6
r,1/6,334.25
r,0.5,4013/12
r,5/3,4013/12
74,0.25,4019/12
83,1/3,2011/6
r,5/12,335.5
77,0.25,4031/12
86,1.0,4033/12
r,7/12,2017/6
83,0.25,336.75
89,0.25,336.75
r,5/12,337.0
r,1/3,4045/12
r,0.5,4049/12
89,0.25,4055/12
r,1.75,2029/6
68,0.25,4079/12
74,0.25,4079/12
77,0.25,4079/12
65,0.25,4079/12
r,0.25,2041/6
r,0.5,4085/12
r,0.5,4085/12
74,5/3,4091/12
77,5/3,4091/12
68,2.0,4091/12
65,2.0,4091/12
r,1/3,4111/12
73,0.25,4115/12
70,0.25,4115/12
76,0.25,4115/12
r,0.5,4115/12
r,0.25,2059/6
r,0.5,4121/12
r,2/3,4121/12
70,0.75,4127/12
76,0.75,4127/12
73,0.75,4127/12
67,1.25,4129/12
r,13/12,1034/3
r,7/12,1036/3
70,0.25,345.75
76,0.75,4151/12
r,5/12,346.0
r,0.25,4157/12
r,4/3,4157/12
73,0.25,1040/3
79,0.25,4163/12
r,0.5,2083/6
76,0.25,1043/3
82,2/3,347.75
r,0.5,4175/12
79,0.25,4181/12
85,0.25,4181/12
r,1.0,4181/12
r,0.75,1046/3
r,0.25,4193/12
67,0.25,1049/3
r,5/6,4199/12
82,0.25,350.75
r,17/12,351.0
r,1/3,4229/12
64,0.25,352.75
r,11/12,353.0
79,0.25,4247/12
r,1.25,2125/6
r,1.25,4265/12
r,1.25,4265/12
r,1.25,4265/12
r,2.0,4265/12
77,4.25,1070/3
53,1.25,1070/3
60,1/3,4289/12
r,2/3,357.75
r,1/6,4295/12
56,1/3,4297/12
r,0.25,4301/12
r,1.75,4301/12
r,2.25,4301/12
65,0.5,4301/12
60,0.5,1076/3
53,1/3,2155/6
r,0.25,359.5
60,0.25,359.75
r,1/6,360.0
53,0.75,2161/6
72,1.0,2161/6
84,1.0,2161/6
60,0.25,1082/3
r,0.25,4331/12
r,0.5,4331/12
56,0.25,2167/6
r,0.25,2167/6
r,2/3,4337/12
r,5/3,4337/12
84,0.5,4345/12
72,0.5,4345/12
53,0.5,4345/12
r,1/12,4351/12
60,0.5,1088/3
84,1/3,4357/12
72,1/3,4357/12
55,1/3,4357/12
r,0.5,2179/6
r,2/3,4361/12
60,0.5,1091/3
71,1/3,4369/12
83,1/3,4369/12
58,1/3,4369/12
r,0.25,2185/6
r,0.25,4373/12
r,0.5,4373/12
60,1/3,1094/3
73,0.25,4379/12
85,0.25,4379/12
55,0.25,4379/12
r,5/12,365.0
r,2.25,2191/6
60,0.25,4385/12
r,0.25,1097/3
52,0.5,4391/12
84,0.5,4391/12
72,0.5,4391/12
60,0.5,4397/12
82,0.25,4403/12
70,0.25,4403/12
55,0.25,4403/12
r,0.25,2203/6
60,0.25,4409/12
r,1.75,4409/12
r,2.25,4409/12
r,0.25,1103/3
52,0.25,4415/12
79,0.25,4415/12
67,0.25,4415/12
r,0.25,2209/6
60,0.5,4421/12
r,0.25,4427/12
76,0.75,2215/6
64,0.75,2215/6
48,0.75,2215/6
64,0.75,2215/6
60,0.5,1109/3
r,0.25,4439/12
r,0.5,4439/12
52,0.25,2221/6
r,0.25,2221/6
60,0.5,4445/12
r,2.5,4445/12
67,0.25,4451/12
79,0.25,4451/12
55,0.25,4451/12
r,0.25,2227/6
60,0.25,4457/12
r,0.25,1115/3
84,0.75,4463/12
72,0.75,4463/12
52,0.75,4463/12
60,1/3,1118/3
55,0.25,4475/12
r,5/12,373.0
r,0.25,2239/6
60,0.5,4481/12
r,1.75,4481/12
r,2.25,4481/12
79,0.25,4487/12
67,0.25,4487/12
58,0.25,4487/12
r,0.25,2245/6
60,1/3,4493/12
r,1/3,374.75
53,2/3,4501/12
70,1.25,2251/6
82,1.25,2251/6
60,0.5,1127/3
r,1/3,375.75
56,0.5,4513/12
r,0.25,2257/6
r,0.25,4517/12
r,1.75,4517/12
70,5/12,4517/12
82,5/12,4517/12
60,0.25,1130/3
r,0.25,4523/12
53,0.25,2263/6
r,0.25,4529/12
60,0.5,1133/3
80,0.75,2269/6
68,0.75,2269/6
53,0.25,2269/6
r,0.25,4541/12
60,0.25,1136/3
52,0.25,4547/12
r,0.5,4547/12
r,0.25,2275/6
53,0.5,4553/12
r,0.75,4553/12
r,1.5,4553/12
81,1/3,4559/12
69,1/3,4559/12
51,1/3,4559/12
53,0.5,2281/6
r,2/3,380.25
r,0.25,1142/3
49,1/3,4571/12
70,1.25,4571/12
82,1.5,4571/12
r,1/6,381.25
53,0.5,4577/12
48,1/3,4583/12
53,2/3,2293/6
r,1/6,382.25
r,1/3,4589/12
r,0.75,4589/12
r,1.75,4589/12
49,0.5,382.75
53,1/3,2299/6
r,0.5,383.25
r,0.25,383.5
46,0.5,383.75
89,1.0,383.75
77,1.0,383.75
53,0.5,2305/6
r,5/12,384.25
48,0.5,1154/3
r,0.75,1154/3
r,1/3,384.75
53,0.5,4621/12
r,0.25,2311/6
89,0.5,4625/12
77,0.5,4625/12
49,0.5,4625/12
r,1.75,4625/12
53,0.5,4631/12
89,0.5,4637/12
77,0.5,4637/12
48,0.5,4637/12
53,0.5,4643/12
76,0.25,2323/6
88,0.25,2323/6
51,0.5,4649/12
r,0.75,4649/12
53,0.5,4655/12
78,0.25,2329/6
48,0.25,2329/6
90,0.25,2329/6
r,0.25,4661/12
r,1.25,4661/12
r,5/3,4661/12
53,0.5,1166/3
89,2/3,2335/6
77,2/3,2335/6
45,2/3,2335/6
53,0.5,1169/3
r,0.25,2339/6
87,0.25,4681/12
75,0.25,4681/12
48,0.5,4681/12
r,0.75,2341/6
r,1/3,1171/3
r,5/6,4687/12
53,0.5,1172/3
84,0.25,4691/12
72,0.25,4691/12
45,0.25,4691/12
r,0.25,2347/6
r,0.25,2347/6
53,2/3,4697/12
r,2/3,4697/12
r,1.0,4697/12
41,0.5,4705/12
81,1.0,4705/12
69,1.0,4705/12
53,0.5,4709/12
r,1/3,4711/12
45,0.25,4715/12
r,1.5,4715/12
r,2/3,4717/12
53,2/3,2359/6
72,0.25,393.75
84,0.25,393.75
48,0.25,393.75
r,1/3,2363/6
r,5/12,394.0
53,1/3,2365/6
r,1/3,4733/12
r,1/3,4733/12
r,0.75,4733/12
45,0.5,394.75
77,1.0,394.75
89,1.0,394.75
53,0.5,2371/6
r,5/12,395.25
48,1/3,1187/3
r,1.75,1187/3
r,5/3,395.75
r,1/12,396.0
53,0.5,4753/12
r,1/12,4759/12
72,1/3,1190/3
84,1/3,1190/3
51,1/3,1190/3
r,1/12,397.0
53,0.5,4765/12
r,0.25,4769/12
r,0.25,4769/12
r,0.25,4769/12
r,2/3,4769/12
46,2/3,1193/3
75,1.75,1193/3
87,1.5,1193/3
53,1/3,4777/12
r,5/12,1195/3
r,2.0,4781/12
49,1/3,398.75
53,0.5,4789/12
r,1.25,2395/6
46,0.25,4793/12
r,1/3,4795/12
r,0.75,1199/3
53,0.5,4799/12
85,2.25,4805/12
46,0.5,4805/12
73,1.0,4805/12
53,0.5,4811/12
49,1/3,4817/12
r,2.0,4817/12
53,0.25,401.75
r,1/6,402.0
46,0.25,2413/6
73,0.25,2413/6
r,0.75,4829/12
53,0.25,1208/3
r,1/6,4835/12
44,11/12,4837/12
54,0.25,4841/12
r,2.5,4841/12
72,0.5,4841/12
r,0.25,1211/3
51,0.25,4847/12
r,0.25,2425/6
54,0.5,4853/12
44,0.25,4859/12
77,0.25,4859/12
75,0.25,4859/12
54,0.5,2431/6
74,0.5,2431/6
75,0.5,1217/3
44,0.5,1217/3
80,5/6,4871/12
r,1/3,4877/12
r,1.0,4877/12
r,2.25,4877/12
80,1.25,4877/12
48,1/3,406.75
54,0.5,4885/12
75,4/3,4889/12
r,1/12,4891/12
44,1/3,1223/3
r,1/12,408.0
54,0.25,4897/12
r,1/3,1225/3
53,0.75,1226/3
49,0.75,1226/3
77,0.75,1226/3
49,0.75,1226/3
r,2/3,408.75
r,0.25,4913/12
r,2.25,4913/12
r,2.25,4913/12
53,7/12,4913/12
49,7/12,4913/12
77,7/12,4913/12
49,7/12,4913/12
76,1.0,1229/3
78,1.25,1232/3
77,1.0,1235/3
68,2/3,1235/3
r,0.5,4943/12
r,1/12,1237/3
r,0.25,4949/12
r,0.25,4949/12
r,1.0,4949/12
r,1.0,4949/12
75,1.0,1238/3
66,5/3,1238/3
63,2/3,4961/12
72,1.0,4961/12
r,0.75,1241/3
r,4/3,4969/12
r,13/12,1243/3
80,1.0,4973/12
65,1.0,4973/12
r,1.0,4973/12
79,0.75,4985/12
64,0.75,4985/12
r,1.75,4985/12
r,2.75,4985/12
r,0.25,2497/6
66,1.0,4997/12
82,1.0,4997/12
80,1.25,2503/6
65,0.5,5009/12
r,0.25,5015/12
78,2.25,2509/6
r,0.75,5021/12
r,5/3,5021/12
63,1.0,5021/12
75,1.0,2515/6
60,1.0,2515/6
77,1.0,5041/12
61,1.0,5041/12
r,11/12,2521/6
76,1/3,5053/12
60,1/3,5053/12
r,1/3,5053/12
r,0.5,5057/12
r,0.75,5057/12
r,5/3,5057/12
76,5/12,5057/12
60,5/12,5057/12
78,4/3,5063/12
63,0.75,2533/6
61,0.75,5075/12
77,1.0,5077/12
r,2/3,423.25
r,0.75,1271/3
75,0.5,5087/12
60,0.5,5087/12
r,1/3,5089/12
r,1/3,5093/12
r,1.5,5093/12
75,0.5,5093/12
60,0.5,5093/12
72,1.0,424.75
57,1.0,424.75
r,1/6,425.75
73,1.5,5111/12
58,0.75,5111/12
r,0.25,1280/3
61,0.5,5123/12
r,0.25,5129/12
r,1.25,5129/12
56,0.75,1283/3
r,0.25,5141/12
73,4/3,1286/3
82,4/3,1286/3
55,0.75,1286/3
58,0.75,5153/12
r,5/12,430.0
r,0.25,2581/6
73,2/3,5165/12
82,2/3,5165/12
53,1.25,5165/12
r,1.0,5165/12
r,2.0,5165/12
r,1/3,5173/12
82,5.0,5177/12
52,1.0,1295/3
55,1.0,5189/12
r,0.75,1298/3
72,1.5,5201/12
50,0.75,1301/3
48,1.0,5213/12
50,0.75,5225/12
52,0.75,2617/6
67,1.25,5237/12
70,1.25,5237/12
r,0.75,5237/12
r,0.75,5237/12
68,1.0,2623/6
65,1.0,2623/6
53,1.0,2623/6
65,1.0,2623/6
r,0.5,1313/3
56,2/3,2629/6
r,1.25,2629/6
r,1.25,2629/6
r,0.25,2633/6
51,1.0,5269/12
r,0.5,5273/12
r,2/3,5273/12
80,4/3,5279/12
77,4/3,5279/12
50,0.75,5281/12
r,1/12,2645/6
53,1.0,5291/12
r,0.5,441.25
80,2/3,441.75
77,2/3,441.75
48,2/3,441.75
r,0.5,5303/12
r,0.5,5309/12
r,0.5,5309/12
80,1/3,5309/12
77,1/3,5309/12
48,1/3,5309/12
77,2.5,5315/12
79,2.5,5315/12
47,2/3,5315/12
r,1/6,5323/12
50,0.75,443.75
r,1/6,444.5
45,0.75,1334/3
r,1/3,5345/12
r,1.25,5345/12
r,2.0,5345/12
77,0.5,5345/12
79,0.5,5345/12
43,1.0,445.75
45,1.0,1340/3
r,2/3,446.75
65,1.0,5369/12
62,1.0,5369/12
47,0.75,5369/12
r,0.75,1343/3
r,0.25,2689/6
63,0.75,5381/12
60,0.75,5381/12
48,0.75,5381/12
r,2.75,5381/12
r,2.75,5381/12
65,0.25,5381/12
62,0.25,5381/12
51,1.0,2695/6
46,11/6,2701/6
r,2/3,5417/12
r,1.5,5417/12
r,1.5,5417/12
r,8/3,5417/12
72,13/12,5417/12
75,13/12,5417/12
84,13/12,5417/12
44,5/12,5417/12
48,1.0,5425/12
43,1.25,5435/12
75,2/3,5435/12
72,2/3,5435/12
84,2/3,5435/12
r,5/6,5437/12
r,1/3,5443/12
72,25/12,5447/12
r,0.25,2725/6
r,0.5,5453/12
r,4/3,5453/12
r,2.25,5453/12
80,1.0,5453/12
84,1.0,5453/12
41,5/12,5453/12
44,1.0,5459/12
39,1.0,455.75
r,0.75,5471/12
38,0.75,1370/3
80,0.75,1370/3
77,0.75,1370/3
89,0.75,1370/3
r,2/3,456.75
r,0.25,5489/12
r,1.0,5489/12
r,2.0,5489/12
80,0.5,5489/12
77,0.5,5489/12
89,0.5,5489/12
41,0.75,1373/3
80,2/3,5501/12
77,2/3,5501/12
89,2/3,5501/12
36,1.0,5501/12
r,1/3,5509/12
89,1.0,5513/12
79,1.0,5513/12
86,1.0,5513/12
77,1.0,5513/12
86,1.0,5513/12
35,2/3,5513/12
r,1/3,5521/12
38,1.0,5525/12
r,0.75,5525/12
89,1.75,5525/12
79,1.75,5525/12
86,1.75,5525/12
77,1.75,5525/12
86,1.75,5525/12
33,1.0,2767/6
r,0.75,5537/12
31,1.0,2773/6
r,0.75,2773/6
33,1.0,5555/12
r,0.25,2779/6
r,0.5,5561/12
r,1.5,5561/12
74,1.0,5567/12
77,1.0,5567/12
35,1.0,5567/12
75,1.0,5579/12
72,1.0,5579/12
36,0.75,5579/12
38,1.0,1397/3
r,0.5,5591/12
r,0.25,5597/12
r,1.25,5597/12
39,0.75,1400/3
75,0.75,1400/3
67,0.75,1400/3
r,0.25,5609/12
68,0.75,1403/3
41,5/3,1403/3
74,1/3,5621/12
65,1/3,5621/12
r,2/3,468.75
r,1/12,1408/3
42,1.0,5633/12
72,0.25,5633/12
69,0.25,5633/12
63,0.25,5633/12
r,0.75,1409/3
43,2/3,5645/12
71,0.75,5645/12
67,0.75,5645/12
r,1/3,5653/12
r,1.25,2827/6
55,0.25,5657/12
r,0.5,1415/3
79,0.25,2833/6
74,0.25,2833/6
71,0.25,2833/6
r,0.75,5669/12
77,0.5,2839/6
68,0.5,2839/6
72,0.5,2839/6
r,0.5,1421/3
55,0.25,2845/6
r,2/3,5693/12
67,0.25,5701/12
75,0.25,5701/12
70,0.25,5701/12
r,1/12,1426/3
r,2/3,5705/12
65,0.25,5713/12
68,0.25,5713/12
74,0.25,5713/12
r,7/12,1429/3
55,0.25,5723/12
r,7/12,2863/6
72,0.25,477.75
67,0.25,477.75
63,0.25,477.75
r,5/12,478.0
r,1/3,5741/12
65,1/3,478.75
71,1/3,478.75
62,1/3,478.75
r,2/3,5749/12
55,1/3,479.75
r,7/12,5761/12
68,0.25,1442/3
63,0.25,1442/3
60,0.25,1442/3
r,0.5,5771/12
r,0.25,5777/12
59,0.5,1445/3
67,0.5,1445/3
62,0.5,1445/3
r,0.5,2893/6
43,1/3,1448/3
r,5/12,483.0
79,0.25,5801/12
71,0.25,5801/12
74,0.25,5801/12
r,0.75,1451/3
77,1/3,5813/12
68,1/3,5813/12
72,1/3,5813/12
r,2/3,484.75
43,0.25,5825/12
r,0.75,1457/3
75,0.25,5837/12
70,0.25,5837/12
67,0.25,5837/12
r,0.75,1460/3
65,1/3,5849/12
68,1/3,5849/12
74,1/3,5849/12
r,5/12,487.75
43,1/3,2929/6
r,2/3,488.5
63,0.25,2935/6
72,0.25,2935/6
67,0.25,2935/6
r,0.75,5873/12
65,1/3,2941/6
71,1/3,2941/6
62,1/3,2941/6
r,2/3,490.5
43,1/3,2947/6
r,7/12,491.5
68,0.25,5905/12
63,0.25,5905/12
60,0.25,5905/12
r,0.75,1477/3
59,1/3,5917/12
62,1/3,5917/12
67,1/3,5917/12
r,0.5,5921/12
31,0.5,5927/12
43,0.5,5927/12
r,2/3,5933/12
56,0.25,5941/12
65,0.25,5941/12
60,0.25,5941/12
r,0.75,1486/3
63,0.5,5953/12
55,0.5,5953/12
60,0.5,5953/12
r,0.5,5959/12
31,1/3,5965/12
43,1/3,5965/12
r,2/3,5969/12
53,0.25,5977/12
62,0.25,5977/12
59,0.25,5977/12
r,0.75,1495/3
36,0.25,5989/12
60,0.25,5989/12
51,0.25,5989/12
48,0.25,5989/12
55,0.25,5989/12
43,0.25,5989/12
39,0.25,5989/12
r,1/12,1498/3
r,1.5,5993/12
r,5/3,5993/12
67,1/3,6011/12
75,1.0,6013/12
r,0.5,501.25
72,1/3,501.75
79,1/3,6025/12
r,1/3,6025/12
r,1/3,6029/12
r,0.5,6029/12
75,0.25,502.75
84,0.5,6035/12
r,0.75,503.0
r,2.0,6041/12
79,0.25,503.75
87,0.25,503.75
r,0.75,504.0
87,0.25,504.75
r,5/12,505.0
r,1.25,6065/12
r,7/3,6065/12
67,1/3,1520/3
72,1/3,1520/3
63,1/3,1520/3
60,1/3,1520/3
r,0.75,507.0
63,23/12,507.75
72,1/12,6101/12
67,1/12,6101/12
60,1/12,6101/12
r,2/3,509.0
71,0.25,1529/3
67,0.25,1529/3
65,0.25,1529/3
62,0.25,1529/3
r,5/6,6119/12
50,0.25,510.75
59,0.25,510.75
71,0.25,510.75
62,0.25,510.75
65,0.25,510.75
53,0.25,510.75
56,0.25,510.75
68,0.25,510.75
r,5/12,511.0
r,1.0,6137/12
r,1.25,6137/12
71,1/3,6149/12
77,1.0,1538/3
r,2/3,512.75
74,0.25,6161/12
83,0.25,6161/12
r,0.75,1541/3
r,0.75,1541/3
77,0.25,6173/12
86,1.0,6173/12
r,0.5,1544/3
83,0.25,3091/6
89,0.25,3091/6
r,0.75,6185/12
r,2.0,6185/12
89,0.25,3097/6
r,1.0,6197/12
r,0.75,6209/12
r,2.0,6209/12
r,2.25,6209/12
71,0.25,3109/6
74,0.25,3109/6
65,0.25,3109/6
62,0.25,3109/6
r,0.75,6221/12
71,3.5,3115/6
74,3.5,3115/6
62,3.5,3115/6
71,1.0,6245/12
74,1.0,6245/12
62,1.0,6245/12
65,0.75,6245/12
67,0.25,3127/6
72,0.25,3127/6
63,0.25,3127/6
r,2/3,6257/12
72,0.25,6265/12
75,0.25,6265/12
r,1/12,1567/3
79,5/3,6269/12
r,0.5,6281/12
r,0.75,6281/12
r,0.75,6281/12
r,0.75,6281/12
77,0.5,6287/12
75,4/3,3145/6
60,0.25,3145/6
55,0.75,3145/6
r,1.0,6293/12
r,1.0,6293/12
r,1.5,6299/12
53,1.0,6305/12
56,1.0,6305/12
59,1.0,6305/12
74,2.25,6305/12
r,11/12,525.5
60,0.25,6329/12
51,0.25,6329/12
72,0.25,6329/12
55,0.25,6329/12
r,0.5,1583/3
67,0.25,3169/6
72,0.25,3169/6
75,0.25,3169/6
79,5/3,6341/12
r,0.5,6353/12
r,0.75,6353/12
r,1.0,6353/12
77,2/3,6359/12
75,1.0,3181/6
63,1.0,3181/6
72,0.25,6365/12
67,0.25,6365/12
r,5/6,6367/12
r,1.75,1592/3
r,0.25,3187/6
71,2.25,6377/12
68,2.25,6377/12
65,2.25,6377/12
r,1.0,6389/12
r,1.75,6389/12
71,0.5,6389/12
68,0.5,6389/12
65,0.5,6389/12
72,0.25,6401/12
63,0.25,6401/12
67,0.25,6401/12
r,5/12,1601/3
67,1.0,6409/12
72,0.25,3205/6
75,0.25,3205/6
79,0.75,6413/12
r,1/3,6421/12
r,0.25,3211/6
r,1/3,6425/12
r,0.75,6425/12
65,0.25,535.75
77,0.25,535.75
r,1/6,536.0
51,0.25,3217/6
60,0.25,3217/6
55,0.25,3217/6
75,1.0,3217/6
63,1.0,3217/6
r,1.0,6437/12
r,1.25,3223/6
59,0.25,6449/12
53,0.25,6449/12
r,0.75,1613/3
62,0.25,6461/12
74,0.25,6461/12
r,0.75,6461/12
r,0.5,1616/3
60,0.75,3235/6
72,0.75,3235/6
55,0.25,3235/6
51,0.25,3235/6
r,2.0,6473/12
r,0.5,6479/12
50,0.75,6485/12
53,0.75,6485/12
59,0.25,3247/6
r,0.75,6497/12
r,0.75,6497/12
48,1/3,3253/6
51,1/3,3253/6
68,0.75,3253/6
56,0.75,3253/6
r,11/12,542.5
r,0.5,6515/12
47,4.0,6521/12
67,2.0,6533/12
55,1.5,6533/12
50,1.75,6533/12
r,1.5,6551/12
r,1.0,6557/12
59,0.5,6569/12
r,0.25,6569/12
r,0.75,6569/12
62,0.5,1643/3
65,0.5,6575/12
47,0.5,3289/6
50,0.5,3289/6
56,0.5,3289/6
68,0.5,3289/6
56,0.5,3289/6
53,2/3,6581/12
67,0.75,1646/3
r,0.75,1646/3
r,1/12,6589/12
65,2/3,3295/6
55,0.75,6593/12
51,0.75,6593/12
63,0.75,6593/12
48,1.0,6593/12
51,1.0,6593/12
r,7/12,3299/6
r,0.25,3301/6
r,3.0,6605/12
53,0.25,6641/12
56,0.25,6641/12
r,1.5,6641/12
r,1.75,6641/12
r,0.25,1661/3
62,0.25,6647/12
65,0.25,3325/6
41,0.25,3325/6
r,0.25,6653/12
63,2/3,1664/3
62,2/3,6659/12
43,1.0,3331/6
48,1.0,3331/6
51,1.0,3331/6
60,1.0,3331/6
r,13/12,1666/3
r,5/6,6667/12
r,0.25,3337/6
r,2.5,6677/12
r,2.75,6677/12
55,1/3,6707/12
59,0.5,3355/6
r,1/6,559.25
62,0.25,6713/12
r,1.0,6713/12
65,1/3,1679/3
43,1/3,1679/3
31,1/3,1679/3
r,1/12,560.0
62,0.5,6721/12
59,0.5,6725/12
r,1/6,6727/12
60,1.0,560.75
36,1.0,560.75
48,1.0,560.75
r,1.5,6731/12
r,2/3,561.75
r,3.0,6749/12
r,1.75,6785/12
61,1.25,3403/6
61,3.0,6821/12
59,1.25,3421/6
65,2.75,6857/12
61,4.75,6857/12
r,0.75,6857/12
r,2.0,6857/12
73,0.5,3433/6
r,0.75,1718/3
73,1.0,6881/12
66,3.5,6881/12
58,3.5,6881/12
r,1.0,6893/12
r,2.0,6893/12
r,2.0,6893/12
66,2.0,6893/12
58,2.0,6893/12
73,4.25,6905/12
r,0.25,6929/12
r,2.25,6929/12
r,2.5,6929/12
65,2/3,6929/12
56,1.75,6929/12
59,1.75,6929/12
75,1.0,1733/3
71,3.25,1736/3
r,0.25,6965/12
r,4/3,6965/12
61,1.0,6965/12
66,1.0,6965/12
54,1.0,6965/12
69,1.25,1742/3
70,0.25,581.75
r,1.0,6983/12
r,11/12,582.0
71,3.5,6995/12
r,1/3,7001/12
r,1.5,7001/12
r,2.5,7001/12
73,5.5,7001/12
77,7/3,583.75
85,0.5,7019/12
r,0.5,7025/12
85,1.5,7031/12
r,1/3,7033/12
r,1.5,7067/12
r,2.5,7067/12
r,8/3,7067/12
r,2.75,7067/12
78,2.25,7067/12
70,2.25,7067/12
85,10/3,7085/12
r,0.5,7103/12
r,2.5,7103/12
77,0.75,7103/12
68,2.0,7103/12
71,2.5,7103/12
87,1.0,7109/12
83,2.5,7121/12
r,0.5,7139/12
r,1.5,7139/12
73,1.5,7139/12
66,1.5,7139/12
78,1.5,7139/12
81,4/3,7145/12
82,2/3,7157/12
r,2/3,596.75
r,5/6,7165/12
68,0.5,7169/12
70,0.5,7169/12
r,0.5,7175/12
r,4/3,7175/12
r,2.5,7175/12
r,8/3,7175/12
68,1.5,7175/12
70,1.5,7175/12
74,2.5,7181/12
82,0.5,599.25
r,2/3,599.75
82,1.5,7205/12
r,1.5,7211/12
r,2.5,7211/12
82,0.5,7211/12
70,11/6,7211/12
66,11/6,7211/12
75,29/12,7211/12
82,1.5,7229/12
74,0.5,7241/12
68,0.5,7241/12
65,1.75,7247/12
r,0.5,7247/12
r,1.5,7247/12
74,1.5,7247/12
68,1.5,7247/12
83,1.25,7253/12
80,1.0,7265/12
r,0.75,1817/3
r,1.25,1817/3
63,0.5,7277/12
66,0.5,7277/12
70,0.5,7277/12
r,0.5,7277/12
r,0.5,7283/12
r,1.5,7283/12
r,2.5,7283/12
r,8/3,7283/12
63,1.25,7283/12
66,1.25,7283/12
70,1.25,7283/12
77,1.25,7289/12
78,1.5,7301/12
r,0.75,1826/3
65,17/6,7313/12
r,0.5,7319/12
r,4/3,7319/12
r,2.5,7319/12
71,1.0,7319/12
61,29/12,7319/12
80,1.0,7325/12
77,0.75,611.25
r,1.0,7337/12
r,5/12,612.0
67,3.75,7349/12
r,1/3,7355/12
r,7/3,7355/12
r,2.5,7355/12
72,1.0,7355/12
60,2.75,7355/12
77,2/3,613.25
r,1/3,7367/12
76,1.25,614.25
68,1.75,615.25
r,5/12,615.5
r,1/3,7391/12
r,4/3,7391/12
r,2.75,7391/12
59,1.0,7391/12
77,1.25,616.25
68,0.25,617.25
65,0.25,617.25
r,13/12,617.5
r,7/6,617.5
64,11/6,7423/12
67,11/6,7423/12
r,2/3,7427/12
r,5/3,7427/12
64,11/3,7427/12
67,11/3,7427/12
48,4.5,7427/12
55,1.25,7435/12
56,1.0,7447/12
r,7/12,3725/6
58,1.25,7457/12
r,1/3,7459/12
r,0.5,7481/12
r,0.5,7481/12
r,4/3,7481/12
73,0.5,7487/12
53,1.0,7487/12
r,1/3,7493/12
55,1.0,624.75
73,2/3,624.75
r,0.75,7499/12
r,0.5,7505/12
73,0.75,1877/3
56,2/3,625.75
48,1.0,7511/12
r,0.25,7517/12
r,2.75,7517/12
48,3.5,7517/12
72,0.75,1880/3
52,0.75,1880/3
53,0.75,7529/12
r,0.25,3769/6
55,1.0,7541/12
70,2/3,3775/6
50,0.75,7559/12
r,0.75,7559/12
52,1.25,1892/3
70,2/3,1892/3
r,0.25,1894/3
70,0.75,7579/12
53,0.75,7579/12
48,1.0,7583/12
r,0.25,1897/3
69,10/3,7591/12
55,10/3,7591/12
r,0.75,7595/12
r,2.25,7595/12
r,2.5,7595/12
r,2.5,7595/12
69,5/12,7595/12
55,5/12,7595/12
57,0.5,1901/3
r,5/12,3805/6
58,1.0,7615/12
74,0.5,3811/6
54,1.5,7625/12
r,1/3,7627/12
r,0.25,1907/3
74,0.5,7631/12
r,0.75,7631/12
r,1.75,7631/12
r,2.75,7631/12
73,1/6,7631/12
55,2/3,7637/12
76,2/3,7637/12
74,0.5,1910/3
r,1/12,7645/12
57,1.0,3823/6
r,0.25,3823/6
48,1.5,7649/12
72,0.25,1913/3
r,1/3,7655/12
52,0.75,3829/6
71,0.5,638.25
72,0.5,1916/3
r,1/6,638.75
53,2/3,7667/12
74,2/3,7667/12
r,1.5,7667/12
r,2.75,7667/12
48,2.75,7667/12
72,0.25,7667/12
72,0.25,7675/12
r,1/12,3839/6
55,1.0,7679/12
70,0.25,7685/12
r,0.25,1922/3
50,1.0,7691/12
69,0.5,7691/12
70,0.5,7697/12
52,0.25,1925/3
72,0.5,7703/12
r,1/3,7703/12
r,1.5,7703/12
70,0.5,642.25
r,0.5,7709/12
r,1/6,642.75
69,13/3,7715/12
53,1.0,7715/12
60,0.5,7721/12
57,2/3,7727/12
r,0.5,7727/12
60,0.5,7733/12
r,1/3,7735/12
55,2/3,7739/12
r,0.5,7739/12
60,1/3,7745/12
r,1/12,7747/12
53,0.5,1937/3
r,11/6,645.75
60,0.5,3877/6
55,0.5,1940/3
72,0.5,3883/6
60,0.5,3883/6
77,1/3,7771/12
57,1/3,7771/12
r,0.25,1943/3
60,2/3,7775/12
r,0.75,7775/12
r,1.25,7775/12
77,1/6,7775/12
57,1/6,7775/12
77,7/3,7783/12
55,2/3,1946/3
60,1/3,3895/6
r,0.25,1948/3
r,7/6,649.5
57,1/3,7795/12
60,1/3,7799/12
r,1/3,650.25
58,1/3,7807/12
60,17/12,1952/3
r,0.5,7811/12
r,2/3,7811/12
60,0.25,7811/12
55,0.5,7817/12
76,0.75,7819/12
60,0.75,7819/12
r,0.5,7823/12
r,4/3,1957/3
57,0.5,7829/12
60,0.5,7835/12
58,1/3,7841/12
60,1/3,1961/3
r,1/6,653.75
r,1/3,7847/12
r,1/3,7847/12
r,1.0,7847/12
72,2.0,654.25
52,0.75,654.25
60,1/3,7859/12
r,0.25,655.0
55,2/3,655.25
r,5/3,655.25
r,0.25,7871/12
53,0.5,3937/6
r,1/6,656.25
60,0.5,7877/12
r,0.25,1970/3
74,0.25,7883/12
52,0.25,7883/12
72,0.25,7883/12
r,1.0,7883/12
r,1.75,7883/12
r,0.25,3943/6
60,0.5,7889/12
71,0.5,7889/12
53,0.5,7895/12
72,0.25,7895/12
r,0.25,3949/6
60,1/3,7901/12
79,2/3,7901/12
55,0.5,1976/3
r,1/6,658.75
82,2/3,7907/12
r,1/12,7909/12
60,0.5,3955/6
r,0.75,3955/6
r,1/12,7915/12
82,3.25,1979/3
r,1/3,7919/12
r,0.75,7919/12
53,5/12,7919/12
60,0.5,660.25
55,0.5,1982/3
r,5/12,660.75
60,0.5,3967/6
r,5/12,3967/6
57,0.5,7939/12
r,0.5,1985/3
r,1/3,7945/12
60,0.5,3973/6
81,7/6,7949/12
60,0.5,7955/12
81,0.25,7955/12
55,0.5,7961/12
60,0.25,7967/12
r,0.25,3985/6
57,0.25,7973/12
60,1/3,1994/3
r,0.25,665.0
69,1/3,665.25
53,1/3,665.25
70,1/3,7987/12
60,1/3,7987/12
57,0.25,7991/12
72,0.25,7991/12
r,2.75,7991/12
r,5/12,3997/6
60,0.25,7999/12
74,0.25,7999/12
r,1/12,4001/6
53,0.25,8003/12
76,0.25,8003/12
r,1/12,4003/6
77,0.25,667.25
60,0.25,667.25
r,1/6,667.5
53,1/3,2003/3
79,1/3,2003/3
r,0.25,668.0
60,0.5,668.25
81,0.5,668.25
57,0.25,2006/3
82,0.25,2006/3
r,1/6,668.75
r,0.25,8027/12
r,1.75,8027/12
60,0.25,4015/6
84,0.25,4015/6
r,0.25,8033/12
53,0.25,2009/3
86,0.25,2009/3
r,0.25,8039/12
60,0.25,4021/6
88,0.25,4021/6
r,0.25,8045/12
89,3.0,2012/3
55,1/3,2012/3
r,0.25,671.0
60,1/3,671.25
58,0.25,8059/12
r,1/12,4031/6
60,1/3,8063/12
r,1.0,8063/12
r,1/3,672.25
55,0.5,8071/12
60,0.5,8075/12
r,1/3,8077/12
55,0.5,8081/12
88,0.5,8081/12
r,1.5,8081/12
60,0.5,8087/12
58,0.5,8093/12
60,1/3,8099/12
r,1.25,8099/12
55,0.25,675.25
r,1/6,675.5
60,0.25,2027/3
r,0.25,8111/12
60,0.75,4057/6
52,0.25,4057/6
r,0.25,8117/12
62,1/3,2030/3
64,0.25,8123/12
55,0.25,8123/12
r,11/12,677.0
r,0.25,4063/6
65,0.25,8129/12
60,0.25,8129/12
r,0.25,2033/3
52,0.5,8135/12
67,0.5,8135/12
r,1.75,8135/12
60,0.5,8141/12
69,0.5,8141/12
70,1/3,8147/12
52,1/3,8147/12
60,0.5,679.25
72,0.5,679.25
74,0.25,2039/3
55,0.25,2039/3
r,5/12,679.75
r,1.0,8159/12
76,0.5,4081/6
60,0.5,4081/6
77,0.25,2042/3
52,0.25,2042/3
r,0.25,8171/12
r,2/3,8171/12
r,1.25,8171/12
r,5/3,8171/12
79,0.5,4087/6
60,0.5,4087/6
80,7/3,8179/12
53,1.0,2045/3
60,0.5,4093/6
55,1.0,8191/12
r,0.25,2048/3
r,1.25,2048/3
60,2/3,8195/12
56,0.75,8203/12
r,1/3,8203/12
60,0.5,8207/12
r,1.0,8207/12
r,8/3,8207/12
80,5/3,8207/12
53,1.25,8213/12
60,0.5,8219/12
79,0.75,8225/12
55,0.75,8225/12
r,0.25,2057/3
60,1.0,8231/12
r,0.25,4117/6
77,1.0,8237/12
56,0.25,8239/12
r,1/12,4121/6
r,1/3,8243/12
r,1/3,8243/12
r,0.75,8243/12
75,1.5,687.25
55,2/3,687.25
63,0.25,2063/3
r,0.25,8255/12
r,2.0,8255/12
60,0.5,4129/6
63,0.25,2066/3
r,5/12,688.75
r,0.5,8267/12
77,1/3,4135/6
55,1/3,4135/6
75,1/3,4135/6
63,0.5,8273/12
74,0.5,8273/12
r,5/12,689.5
75,0.5,8279/12
55,0.5,8279/12
79,1.0,8279/12
r,1/3,8279/12
r,0.75,8279/12
62,0.5,690.25
r,0.25,8285/12
59,0.5,2072/3
77,1.0,2072/3
r,13/6,690.75
r,1.75,8291/12
r,1/12,4147/6
62,0.25,691.25
r,1/6,691.5
55,0.25,2075/3
74,0.25,2075/3
r,1.25,2075/3
r,0.25,8303/12
62,0.25,4153/6
r,0.25,8309/12
48,11/12,2078/3
r,0.25,8315/12
r,2/3,8315/12
75,3.0,8315/12
63,3.0,8315/12
55,0.5,4159/6
51,1/3,8323/12
r,0.5,2081/3
r,2.0,8327/12
55,1/3,4165/6
r,1/12,694.5
50,1/3,8335/12
55,0.5,8339/12
48,0.5,8345/12
55,1/3,8351/12
r,0.75,8351/12
r,0.75,8351/12
50,0.5,696.25
55,0.5,2090/3
67,0.25,2090/3
79,0.25,2090/3
r,5/12,696.75
r,2.0,8363/12
72,0.5,4183/6
84,0.5,4183/6
51,0.5,4183/6
r,13/12,4183/6
55,0.5,2093/3
72,0.75,4189/6
84,0.75,4189/6
50,0.25,698.25
r,1/6,698.5
55,0.5,2096/3
r,0.25,8387/12
r,2.0,8387/12
72,1.0,8387/12
84,1.0,8387/12
51,0.25,4195/6
r,0.25,8393/12
55,0.5,2099/3
53,0.25,4201/6
r,0.25,8405/12
55,1/3,2102/3
83,1.0,8411/12
71,1.0,8411/12
r,1/6,701.0
50,1/3,4207/6
r,1/12,701.5
55,0.5,8419/12
51,0.25,8423/12
r,1.75,8423/12
r,1.75,8423/12
r,7/3,8423/12
83,0.25,8423/12
71,0.25,8423/12
r,0.25,4213/6
55,0.5,8429/12
53,0.25,8435/12
r,0.25,4219/6
55,1/3,8441/12
79,1.25,2111/3
67,1.25,2111/3
r,1/6,703.75
47,0.5,8447/12
55,0.5,704.25
r,0.25,8453/12
50,0.5,2114/3
r,1/6,704.75
r,0.25,8459/12
r,7/3,8459/12
79,1.75,8459/12
67,1.5,8459/12
55,0.5,4231/6
48,0.25,2117/3
55,1/3,8471/12
r,1/3,706.25
47,1/3,8479/12
55,0.5,8483/12
48,0.25,707.25
r,0.25,8489/12
r,1/6,707.5
55,0.5,2123/3
74,0.25,2123/3
86,0.25,2123/3
r,0.25,8495/12
r,0.25,8495/12
r,1.25,8495/12
r,5/3,8495/12
50,1/3,4249/6
77,0.5,4249/6
89,0.5,4249/6
r,1/12,708.5
55,0.5,8503/12
r,0.5,2126/3
r,1/12,8509/12
77,2.25,4255/6
89,1.75,4255/6
48,0.5,4255/6
55,0.5,8515/12
r,0.25,2129/3
50,2/3,8519/12
r,1/3,8521/12
55,0.25,8525/12
r,1/3,8527/12
r,0.25,2132/3
51,0.25,8531/12
r,2.25,8531/12
r,0.25,4267/6
55,0.5,8537/12
75,0.5,8543/12
87,0.5,8543/12
48,0.5,8543/12
55,0.25,8549/12
r,0.25,2138/3
50,1/3,8555/12
55,0.5,4279/6
r,5/12,713.25
51,0.25,2141/3
r,0.25,2141/3
r,0.25,8567/12
r,1.0,8567/12
55,0.5,4285/6
63,0.5,2144/3
48,0.5,2144/3
67,0.25,8579/12
55,0.25,8579/12
r,0.25,4291/6
r,1.75,4291/6
51,0.25,8585/12
72,0.25,8585/12
r,0.25,2147/3
55,0.25,8591/12
67,0.25,8591/12
r,0.25,4297/6
48,0.5,8597/12
72,0.5,8597/12
75,1/3,8603/12
55,1/3,8603/12
r,0.75,8603/12
48,0.5,717.25
72,0.5,717.25
75,0.5,2153/3
55,0.5,2153/3
r,5/12,717.75
51,1/3,4309/6
79,1/3,4309/6
r,1.25,4309/6
r,1/12,718.5
55,0.25,8623/12
75,0.25,8623/12
r,1/12,4313/6
48,1/3,8627/12
79,1/3,8627/12
84,0.25,719.25
55,0.5,8633/12
r,5/12,719.5
84,8/3,8639/12
50,0.5,8639/12
r,1.75,8639/12
55,0.25,8645/12
r,0.25,2162/3
53,1/3,8651/12
55,0.5,721.25
50,0.5,2165/3
r,5/12,721.75
55,0.5,4333/6
r,0.75,4333/6
r,1/12,8671/12
83,0.25,2168/3
50,0.25,2168/3
r,0.25,2168/3
55,0.5,8675/12
r,0.25,8681/12
53,0.25,2171/3
55,0.5,8687/12
50,0.25,8693/12
55,0.25,2174/3
r,0.25,8699/12
47,0.25,4351/6
55,0.25,4351/6
r,0.25,8705/12
59,0.25,2177/3
55,0.25,2177/3
r,0.25,8711/12
r,1.75,8711/12
50,1/3,4357/6
62,1/3,4357/6
r,1/12,726.5
55,1/3,8719/12
59,1/3,8719/12
47,0.5,8723/12
62,0.5,8723/12
55,1/3,8729/12
67,1/3,8729/12
47,0.25,2183/3
62,0.25,2183/3
r,5/12,727.75
r,1.0,8735/12
55,0.5,4369/6
67,0.5,4369/6
50,0.25,2186/3
71,0.25,2186/3
r,0.25,8747/12
r,2/3,8747/12
r,1.0,8747/12
50,0.25,8747/12
71,0.25,8747/12
55,0.5,4375/6
67,0.5,4375/6
47,0.5,8755/12
71,0.5,8755/12
r,0.25,2189/3
55,0.25,8759/12
74,0.5,8759/12
r,5/6,8761/12
r,0.25,4381/6
75,1.5,8765/12
r,1.25,8765/12
48,1/3,8771/12
47,0.5,731.25
48,0.5,2195/3
r,1/6,731.75
r,0.25,8783/12
r,0.25,8783/12
47,1/3,4393/6
84,0.75,4393/6
r,1/12,732.5
48,0.5,8791/12
40,0.5,8795/12
r,1/3,8797/12
48,0.5,8801/12
r,1.5,8801/12
41,1/3,8807/12
48,0.5,734.25
r,1/6,734.75
43,1/3,8819/12
52,1.0,8819/12
r,0.25,8819/12
48,0.5,4411/6
r,5/12,735.25
53,8/3,2207/3
41,2/3,2207/3
r,0.25,8831/12
48,0.5,4417/6
r,0.25,2209/3
43,0.5,8839/12
r,0.25,2210/3
48,2/3,8843/12
r,5/6,8845/12
45,1/3,8851/12
48,0.5,8855/12
r,0.5,8855/12
r,2/3,8855/12
42,0.5,8861/12
54,2.5,8861/12
53,2/3,8863/12
48,2/3,8863/12
r,1/3,8867/12
43,0.5,739.25
r,5/12,739.25
48,0.5,2219/3
r,5/12,739.75
45,0.5,4441/6
r,0.75,4441/6
48,0.25,2222/3
r,0.25,8891/12
r,0.25,8891/12
r,2/3,8891/12
43,2/3,4447/6
55,2.0,4447/6
51,1/3,8899/12
r,1/12,4451/6
48,0.5,8903/12
r,1/3,8903/12
51,0.5,742.25
r,0.25,8909/12
43,0.5,2228/3
r,7/6,742.75
51,0.25,4459/6
r,0.75,4459/6
43,0.25,8921/12
55,0.25,8921/12
53,0.25,2231/3
50,0.25,8927/12
55,0.25,8927/12
r,0.5,8927/12
r,0.25,4465/6
47,0.75,8933/12
53,0.25,8933/12
55,0.25,8933/12
r,0.25,2234/3
53,0.25,8939/12
55,0.25,8939/12
43,0.25,4471/6
r,1.0,4471/6
53,0.25,8945/12
55,0.25,8945/12
r,0.25,2237/3
53,0.25,8951/12
51,1/3,4477/6
36,0.75,4477/6
48,0.75,4477/6
r,1/6,746.5
55,0.5,2240/3
r,0.25,8963/12
r,1.0,8963/12
36,3.25,8963/12
48,3.25,8963/12
60,1/3,4483/6
r,1/12,747.5
55,0.5,8971/12
60,0.5,8975/12
r,1/3,8977/12
63,0.25,8981/12
r,1.5,8981/12
r,0.25,2246/3
67,1/3,8987/12
63,0.25,749.25
r,1/6,749.5
67,0.25,2249/3
67,1/3,4501/6
r,0.25,4501/6
72,0.25,9005/12
r,5/12,750.5
r,2.5,2252/3
75,0.25,9011/12
79,0.25,4507/6
r,0.25,9017/12
84,0.5,2255/3
39,0.5,2255/3
48,1/3,4513/6
41,0.25,752.5
r,1/6,752.75
48,0.5,9035/12
r,0.25,4519/6
r,0.25,4519/6
r,2/3,4519/6
60,2.75,9041/12
43,0.5,9041/12
48,0.5,4523/6
r,0.25,9047/12
40,0.5,4525/6
r,7/6,2263/3
48,0.5,2264/3
41,0.5,4531/6
48,0.5,755.5
r,0.25,2267/3
52,0.5,9071/12
43,0.5,9071/12
r,1/6,756.0
r,1/3,4537/6
r,2/3,4537/6
r,0.75,4537/6
52,1/12,4537/6
43,1/12,4537/6
48,0.5,756.5
53,7/3,4541/6
41,0.5,9083/12
r,5/12,757.0
48,0.5,9089/12
r,5/12,9089/12
43,0.5,4547/6
r,0.25,9095/12
48,0.5,4549/6
r,1/3,2275/3
45,1/3,2276/3
60,2/3,2276/3
r,1/6,759.0
48,0.5,4555/6
r,0.5,4555/6
r,0.75,4555/6
60,0.75,4555/6
42,0.5,2279/3
54,1.75,2279/3
48,0.5,9119/12
r,0.25,4561/6
43,0.5,9125/12
r,5/12,9125/12
48,0.5,4565/6
r,0.25,9131/12
60,1.0,4567/6
r,0.5,2284/3
45,0.5,9137/12
48,0.5,4571/6
r,0.25,9143/12
55,0.5,4573/6
r,0.25,4573/6
43,0.75,9149/12
48,0.5,2288/3
60,0.5,2288/3
55,0.5,4579/6
47,0.5,4579/6
59,0.5,4579/6
r,1/3,4579/6
48,0.5,763.5
60,0.5,763.5
r,0.5,2291/3
r,11/12,764.0
55,1/3,4585/6
43,1/3,4585/6
60,0.5,764.5
48,0.5,764.5
56,0.25,9179/12
44,0.25,9179/12
r,1/6,765.0
r,0.25,4591/6
r,2/3,4591/6
r,2/3,4591/6
56,1.0,4591/6
44,1.0,4591/6
48,0.5,9185/12
60,0.5,9185/12
59,0.75,4595/6
47,0.5,4595/6
r,0.25,9191/12
48,0.25,4597/6
60,0.25,4597/6
r,11/6,2299/3
r,0.25,9197/12
r,4/3,9199/12
54,0.25,2300/3
42,0.25,2300/3
r,0.25,9203/12
60,0.5,4603/6
48,0.5,4603/6
55,0.5,2303/3
43,0.5,2303/3
60,0.25,9215/12
48,0.25,9215/12
r,0.25,4609/6
r,1/3,4609/6
55,0.5,4609/6
43,0.5,4609/6
60,0.25,4609/6
48,0.25,4609/6
59,1.0,9221/12
47,1/3,768.5
48,1/3,4613/6
60,1/3,4613/6
r,1.0,4615/6
52,1/3,9233/12
40,1/3,9233/12
r,1/12,769.75
60,0.5,4619/6
48,0.5,4619/6
41,0.75,4621/6
53,0.75,4621/6
r,1/3,2311/3
60,0.5,2312/3
48,0.5,2312/3
r,0.25,9251/12
44,1/3,4627/6
56,1/3,4627/6
r,0.75,4627/6
60,0.5,771.5
48,0.5,771.5
42,0.5,9263/12
54,0.5,9263/12
r,5/12,772.0
60,2/3,9269/12
48,2/3,9269/12
r,0.5,9269/12
43,1/3,9275/12
55,1/3,9275/12
r,5/6,9277/12
r,11/12,773.25
55,0.25,9287/12
60,0.25,9287/12
63,0.25,9287/12
r,0.5,4645/6
r,2/3,4645/6
67,1/3,2324/3
75,2/3,4649/6
r,0.5,775.0
72,1/3,775.5
r,1/6,775.5
78,1.5,2327/3
r,5/6,4655/6
56,1/3,2330/3
63,1/3,2330/3
60,1/3,2330/3
r,1/6,777.0
r,0.25,4663/6
r,1/3,4663/6
66,0.25,9329/12
75,0.5,777.5
r,0.5,2333/3
r,5/12,778.0
72,1/3,4669/6
79,1.0,9341/12
r,2/3,778.5
55,0.25,4675/6
63,0.25,4675/6
60,0.25,4675/6
r,0.75,9353/12
r,0.75,9353/12
67,0.25,4681/6
75,0.5,4681/6
r,0.5,9365/12
r,1.25,2342/3
72,0.25,9371/12
81,4/3,4687/6
54,1/3,9383/12
63,1/3,9383/12
60,1/3,9383/12
r,2/3,782.25
r,1/6,782.5
69,1/3,2348/3
75,0.75,9395/12
r,1/6,783.0
r,0.5,4699/6
r,2/3,4699/6
72,0.25,2351/3
79,1.25,4703/6
r,0.75,9407/12
63,0.5,2354/3
55,0.5,2354/3
60,0.5,2354/3
r,5/6,9421/12
75,1/3,4711/6
75,0.5,785.5
72,0.25,9431/12
r,1/6,786.0
r,0.25,4717/6
r,2/3,4717/6
72,0.5,9437/12
67,0.25,4721/6
r,0.25,9443/12
r,17/12,9445/12
67,0.5,4723/6
63,0.25,2363/3
r,0.25,9455/12
63,0.5,4729/6
60,0.25,788.5
r,0.25,2366/3
r,5/12,788.75
60,0.5,9467/12
r,0.25,4735/6
r,2.5,4735/6
55,0.25,9473/12
r,0.25,2369/3
55,0.5,9479/12
51,0.25,9485/12
51,0.5,2372/3
48,0.25,4747/6
r,0.25,9497/12
31,2.5,2375/3
r,4/3,4753/6
r,7/3,4753/6
r,2.5,4753/6
43,2.5,4753/6
50,0.25,793.5
55,0.25,793.5
53,0.25,793.5
59,0.25,793.5
r,2/3,793.75
60,2.25,9533/12
55,2.25,9533/12
r,0.25,4771/6
r,1.25,4771/6
r,2.0,4771/6
60,19/12,4771/6
55,19/12,4771/6
51,1.75,4771/6
43,5.25,9545/12
42,1.0,9557/12
41,1.0,4783/6
r,0.75,9569/12
59,0.25,4789/6
67,0.25,4789/6
62,0.25,4789/6
65,0.25,4789/6
39,1.0,4789/6
r,8/3,4789/6
r,0.5,9581/12
38,0.25,9587/12
59,0.25,9587/12
67,0.25,9587/12
62,0.25,9587/12
65,0.25,4795/6
r,0.75,4795/6
r,0.5,9593/12
36,1.0,9599/12
68,1.0,9599/12
60,37/12,9599/12
63,37/12,9599/12
r,2/3,4807/6
r,1.5,4807/6
r,2.5,4807/6
60,13/12,4807/6
63,13/12,4807/6
39,2/3,4807/6
43,1.0,4811/6
31,4/3,2408/3
r,2/3,4817/6
38,1.0,803.5
62,0.25,2411/3
65,0.25,2411/3
71,0.25,2411/3
r,0.25,9647/12
r,1/6,804.0
r,1/3,4825/6
r,0.5,4825/6
r,1.25,4825/6
r,1.25,4825/6
62,0.25,804.5
65,0.25,804.5
71,0.25,804.5
43,1.0,2414/3
r,2/3,804.75
74,1.0,9665/12
36,1.0,9665/12
67,1.75,9665/12
63,1.75,9665/12
r,0.5,2417/3
72,6.0,4837/6
42,1.0,4843/6
r,2.0,4843/6
72,0.75,4843/6
67,0.25,4843/6
63,1.0,4843/6
41,1.0,4849/6
39,1.25,4855/6
59,0.25,4855/6
65,0.25,4855/6
r,0.5,9713/12
38,0.25,9719/12
59,0.25,9719/12
65,0.25,9719/12
67,0.25,9719/12
62,0.25,9719/12
r,0.75,9737/12
r,0.75,9737/12
r,8/3,9737/12
36,1.0,4873/6
68,1.0,4873/6
63,2.0,4873/6
60,2.0,4873/6
39,1.0,4879/6
67,1.0,4879/6
43,1.0,9769/12
r,0.25,4885/6
r,0.25,4885/6
r,0.5,9773/12
r,4/3,9773/12
r,4/3,9773/12
31,1.25,9779/12
38,1.0,815.75
50,1/3,815.75
53,1/3,815.75
59,1/3,815.75
r,4/3,9793/12
r,7/12,4897/6
53,0.25,816.75
59,0.25,816.75
50,0.25,816.75
43,0.75,816.75
r,5/12,817.0
62,1.0,9809/12
36,1.0,9809/12
51,2.0,9809/12
55,2.0,9809/12
60,1.0,9821/12
39,1.0,9821/12
43,1.0,9833/12
r,1.0,9833/12
31,4/3,9845/12
r,0.75,9845/12
r,0.75,9845/12
38,1.5,4927/6
59,0.25,4927/6
53,0.25,4927/6
50,0.25,4927/6
r,0.75,9857/12
r,1/3,821.75
59,0.25,9865/12
50,0.25,9865/12
53,0.25,9865/12
43,1.25,4933/6
r,7/12,2467/3
r,5/12,2468/3
60,0.5,9875/12
36,0.5,9875/12
55,0.5,9875/12
51,7/12,9877/12
55,7/12,9877/12
r,2.75,9881/12
r,2.75,9881/12
r,2.75,9881/12
51,1/6,9881/12
55,1/6,9881/12
75,0.25,4957/6
71,0.25,4957/6
67,0.25,4957/6
31,0.25,4957/6
38,0.25,4957/6
43,0.25,4957/6
74,0.25,4957/6
35,0.25,4957/6
79,0.25,4957/6
67,0.25,4957/6
38,0.25,4957/6
43,0.25,4957/6
76,0.25,9917/12
71,0.75,9917/12
67,0.75,9917/12
31,0.75,9917/12
38,0.75,9917/12
43,0.75,9917/12
74,0.75,9917/12
35,0.75,9917/12
79,0.75,9917/12
67,0.75,9917/12
38,0.75,9917/12
43,0.75,9917/12
r,2.25,4963/6
36,1.0,9953/12
48,1.0,9953/12
39,1.0,9953/12
63,1.0,9953/12
43,1.0,9953/12
60,1.0,9953/12
67,1.0,9953/12
72,1.0,9953/12
r,2.0,9965/12
