r,2.0,0.0
r,2.0,2.0
36,1.75,4.0
32,0.25,5.75
29,4.5,6.0
32,1.25,10.5
36,0.25,11.75
41,4/3,12.0
r,5/3,40/3
r,2.0,15.0
r,1.0,17.0
r,2.5,18.0
r,0.5,20.5
r,0.5,21.0
r,2.0,21.5
r,0.5,23.5
r,4.0,24.0
37,1.75,28.0
34,0.25,29.75
30,4.5,30.0
34,1.25,34.5
37,0.25,35.75
42,4/3,36.0
r,5/3,112/3
r,2.0,39.0
r,1.0,41.0
r,2.5,42.0
r,0.5,44.5
r,0.5,45.0
r,2.0,45.5
r,0.5,47.5
r,6.0,48.0
r,2.0,54.0
r,0.5,56.0
r,1.0,56.5
r,2.0,57.5
r,0.5,59.5
r,1.5,60.0
37,0.5,61.5
37,0.5,62.0
37,0.5,62.5
36,0.75,63.0
r,1.25,63.75
r,1.0,65.0
r,2.5,66.0
r,0.5,68.5
r,0.5,69.0
r,2.0,69.5
r,0.5,71.5
r,1.5,72.0
37,0.5,73.5
37,0.5,74.0
37,0.5,74.5
36,0.75,75.0
r,0.25,75.75
r,2.0,76.0
r,1.0,78.0
r,0.5,79.0
37,0.5,79.5
37,0.5,80.0
37,0.5,80.5
36,0.5,81.0
r,0.5,81.5
r,2.0,82.0
r,6.0,84.0
r,0.5,90.0
r,0.5,90.5
r,1.5,91.0
r,0.5,92.5
r,1.5,93.0
29,0.5,94.5
41,0.5,94.5
r,1.0,95.0
40,3.75,96.0
r,0.25,99.75
36,1.75,100.0
32,0.25,101.75
29,0.75,102.0
r,0.25,102.75
29,0.75,103.0
41,0.75,103.0
r,0.25,103.75
29,0.75,104.0
41,0.75,104.0
r,0.25,104.75
29,0.75,105.0
41,0.75,105.0
r,0.25,105.75
29,0.75,106.0
41,0.75,106.0
r,0.25,106.75
29,0.75,107.0
41,0.75,107.0
r,0.25,107.75
29,4.5,108.0
41,4.5,108.0
32,1.25,112.5
36,0.25,113.75
41,4/3,114.0
r,19/6,346/3
41,2.25,118.5
r,0.25,120.75
40,0.75,121.0
r,0.25,121.75
40,0.75,122.0
r,0.25,122.75
40,0.75,123.0
r,0.25,123.75
40,0.75,124.0
r,0.25,124.75
40,0.75,125.0
r,0.25,125.75
r,2.5,126.0
r,0.5,128.5
r,2.0,129.0
r,1.0,131.0
r,0.5,132.0
r,0.5,132.5
40,0.75,133.0
r,0.25,133.75
40,0.75,134.0
r,0.25,134.75
40,0.75,135.0
r,0.25,135.75
40,0.75,136.0
r,0.25,136.75
40,0.75,137.0
r,0.25,137.75
r,2.5,138.0
r,0.5,140.5
r,2.0,141.0
r,0.5,143.0
r,0.5,143.5
r,0.5,144.0
r,5.5,144.5
r,6.0,150.0
r,0.5,156.0
r,5.5,156.5
r,0.5,162.0
r,5.5,162.5
r,6.0,168.0
r,5.5,174.0
r,0.5,179.5
r,6.0,180.0
r,3.0,186.0
r,3.0,189.0
r,3.0,192.0
r,3.0,195.0
r,6.0,198.0
r,4.5,204.0
r,0.5,208.5
r,0.5,209.0
r,0.5,209.5
32,0.75,210.0
r,0.25,210.75
32,0.75,211.0
r,0.25,211.75
32,0.75,212.0
r,0.25,212.75
32,0.75,213.0
r,0.25,213.75
32,0.75,214.0
r,0.25,214.75
32,0.75,215.0
r,0.25,215.75
32,0.75,216.0
r,0.25,216.75
32,0.75,217.0
r,0.25,217.75
32,0.75,218.0
r,0.25,218.75
34,0.75,219.0
r,0.25,219.75
34,0.75,220.0
r,0.25,220.75
34,0.75,221.0
r,0.25,221.75
36,0.75,222.0
r,0.25,222.75
36,0.75,223.0
r,0.25,223.75
36,0.75,224.0
r,0.25,224.75
36,0.75,225.0
r,0.25,225.75
36,0.75,226.0
r,0.25,226.75
37,0.75,227.0
r,0.25,227.75
39,0.75,228.0
r,0.25,228.75
39,0.75,229.0
r,0.25,229.75
39,0.75,230.0
r,0.25,230.75
39,0.75,231.0
r,0.25,231.75
39,0.75,232.0
r,0.25,232.75
39,0.75,233.0
r,0.25,233.75
r,0.5,234.0
r,5.5,234.5
r,5.5,240.0
r,0.5,245.5
r,6.0,246.0
r,6.0,252.0
r,4.5,258.0
r,1.5,262.5
r,0.5,264.0
r,5.5,264.5
r,0.5,270.0
r,5.0,270.5
r,0.5,275.5
r,0.5,276.0
r,5.0,276.5
r,0.5,281.5
r,0.5,282.0
r,5.5,282.5
r,6.0,288.0
r,3.5,294.0
42,0.5,297.5
40,0.5,298.0
39,0.5,298.5
37,0.5,299.0
35,0.5,299.5
34,0.5,300.0
35,0.5,300.5
37,0.5,301.0
39,0.5,301.5
40,0.5,302.0
39,0.5,302.5
37,0.5,303.0
35,0.5,303.5
34,0.5,304.0
39,0.5,304.5
37,0.5,305.0
39,0.5,305.5
32,0.75,306.0
r,0.25,306.75
32,0.5,307.0
32,0.5,307.5
32,0.5,308.0
32,0.5,308.5
32,0.75,309.0
r,0.25,309.75
32,0.5,310.0
32,0.5,310.5
32,0.5,311.0
32,0.5,311.5
32,0.75,312.0
r,0.25,312.75
32,0.5,313.0
32,0.5,313.5
32,0.5,314.0
32,0.5,314.5
32,0.75,315.0
r,0.25,315.75
32,0.5,316.0
32,0.5,316.5
32,0.5,317.0
32,0.5,317.5
33,4.5,318.0
34,0.5,322.5
37,0.5,323.0
40,0.5,323.5
r,3.0,324.0
r,2.5,327.0
r,0.5,329.5
r,6.0,330.0
r,6.0,336.0
r,6.0,342.0
r,3.0,348.0
r,3.0,351.0
r,3.0,354.0
r,2.5,357.0
r,0.5,359.5
r,6.0,360.0
r,4.5,366.0
r,1.5,370.5
r,4.5,372.0
r,1.5,376.5
r,4.5,378.0
r,1.5,382.5
r,3.0,384.0
39,1.25,387.0
r,0.25,388.25
35,1.25,388.5
r,0.25,389.75
32,3.75,390.0
r,0.75,393.75
r,1.5,394.5
39,0.75,396.0
r,3.75,396.75
r,1.5,400.5
40,4.5,402.0
r,1.5,406.5
r,3.0,408.0
r,2.5,411.0
r,0.5,413.5
r,2.5,414.0
r,0.5,416.5
r,2.5,417.0
r,0.5,419.5
r,6.0,420.0
r,2.5,426.0
r,0.5,428.5
r,2.5,429.0
r,0.5,431.5
r,6.0,432.0
r,2.5,438.0
r,0.5,440.5
r,2.5,441.0
r,0.5,443.5
r,0.5,444.0
r,1.0,444.5
42,2.75,445.5
r,1.75,448.25
r,3.0,450.0
35,2.75,453.0
r,0.25,455.75
r,2.5,456.0
r,0.5,458.5
r,2.5,459.0
r,0.5,461.5
r,0.5,462.0
r,1.0,462.5
r,4.5,463.5
r,3.0,468.0
r,3.0,471.0
40,4.5,474.0
r,1.5,478.5
r,6.0,480.0
r,0.5,486.0
r,5.5,486.5
r,4.5,492.0
41,1.25,496.5
r,0.25,497.75
36,4.5,498.0
39,4/3,502.5
r,1/6,3023/6
r,5.5,504.0
r,0.5,509.5
r,0.5,510.0
r,5.5,510.5
r,4.5,516.0
37,1.25,520.5
r,0.25,521.75
32,4.5,522.0
36,1.25,526.5
39,0.25,527.75
r,6.0,528.0
r,6.0,534.0
r,1.5,540.0
42,1.25,541.5
r,0.25,542.75
39,1.25,543.0
r,0.25,544.25
33,1.25,544.5
r,0.25,545.75
32,1.25,546.0
r,0.25,547.25
33,1.25,547.5
r,0.25,548.75
32,1.25,549.0
r,0.25,550.25
33,1.25,550.5
r,0.25,551.75
32,1.25,552.0
r,0.25,553.25
33,1.25,553.5
r,0.25,554.75
32,1.25,555.0
r,0.25,556.25
33,1.25,556.5
r,0.25,557.75
32,0.75,558.0
r,5.25,558.75
r,6.0,564.0
r,5.5,570.0
r,0.5,575.5
r,6.0,576.0
r,6.0,582.0
r,6.0,588.0
r,0.5,594.0
r,5.0,594.5
r,0.5,599.5
r,0.5,600.0
r,5.5,600.5
r,3.0,606.0
r,3.0,609.0
r,3.0,612.0
r,3.0,615.0
r,3.0,618.0
r,3.0,621.0
r,3.0,624.0
r,3.0,627.0
r,0.5,630.0
r,2.5,630.5
42,0.75,633.0
r,0.25,633.75
42,0.5,634.0
41,0.5,634.5
42,0.5,635.0
41,0.5,635.5
39,0.5,636.0
r,2.5,636.5
39,0.5,639.0
41,0.5,639.5
39,0.5,640.0
37,0.5,640.5
39,0.5,641.0
37,0.5,641.5
36,0.5,642.0
r,2.5,642.5
36,0.5,645.0
37,0.5,645.5
36,0.5,646.0
34,0.5,646.5
36,0.5,647.0
34,0.5,647.5
32,0.5,648.0
31,0.5,648.5
32,0.5,649.0
34,0.5,649.5
32,0.5,650.0
34,0.5,650.5
35,0.5,651.0
34,0.5,651.5
35,0.5,652.0
36,0.5,652.5
35,0.5,653.0
36,0.5,653.5
37,0.75,654.0
r,0.25,654.75
37,0.75,655.0
r,0.25,655.75
37,0.75,656.0
r,0.25,656.75
37,0.75,657.0
r,0.25,657.75
37,0.75,658.0
r,0.25,658.75
37,0.75,659.0
r,0.25,659.75
37,0.75,660.0
r,0.25,660.75
37,0.75,661.0
r,0.25,661.75
37,0.75,662.0
r,0.25,662.75
39,0.75,663.0
r,0.25,663.75
39,0.75,664.0
r,0.25,664.75
39,0.75,665.0
r,0.25,665.75
41,0.75,666.0
r,0.25,666.75
41,0.75,667.0
r,0.25,667.75
41,0.75,668.0
r,0.25,668.75
41,0.75,669.0
r,0.25,669.75
41,0.75,670.0
r,0.25,670.75
42,0.75,671.0
r,0.25,671.75
r,6.0,672.0
r,0.5,678.0
r,5.5,678.5
r,6.0,684.0
r,0.5,690.0
r,5.5,690.5
r,6.0,696.0
r,0.5,702.0
r,5.5,702.5
r,6.0,708.0
r,0.5,714.0
r,5.0,714.5
r,0.5,719.5
r,0.5,720.0
r,5.0,720.5
r,0.5,725.5
r,0.5,726.0
r,5.0,726.5
r,0.5,731.5
r,5.0,732.0
r,0.5,737.0
r,0.5,737.5
r,3.0,738.0
r,3.0,741.0
r,3.0,744.0
r,3.0,747.0
r,6.0,750.0
r,6.0,756.0
r,6.0,762.0
r,6.0,768.0
r,4.5,774.0
40,0.25,778.5
r,1.25,778.75
37,1.75,780.0
r,2.75,781.75
37,0.5,784.5
37,0.5,785.0
37,0.5,785.5
37,0.75,786.0
r,3.75,786.75
37,0.5,790.5
37,0.5,791.0
37,0.5,791.5
36,0.75,792.0
r,3.75,792.75
37,0.5,796.5
37,0.5,797.0
37,0.5,797.5
36,0.75,798.0
r,3.75,798.75
37,0.5,802.5
37,0.5,803.0
37,0.5,803.5
36,0.5,804.0
36,0.5,804.5
36,0.5,805.0
36,0.5,805.5
36,0.5,806.0
36,0.5,806.5
36,0.5,807.0
36,0.5,807.5
36,0.5,808.0
36,0.5,808.5
36,0.5,809.0
36,0.5,809.5
36,0.5,810.0
36,0.5,810.5
36,0.5,811.0
36,0.5,811.5
36,0.5,812.0
36,0.5,812.5
36,0.5,813.0
36,0.5,813.5
36,0.5,814.0
36,0.5,814.5
36,0.5,815.0
36,0.5,815.5
36,0.5,816.0
36,0.5,816.5
36,0.5,817.0
36,0.5,817.5
36,0.5,818.0
36,0.5,818.5
36,0.5,819.0
36,0.5,819.5
36,0.5,820.0
36,0.5,820.5
36,0.5,821.0
36,0.5,821.5
36,0.5,822.0
36,0.5,822.5
36,0.5,823.0
36,0.5,823.5
36,0.5,824.0
36,0.5,824.5
36,0.5,825.0
36,0.5,825.5
36,0.5,826.0
36,0.5,826.5
36,0.5,827.0
36,0.5,827.5
36,0.5,828.0
36,0.5,828.5
36,0.5,829.0
36,0.5,829.5
36,0.5,830.0
36,0.5,830.5
36,0.5,831.0
36,0.5,831.5
36,0.5,832.0
36,0.5,832.5
36,0.5,833.0
36,0.5,833.5
36,0.5,834.0
36,0.5,834.5
36,0.5,835.0
36,0.5,835.5
36,0.5,836.0
36,0.5,836.5
36,0.5,837.0
37,0.5,837.5
37,0.5,838.0
37,0.5,838.5
37,0.5,839.0
37,0.5,839.5
37,0.5,840.0
37,0.5,840.5
37,0.5,841.0
37,0.5,841.5
37,0.5,842.0
37,0.5,842.5
37,0.5,843.0
37,0.5,843.5
37,0.5,844.0
37,0.5,844.5
37,0.5,845.0
37,0.5,845.5
37,0.5,846.0
37,0.5,846.5
37,0.5,847.0
37,0.5,847.5
37,0.5,848.0
37,0.5,848.5
37,0.5,849.0
37,0.5,849.5
37,0.5,850.0
37,0.5,850.5
37,0.5,851.0
37,0.5,851.5
37,0.5,852.0
37,0.5,852.5
37,0.5,853.0
37,0.5,853.5
37,0.5,854.0
37,0.5,854.5
37,0.5,855.0
37,0.5,855.5
37,0.5,856.0
37,0.5,856.5
37,0.5,857.0
37,0.5,857.5
37,0.5,858.0
35,0.5,858.5
41,0.5,858.5
35,0.5,859.0
41,0.5,859.0
35,0.5,859.5
41,0.5,859.5
35,0.5,860.0
41,0.5,860.0
35,0.5,860.5
41,0.5,860.5
35,0.5,861.0
41,0.5,861.0
35,0.5,861.5
41,0.5,861.5
35,0.5,862.0
41,0.5,862.0
35,0.5,862.5
41,0.5,862.5
35,0.5,863.0
41,0.5,863.0
35,0.5,863.5
41,0.5,863.5
40,0.5,864.0
36,0.5,864.5
36,0.5,865.0
36,0.5,865.5
36,0.5,866.0
36,0.5,866.5
41,0.5,867.0
36,0.5,867.5
36,0.5,868.0
36,0.5,868.5
36,0.5,869.0
36,0.5,869.5
40,0.5,870.0
36,0.5,870.5
36,0.5,871.0
36,0.5,871.5
36,0.5,872.0
36,0.5,872.5
36,0.5,873.0
36,0.5,873.5
36,0.5,874.0
36,0.5,874.5
36,0.5,875.0
36,0.5,875.5
r,0.5,876.0
36,0.5,876.5
36,0.5,877.0
36,0.5,877.5
36,0.5,878.0
36,0.5,878.5
r,0.5,879.0
36,0.5,879.5
36,0.5,880.0
36,0.5,880.5
36,0.5,881.0
36,0.5,881.5
r,0.5,882.0
36,0.5,882.5
36,0.5,883.0
36,0.5,883.5
36,0.5,884.0
36,0.5,884.5
36,0.5,885.0
36,0.5,885.5
36,0.5,886.0
36,0.5,886.5
36,0.5,887.0
36,0.5,887.5
36,0.5,888.0
36,0.5,888.5
36,0.5,889.0
36,0.5,889.5
36,0.5,890.0
36,0.5,890.5
36,0.5,891.0
36,0.5,891.5
36,0.5,892.0
36,0.5,892.5
36,0.5,893.0
36,0.5,893.5
36,0.5,894.0
36,0.5,894.5
36,0.5,895.0
36,0.5,895.5
36,0.5,896.0
36,0.5,896.5
36,0.5,897.0
36,0.5,897.5
36,0.5,898.0
36,0.5,898.5
36,0.5,899.0
36,0.5,899.5
36,0.5,900.0
36,0.5,900.5
36,0.5,901.0
36,0.5,901.5
36,0.5,902.0
36,0.5,902.5
31,0.5,903.0
36,0.5,903.5
36,0.5,904.0
29,0.5,904.5
41,0.5,904.5
36,0.5,905.0
36,0.5,905.5
40,3.75,906.0
r,0.25,909.75
36,1.75,910.0
33,0.25,911.75
29,0.75,912.0
r,0.25,912.75
29,0.75,913.0
41,0.75,913.0
r,0.25,913.75
29,0.75,914.0
41,0.75,914.0
r,0.25,914.75
29,0.75,915.0
41,0.75,915.0
r,0.25,915.75
29,0.75,916.0
41,0.75,916.0
r,0.25,916.75
29,0.75,917.0
41,0.75,917.0
r,0.25,917.75
29,4.5,918.0
41,4.5,918.0
33,1.25,922.5
36,0.25,923.75
41,5/3,924.0
r,17/6,2777/3
41,2.25,928.5
r,0.25,930.75
40,0.75,931.0
r,0.25,931.75
40,0.75,932.0
r,0.25,932.75
40,0.75,933.0
r,0.25,933.75
40,0.75,934.0
r,0.25,934.75
40,0.75,935.0
r,0.25,935.75
r,2.5,936.0
r,0.5,938.5
r,2.5,939.0
r,0.5,941.5
r,0.5,942.0
r,0.5,942.5
40,0.75,943.0
r,0.25,943.75
40,0.75,944.0
r,0.25,944.75
40,0.75,945.0
r,0.25,945.75
40,0.75,946.0
r,0.25,946.75
40,0.75,947.0
r,0.25,947.75
r,2.5,948.0
r,0.5,950.5
r,2.5,951.0
r,0.5,953.5
r,0.5,954.0
r,5.0,954.5
r,0.5,959.5
r,2.5,960.0
r,0.5,962.5
r,2.5,963.0
r,0.5,965.5
r,0.5,966.0
r,5.0,966.5
r,0.5,971.5
r,2.5,972.0
r,0.5,974.5
r,2.5,975.0
r,0.5,977.5
r,0.5,978.0
r,5.5,978.5
r,5.5,984.0
r,0.5,989.5
r,0.5,990.0
r,5.5,990.5
r,6.0,996.0
r,6.0,1002.0
r,5.5,1008.0
r,0.5,1013.5
r,0.5,1014.0
r,5.5,1014.5
r,3.0,1020.0
r,3.0,1023.0
r,3.0,1026.0
r,3.0,1029.0
r,0.5,1032.0
r,5.5,1032.5
r,5.5,1038.0
r,0.5,1043.5
29,0.75,1044.0
r,0.25,1044.75
29,0.75,1045.0
r,0.25,1045.75
29,0.75,1046.0
r,0.25,1046.75
29,0.75,1047.0
r,0.25,1047.75
29,0.75,1048.0
r,0.25,1048.75
29,0.75,1049.0
r,0.25,1049.75
29,0.75,1050.0
r,0.25,1050.75
29,0.75,1051.0
r,0.25,1051.75
29,0.75,1052.0
r,0.25,1052.75
31,0.75,1053.0
r,0.25,1053.75
31,0.75,1054.0
r,0.25,1054.75
31,0.75,1055.0
r,0.25,1055.75
33,0.75,1056.0
r,0.25,1056.75
33,0.75,1057.0
r,0.25,1057.75
33,0.75,1058.0
r,0.25,1058.75
33,0.75,1059.0
r,0.25,1059.75
33,0.75,1060.0
r,0.25,1060.75
34,0.75,1061.0
r,0.25,1061.75
36,0.75,1062.0
r,0.25,1062.75
36,0.75,1063.0
r,0.25,1063.75
36,0.75,1064.0
r,0.25,1064.75
36,0.75,1065.0
r,0.25,1065.75
36,0.75,1066.0
r,0.25,1066.75
36,0.75,1067.0
r,0.25,1067.75
41,0.75,1068.0
r,0.25,1068.75
41,0.75,1069.0
r,0.25,1069.75
41,0.75,1070.0
r,0.25,1070.75
41,0.75,1071.0
r,0.25,1071.75
41,0.75,1072.0
r,0.25,1072.75
41,0.75,1073.0
r,0.25,1073.75
41,0.75,1074.0
r,0.25,1074.75
41,0.75,1075.0
r,0.25,1075.75
41,0.75,1076.0
r,3.25,1076.75
r,0.5,1080.0
r,5.5,1080.5
r,6.0,1086.0
r,4.0,1092.0
r,1.5,1096.0
r,0.5,1097.5
r,0.5,1098.0
r,5.5,1098.5
r,0.5,1104.0
r,5.0,1104.5
r,0.5,1109.5
r,0.5,1110.0
r,5.0,1110.5
r,0.5,1115.5
r,6.0,1116.0
r,6.0,1122.0
r,2.5,1128.0
41,0.5,1130.5
40,0.5,1131.0
39,0.5,1131.5
37,0.5,1132.0
36,0.5,1132.5
34,0.5,1133.0
32,0.5,1133.5
31,0.5,1134.0
32,0.5,1134.5
34,0.5,1135.0
36,0.5,1135.5
37,0.5,1136.0
36,0.5,1136.5
34,0.5,1137.0
32,0.5,1137.5
31,0.5,1138.0
36,0.5,1138.5
34,0.5,1139.0
36,0.5,1139.5
29,0.75,1140.0
r,0.25,1140.75
29,0.5,1141.0
29,0.5,1141.5
29,0.5,1142.0
29,0.5,1142.5
29,0.75,1143.0
r,0.25,1143.75
29,0.5,1144.0
29,0.5,1144.5
29,0.5,1145.0
29,0.5,1145.5
29,0.75,1146.0
r,0.25,1146.75
29,0.5,1147.0
29,0.5,1147.5
29,0.5,1148.0
29,0.5,1148.5
29,0.75,1149.0
r,0.25,1149.75
29,0.5,1150.0
29,0.5,1150.5
29,0.5,1151.0
29,0.5,1151.5
30,4.5,1152.0
31,0.5,1156.5
34,0.5,1157.0
37,0.5,1157.5
40,1/3,1158.0
r,8/3,3475/3
r,2.5,1161.0
r,0.5,1163.5
41,0.75,1164.0
r,0.25,1164.75
41,0.5,1165.0
41,0.5,1165.5
41,0.5,1166.0
41,0.5,1166.5
41,0.75,1167.0
r,0.25,1167.75
41,0.5,1168.0
41,0.5,1168.5
41,0.5,1169.0
41,0.5,1169.5
41,0.75,1170.0
r,0.25,1170.75
41,0.5,1171.0
41,0.5,1171.5
41,0.5,1172.0
41,0.5,1172.5
41,0.75,1173.0
r,0.25,1173.75
41,0.5,1174.0
41,0.5,1174.5
41,0.5,1175.0
41,0.5,1175.5
42,4.5,1176.0
r,1.5,1180.5
r,3.0,1182.0
r,3.0,1185.0
r,3.0,1188.0
r,2.5,1191.0
r,0.5,1193.5
r,3.0,1194.0
r,3.0,1197.0
r,4.5,1200.0
r,1.5,1204.5
r,4.5,1206.0
r,1.5,1210.5
r,4.5,1212.0
r,1.5,1216.5
41,2.75,1218.0
r,0.25,1220.75
36,1.25,1221.0
r,0.25,1222.25
32,1.25,1222.5
r,0.25,1223.75
29,4.5,1224.0
32,1.25,1228.5
36,0.25,1229.75
41,4/3,1230.0
r,19/6,3694/3
41,1.25,1234.5
r,0.25,1235.75
42,4.5,1236.0
r,1.5,1240.5
r,6.0,1242.0
r,6.0,1248.0
r,6.0,1254.0
r,0.5,1260.0
r,5.5,1260.5
r,6.0,1266.0
r,0.5,1272.0
r,1.0,1272.5
r,4.5,1273.5
r,6.0,1278.0
r,0.5,1284.0
r,1.0,1284.5
r,4.5,1285.5
r,0.5,1290.0
r,1.0,1290.5
r,4.5,1291.5
r,0.5,1296.0
r,1.0,1296.5
r,4.5,1297.5
r,1.5,1302.0
r,1.5,1303.5
r,1.5,1305.0
r,1.0,1306.5
r,0.5,1307.5
34,0.5,1308.0
r,5.5,1308.5
r,5.5,1314.0
r,0.5,1319.5
34,0.5,1320.0
r,5.5,1320.5
r,5.5,1326.0
r,0.5,1331.5
37,0.5,1332.0
r,2.5,1332.5
40,0.5,1335.0
r,2.5,1335.5
41,0.5,1338.0
r,2.5,1338.5
r,2.5,1341.0
r,0.5,1343.5
r,6.0,1344.0
r,6.0,1350.0
r,6.0,1356.0
r,6.0,1362.0
r,5.5,1368.0
r,0.5,1373.5
r,0.5,1374.0
r,5.5,1374.5
r,5.5,1380.0
r,0.5,1385.5
24,0.5,1386.0
36,0.5,1386.0
r,0.5,1386.5
r,5.0,1387.0
r,1.0,1392.0
41,0.25,1393.0
36,0.25,1393.25
41,0.25,1393.5
r,3.25,1393.75
r,0.5,1397.0
r,0.5,1397.5
36,0.25,1398.0
r,0.25,1398.25
r,5.25,1398.5
40,0.25,1403.75
36,0.25,1404.0
40,0.25,1404.25
r,4.5,1404.5
r,0.5,1409.0
r,0.5,1409.5
r,3.0,1410.0
r,3.0,1413.0
r,3.0,1416.0
r,3.0,1419.0
r,1.5,1422.0
37,0.5,1423.5
37,0.5,1424.0
37,0.5,1424.5
36,1.25,1425.0
r,0.25,1426.25
37,0.5,1426.5
37,0.5,1427.0
37,0.5,1427.5
36,1.25,1428.0
r,0.25,1429.25
37,0.5,1429.5
37,0.5,1430.0
37,0.5,1430.5
36,1.25,1431.0
r,0.25,1432.25
36,0.5,1432.5
36,0.5,1433.0
36,0.5,1433.5
29,1/3,1434.0
41,1/3,1434.0
r,2/3,4303/3
r,5.0,1435.0
r,6.0,1440.0
r,0.5,1446.0
r,5.5,1446.5
r,6.0,1452.0
r,0.5,1458.0
r,5.5,1458.5
r,6.0,1464.0
r,6.0,1470.0
r,6.0,1476.0
r,0.5,1482.0
r,5.5,1482.5
r,6.0,1488.0
41,0.75,1494.0
r,5.25,1494.75
r,6.0,1500.0
r,6.0,1506.0
41,1/3,1512.0
r,1/6,4537/3
r,1.5,1512.5
41,0.5,1514.0
41,0.5,1514.5
40,0.75,1515.0
r,2.25,1515.75
41,0.75,1518.0
r,1.25,1518.75
41,0.5,1520.0
41,0.5,1520.5
40,0.75,1521.0
r,2.25,1521.75
41,0.75,1524.0
r,0.25,1524.75
41,0.75,1525.0
r,0.25,1525.75
34,0.75,1526.0
r,0.25,1526.75
36,0.75,1527.0
r,0.25,1527.75
36,0.75,1528.0
r,0.25,1528.75
34,0.75,1529.0
r,0.25,1529.75
32,0.75,1530.0
r,0.25,1530.75
32,0.75,1531.0
r,0.25,1531.75
34,0.75,1532.0
r,0.25,1532.75
36,0.75,1533.0
r,0.25,1533.75
36,0.75,1534.0
r,0.25,1534.75
34,0.75,1535.0
r,0.25,1535.75
32,0.75,1536.0
r,0.25,1536.75
32,0.75,1537.0
r,0.25,1537.75
34,0.75,1538.0
r,0.25,1538.75
36,0.75,1539.0
r,0.25,1539.75
36,0.75,1540.0
r,0.25,1540.75
36,0.75,1541.0
r,0.25,1541.75
29,1.75,1542.0
41,1.75,1542.0
r,4.25,1543.75
r,6.0,1548.0
r,6.0,1554.0
41,1.25,1560.0
r,0.25,1561.25
36,1.25,1561.5
32,0.25,1562.75
29,1.25,1563.0
r,0.25,1564.25
29,1.25,1564.5
r,0.25,1565.75
29,2.75,1566.0
r,0.25,1568.75
29,2.75,1569.0
r,0.25,1571.75
29,5.75,1572.0
r,0.25,1577.75
r,6.0,1578.0
37,1.75,1584.0
r,0.25,1585.75
30,1.75,1586.0
r,0.25,1587.75
37,2.75,1588.0
r,0.25,1590.75
30,0.75,1591.0
r,0.25,1591.75
32,1.75,1592.0
r,1.75,1593.75
r,0.25,1595.5
42,0.25,1595.75
41,1.25,1596.0
r,0.25,1597.25
42,0.5,1597.5
r,0.75,1598.0
42,0.25,1598.75
41,0.75,1599.0
39,0.25,1599.75
37,1.75,1600.0
r,0.25,1601.75
30,1.75,1602.0
42,1.75,1602.0
r,0.25,1603.75
37,2.75,1604.0
r,0.25,1606.75
33,0.75,1607.0
r,0.25,1607.75
32,1.75,1608.0
r,2.25,1609.75
r,0.75,1612.0
42,0.25,1612.75
41,0.75,1613.0
39,0.25,1613.75
37,0.75,1614.0
r,0.75,1614.75
r,0.5,1615.5
37,1.75,1616.0
r,0.25,1617.75
30,1.75,1618.0
r,0.25,1619.75
37,2.75,1620.0
r,0.25,1622.75
30,0.75,1623.0
r,0.25,1623.75
32,1.75,1624.0
r,1.75,1625.75
r,0.25,1627.5
42,0.25,1627.75
41,1.25,1628.0
r,0.25,1629.25
42,0.5,1629.5
r,0.75,1630.0
42,0.25,1630.75
41,0.75,1631.0
39,0.25,1631.75
37,1.75,1632.0
r,0.25,1633.75
30,1.75,1634.0
42,1.75,1634.0
r,0.25,1635.75
37,2.75,1636.0
r,0.25,1638.75
33,0.75,1639.0
r,0.25,1639.75
32,1.75,1640.0
r,2.25,1641.75
r,0.75,1644.0
42,0.25,1644.75
41,0.75,1645.0
39,0.25,1645.75
37,0.75,1646.0
r,0.75,1646.75
r,0.5,1647.5
42,1.75,1648.0
r,0.25,1649.75
39,1.75,1650.0
42,0.25,1651.75
41,1.25,1652.0
r,0.25,1653.25
37,0.5,1653.5
39,0.75,1654.0
r,0.25,1654.75
37,0.75,1655.0
r,0.25,1655.75
42,1.75,1656.0
r,0.25,1657.75
39,1.75,1658.0
42,0.25,1659.75
41,1.25,1660.0
r,0.25,1661.25
37,0.5,1661.5
36,0.75,1662.0
r,0.25,1662.75
37,0.75,1663.0
r,0.25,1663.75
42,1.75,1664.0
r,0.25,1665.75
39,1.75,1666.0
42,0.25,1667.75
41,1.25,1668.0
r,0.25,1669.25
37,0.5,1669.5
39,0.75,1670.0
r,0.25,1670.75
41,0.75,1671.0
r,0.25,1671.75
42,1.75,1672.0
r,2.25,1673.75
r,0.75,1676.0
42,0.25,1676.75
41,0.75,1677.0
39,0.25,1677.75
37,0.75,1678.0
r,0.75,1678.75
r,0.5,1679.5
42,1.75,1680.0
r,0.25,1681.75
39,1.75,1682.0
42,0.25,1683.75
41,1.25,1684.0
r,0.25,1685.25
37,0.5,1685.5
39,0.75,1686.0
r,0.25,1686.75
37,0.75,1687.0
r,0.25,1687.75
42,1.75,1688.0
r,0.25,1689.75
39,1.75,1690.0
42,0.25,1691.75
41,1.25,1692.0
r,0.25,1693.25
37,0.5,1693.5
36,0.75,1694.0
r,0.25,1694.75
37,0.75,1695.0
r,0.25,1695.75
42,1.75,1696.0
r,0.25,1697.75
39,1.75,1698.0
42,0.25,1699.75
41,1.25,1700.0
r,0.25,1701.25
37,0.5,1701.5
39,0.75,1702.0
r,0.25,1702.75
41,0.75,1703.0
r,0.25,1703.75
42,1.75,1704.0
r,2.25,1705.75
r,0.75,1708.0
42,0.25,1708.75
41,0.75,1709.0
39,0.25,1709.75
37,0.75,1710.0
r,0.75,1710.75
r,0.5,1711.5
r,1.0,1712.0
37,1.75,1713.0
r,0.25,1714.75
30,1.75,1715.0
r,0.25,1716.75
32,1.75,1717.0
r,0.25,1718.75
31,1.75,1719.0
r,0.25,1720.75
32,1.75,1721.0
r,0.25,1722.75
42,1.5,1723.0
41,1.0,1724.5
39,1.0,1725.5
37,1.0,1726.5
36,1.25,1727.5
r,0.25,1728.75
37,1.75,1729.0
r,0.25,1730.75
42,1.75,1731.0
r,3.25,1732.75
r,3.0,1736.0
32,1.5,1739.0
37,4/3,1740.5
r,2/3,10451/6
41,1.0,1742.5
39,1.25,1743.5
r,0.25,1744.75
37,1.75,1745.0
r,0.25,1746.75
30,1.75,1747.0
r,0.25,1748.75
32,1.75,1749.0
r,0.25,1750.75
31,1.75,1751.0
r,0.25,1752.75
32,1.75,1753.0
r,0.25,1754.75
42,1.5,1755.0
41,1.0,1756.5
39,1.0,1757.5
37,1.0,1758.5
36,1.25,1759.5
r,0.25,1760.75
37,1.75,1761.0
r,0.25,1762.75
42,1.75,1763.0
r,3.25,1764.75
r,3.0,1768.0
32,1.5,1771.0
37,4/3,1772.5
r,2/3,10643/6
41,1.0,1774.5
37,0.5,1775.5
r,4.0,1776.0
r,4.0,1780.0
r,4.0,1784.0
r,4.0,1788.0
r,1.0,1792.0
30,1.75,1793.0
42,1.75,1793.0
r,1.25,1794.75
r,1.5,1796.0
37,0.5,1797.5
r,0.5,1798.0
39,0.5,1798.5
r,0.5,1799.0
41,1.25,1799.5
r,0.25,1800.75
42,1.75,1801.0
r,1.25,1802.75
r,0.5,1804.0
42,1.0,1804.5
41,1.0,1805.5
39,1.0,1806.5
37,0.5,1807.5
r,4.0,1808.0
r,4.0,1812.0
r,4.0,1816.0
r,4.0,1820.0
r,1.0,1824.0
30,1.75,1825.0
42,1.75,1825.0
r,1.25,1826.75
r,1.5,1828.0
37,0.5,1829.5
r,0.5,1830.0
39,0.5,1830.5
r,0.5,1831.0
41,1.25,1831.5
r,0.25,1832.75
42,1.75,1833.0
r,0.75,1834.75
r,0.5,1835.5
r,0.5,1836.0
41,1.0,1836.5
39,1.25,1837.5
r,0.25,1838.75
37,0.75,1839.0
r,0.25,1839.75
r,0.5,1840.0
r,1.5,1840.5
42,1.75,1842.0
r,0.25,1843.75
r,3.0,1844.0
42,0.75,1847.0
r,0.25,1847.75
r,4.0,1848.0
r,4.0,1852.0
r,2.0,1856.0
r,2.0,1858.0
r,4.0,1860.0
r,4.0,1864.0
r,1.0,1868.0
37,0.5,1869.0
41,0.5,1869.5
r,1.5,1870.0
r,0.5,1871.5
r,2.0,1872.0
42,1.75,1874.0
r,0.25,1875.75
r,3.0,1876.0
42,0.75,1879.0
r,0.25,1879.75
r,4.0,1880.0
r,4.0,1884.0
r,2.0,1888.0
r,2.0,1890.0
r,4.0,1892.0
r,4.0,1896.0
r,3.5,1900.0
r,0.5,1903.5
r,4.0,1904.0
r,2.0,1908.0
r,2.0,1910.0
r,4.0,1912.0
r,2.0,1916.0
r,2.0,1918.0
r,4.0,1920.0
r,0.5,1924.0
r,1.5,1924.5
r,2.0,1926.0
r,4.0,1928.0
r,3.5,1932.0
r,0.5,1935.5
r,4.0,1936.0
r,2.0,1940.0
r,2.0,1942.0
r,4.0,1944.0
r,2.0,1948.0
r,2.0,1950.0
r,4.0,1952.0
r,0.5,1956.0
r,1.5,1956.5
r,2.0,1958.0
r,4.0,1960.0
r,1.5,1964.0
r,0.5,1965.5
r,0.5,1966.0
r,1.5,1966.5
r,1.0,1968.0
r,2.0,1969.0
r,1.0,1971.0
r,1.0,1972.0
r,2.0,1973.0
r,1.0,1975.0
r,4.0,1976.0
r,3.5,1980.0
r,0.5,1983.5
r,1.0,1984.0
r,2.0,1985.0
r,1.0,1987.0
r,1.0,1988.0
r,2.0,1989.0
r,1.0,1991.0
r,4.0,1992.0
r,3.5,1996.0
r,0.5,1999.5
r,1.0,2000.0
r,2.0,2001.0
r,1.0,2003.0
r,1.0,2004.0
r,1.5,2005.0
r,0.5,2006.5
r,1.0,2007.0
r,4.0,2008.0
r,3.5,2012.0
r,0.5,2015.5
r,1.0,2016.0
r,2.0,2017.0
r,1.0,2019.0
r,1.0,2020.0
r,2.0,2021.0
r,0.5,2023.0
r,0.5,2023.5
r,4.0,2024.0
r,3.5,2028.0
r,0.5,2031.5
r,1.0,2032.0
r,3.0,2033.0
r,4.0,2036.0
r,1.0,2040.0
r,3.0,2041.0
r,4.0,2044.0
r,4.0,2048.0
r,4.0,2052.0
r,4.0,2056.0
r,3.5,2060.0
r,0.5,2063.5
r,1.0,2064.0
r,2.0,2065.0
r,1.0,2067.0
r,4.0,2068.0
r,1.0,2072.0
r,2.0,2073.0
r,1.0,2075.0
r,4.0,2076.0
r,1.0,2080.0
r,2.0,2081.0
r,1.0,2083.0
r,3.5,2084.0
r,0.5,2087.5
r,4.0,2088.0
r,2.0,2092.0
r,1.0,2094.0
r,0.5,2095.0
r,0.25,2095.5
41,0.25,2095.75
37,1.75,2096.0
r,0.25,2097.75
30,1.75,2098.0
r,0.25,2099.75
37,2.75,2100.0
r,1.25,2102.75
r,4.0,2104.0
r,1.5,2108.0
42,0.5,2109.5
41,0.75,2110.0
r,0.25,2110.75
42,0.5,2111.0
39,0.5,2111.5
37,1.75,2112.0
r,0.25,2113.75
30,1.75,2114.0
42,1.75,2114.0
r,0.25,2115.75
37,2.75,2116.0
r,1.25,2118.75
r,4.0,2120.0
r,0.5,2124.0
41,0.5,2124.5
39,0.5,2125.0
37,0.5,2125.5
36,0.5,2126.0
37,0.5,2126.5
41,0.5,2127.0
37,0.5,2127.5
42,1.75,2128.0
r,0.25,2129.75
39,1.75,2130.0
42,0.25,2131.75
41,1.75,2132.0
r,2.25,2133.75
42,1.75,2136.0
r,0.25,2137.75
39,1.75,2138.0
42,0.25,2139.75
41,1.75,2140.0
r,2.25,2141.75
42,1.75,2144.0
r,0.25,2145.75
39,1.75,2146.0
42,0.25,2147.75
r,4.0,2148.0
r,2.0,2152.0
r,2.0,2154.0
r,1.0,2156.0
r,1.0,2157.0
r,2.0,2158.0
r,1.0,2160.0
r,3.0,2161.0
r,2.0,2164.0
r,2.0,2166.0
r,2.0,2168.0
r,2.0,2170.0
r,1.0,2172.0
r,1.0,2173.0
r,2.0,2174.0
r,2.0,2176.0
r,2.0,2178.0
r,1.0,2180.0
r,1.0,2181.0
r,2.0,2182.0
r,2.0,2184.0
r,2.0,2186.0
r,1.0,2188.0
36,0.25,2189.0
37,0.25,2189.25
36,0.25,2189.5
35,0.25,2189.75
36,0.25,2190.0
37,0.25,2190.25
36,0.25,2190.5
35,0.25,2190.75
36,0.25,2191.0
37,0.25,2191.25
36,0.25,2191.5
35,0.25,2191.75
36,0.25,2192.0
37,0.25,2192.25
36,0.25,2192.5
35,0.25,2192.75
36,0.25,2193.0
37,0.25,2193.25
36,0.25,2193.5
35,0.25,2193.75
34,0.25,2194.0
36,0.25,2194.25
34,0.25,2194.5
33,0.25,2194.75
34,0.25,2195.0
36,0.25,2195.25
34,0.25,2195.5
33,0.25,2195.75
34,0.25,2196.0
36,0.25,2196.25
34,0.25,2196.5
33,0.25,2196.75
34,0.25,2197.0
36,0.25,2197.25
34,0.25,2197.5
33,0.25,2197.75
34,0.25,2198.0
36,0.25,2198.25
34,0.25,2198.5
33,0.25,2198.75
34,0.25,2199.0
36,0.25,2199.25
34,0.25,2199.5
33,0.25,2199.75
34,0.25,2200.0
31,0.25,2200.25
32,0.25,2200.5
34,0.25,2200.75
36,0.25,2201.0
34,0.25,2201.25
32,0.25,2201.5
31,0.25,2201.75
29,0.75,2202.0
r,1.25,2202.75
r,1.75,2204.0
41,0.25,2205.75
29,0.75,2206.0
r,1.25,2206.75
r,1.75,2208.0
41,0.25,2209.75
34,0.75,2210.0
r,1.25,2210.75
r,1.75,2212.0
37,0.25,2213.75
36,0.75,2214.0
r,0.25,2214.75
37,0.75,2215.0
r,0.25,2215.75
34,0.75,2216.0
r,0.25,2216.75
36,0.75,2217.0
r,0.25,2217.75
29,0.75,2218.0
41,0.75,2218.0
r,1.25,2218.75
r,2.0,2220.0
29,0.75,2222.0
41,0.75,2222.0
r,1.25,2222.75
r,2.0,2224.0
34,0.75,2226.0
r,1.25,2226.75
r,2.0,2228.0
r,0.5,2230.0
36,0.5,2230.5
r,0.5,2231.0
37,0.5,2231.5
r,0.5,2232.0
34,0.5,2232.5
r,0.5,2233.0
36,0.5,2233.5
29,0.75,2234.0
41,0.75,2234.0
r,1.25,2234.75
r,2.0,2236.0
r,2.0,2238.0
r,2.0,2240.0
36,0.75,2242.0
r,1.25,2242.75
r,2.0,2244.0
r,2.0,2246.0
r,2.0,2248.0
41,0.75,2250.0
r,1.25,2250.75
r,2.0,2252.0
r,2.0,2254.0
r,2.0,2256.0
r,2.0,2258.0
r,2.0,2260.0
r,2.0,2262.0
r,1.0,2264.0
41,0.75,2265.0
r,0.25,2265.75
36,1.75,2266.0
r,0.25,2267.75
r,1.0,2268.0
40,0.75,2269.0
r,0.25,2269.75
36,0.75,2270.0
r,0.25,2270.75
40,0.75,2271.0
r,0.25,2271.75
r,2.0,2272.0
r,0.5,2274.0
r,1.5,2274.5
r,2.0,2276.0
r,2.0,2278.0
r,2.0,2280.0
r,0.5,2282.0
r,1.5,2282.5
r,2.0,2284.0
r,2.0,2286.0
r,2.0,2288.0
r,0.5,2290.0
r,1.5,2290.5
r,2.0,2292.0
r,2.0,2294.0
r,2.0,2296.0
r,2.0,2298.0
r,2.0,2300.0
r,0.5,2302.0
r,1.5,2302.5
r,2.0,2304.0
r,2.0,2306.0
r,2.0,2308.0
r,0.5,2310.0
r,1.5,2310.5
r,1.5,2312.0
r,0.5,2313.5
r,2.0,2314.0
r,2.0,2316.0
r,2.0,2318.0
r,2.0,2320.0
r,2.0,2322.0
r,2.0,2324.0
r,2.0,2326.0
r,2.0,2328.0
r,2.0,2330.0
r,2.0,2332.0
r,0.5,2334.0
r,1.5,2334.5
r,2.0,2336.0
r,2.0,2338.0
r,2.0,2340.0
r,2.0,2342.0
r,2.0,2344.0
r,2.0,2346.0
r,2.0,2348.0
42,1.75,2350.0
r,0.25,2351.75
r,2.0,2352.0
36,0.75,2354.0
39,0.75,2354.0
r,1.25,2354.75
r,2.0,2356.0
r,1.5,2358.0
r,0.5,2359.5
r,1.25,2360.0
41,0.25,2361.25
39,0.25,2361.5
38,0.25,2361.75
36,0.75,2362.0
r,1.25,2362.75
r,2.0,2364.0
r,1.5,2366.0
r,0.5,2367.5
r,2.0,2368.0
r,2.0,2370.0
r,2.0,2372.0
r,2.0,2374.0
r,2.0,2376.0
r,2.0,2378.0
r,2.0,2380.0
r,2.0,2382.0
r,2.0,2384.0
30,0.75,2386.0
42,0.75,2386.0
r,1.25,2386.75
r,2.0,2388.0
r,2.0,2390.0
r,1.0,2392.0
42,0.25,2393.0
39,0.25,2393.25
36,0.25,2393.5
33,0.25,2393.75
32,0.25,2394.0
33,0.25,2394.25
36,0.25,2394.5
39,0.25,2394.75
32,0.25,2395.0
33,0.25,2395.25
36,0.25,2395.5
39,0.25,2395.75
32,0.25,2396.0
33,0.25,2396.25
36,0.25,2396.5
39,0.25,2396.75
32,0.25,2397.0
33,0.25,2397.0
33,0.25,2397.25
36,0.25,2397.5
39,0.25,2397.75
29,0.75,2398.0
r,1.25,2398.75
r,1.75,2400.0
41,0.25,2401.75
29,0.75,2402.0
r,1.25,2402.75
r,1.75,2404.0
41,0.25,2405.75
29,0.75,2406.0
r,1.25,2406.75
r,2.0,2408.0
r,2.0,2410.0
r,0.5,2412.0
r,1.0,2412.5
r,0.5,2413.5
r,2.0,2414.0
r,2.0,2416.0
r,0.5,2418.0
r,1.5,2418.5
r,2.0,2420.0
r,2.0,2422.0
r,2.0,2424.0
r,2.0,2426.0
r,2.0,2428.0
r,2.0,2430.0
r,2.0,2432.0
r,2.0,2434.0
r,2.0,2436.0
r,2.0,2438.0
r,2.0,2440.0
r,2.0,2442.0
r,2.0,2444.0
r,0.5,2446.0
r,1.5,2446.5
r,0.5,2448.0
r,1.5,2448.5
r,0.5,2450.0
r,1.5,2450.5
r,2.0,2452.0
r,0.5,2454.0
r,1.5,2454.5
r,0.5,2456.0
r,1.5,2456.5
r,0.5,2458.0
r,1.5,2458.5
r,2.0,2460.0
r,0.5,2462.0
r,1.5,2462.5
r,0.5,2464.0
r,1.5,2464.5
r,0.5,2466.0
r,1.5,2466.5
r,2.0,2468.0
r,0.5,2470.0
r,1.5,2470.5
r,0.5,2472.0
r,1.5,2472.5
r,0.5,2474.0
r,1.5,2474.5
r,2.0,2476.0
41,0.75,2478.0
r,1.25,2478.75
r,2.0,2480.0
r,2.0,2482.0
r,2.0,2484.0
r,2.0,2486.0
r,2.0,2488.0
r,0.5,2490.0
r,1.5,2490.5
r,2.0,2492.0
r,0.75,2494.0
42,0.25,2494.75
41,0.25,2495.0
39,0.25,2495.25
37,0.25,2495.5
36,0.25,2495.75
34,0.25,2496.0
36,0.25,2496.25
37,0.25,2496.5
36,0.25,2496.75
34,0.5,2497.0
35,0.5,2497.5
36,0.5,2498.0
40,0.5,2498.5
36,0.5,2499.0
41,0.5,2499.5
36,0.75,2500.0
r,0.25,2500.75
36,0.75,2501.0
r,0.25,2501.75
36,0.75,2502.0
r,0.25,2502.75
36,0.75,2503.0
r,0.25,2503.75
36,0.75,2504.0
r,0.25,2504.75
36,0.5,2505.0
41,0.5,2505.5
36,0.5,2506.0
40,0.5,2506.5
36,0.5,2507.0
41,0.5,2507.5
36,0.75,2508.0
r,0.25,2508.75
36,0.75,2509.0
r,0.25,2509.75
36,0.75,2510.0
r,0.25,2510.75
36,0.75,2511.0
r,0.25,2511.75
36,0.75,2512.0
r,0.25,2512.75
36,0.75,2513.0
r,0.25,2513.75
34,0.75,2514.0
r,1.25,2514.75
r,2.0,2516.0
r,1.0,2518.0
r,1.0,2519.0
r,2.0,2520.0
36,0.75,2522.0
r,1.25,2522.75
r,2.0,2524.0
r,1.0,2526.0
r,1.0,2527.0
r,2.0,2528.0
37,0.75,2530.0
r,1.25,2530.75
r,2.0,2532.0
40,0.75,2534.0
r,1.25,2534.75
r,2.0,2536.0
r,0.5,2538.0
r,1.5,2538.5
r,2.0,2540.0
r,0.5,2542.0
r,1.5,2542.5
r,2.0,2544.0
r,0.5,2546.0
r,1.5,2546.5
r,2.0,2548.0
r,2.0,2550.0
r,2.0,2552.0
r,2.0,2554.0
r,2.0,2556.0
r,2.0,2558.0
r,2.0,2560.0
r,2.0,2562.0
40,1.75,2564.0
r,0.25,2565.75
37,1.75,2566.0
r,0.25,2567.75
34,1.75,2568.0
r,0.25,2569.75
31,3.75,2570.0
r,0.25,2573.75
36,10.75,2574.0
r,0.25,2584.75
36,0.75,2585.0
36,0.25,2585.75
29,0.75,2586.0
41,0.75,2586.0
r,1.25,2586.75
r,2.0,2588.0
29,0.75,2590.0
41,0.75,2590.0
r,1.25,2590.75
r,2.0,2592.0
34,0.75,2594.0
r,1.25,2594.75
r,2.0,2596.0
r,0.5,2598.0
36,0.5,2598.5
r,0.5,2599.0
37,0.5,2599.5
r,0.5,2600.0
34,0.5,2600.5
r,0.5,2601.0
36,0.5,2601.5
29,0.75,2602.0
41,0.75,2602.0
r,1.25,2602.75
r,2.0,2604.0
r,2.0,2606.0
r,2.0,2608.0
r,2.0,2610.0
r,2.0,2612.0
r,2.0,2614.0
r,2.0,2616.0
41,0.75,2618.0
r,1.25,2618.75
r,2.0,2620.0
r,2.0,2622.0
r,2.0,2624.0
36,0.75,2626.0
r,1.25,2626.75
r,2.0,2628.0
r,2.0,2630.0
r,2.0,2632.0
41,0.75,2634.0
r,1.25,2634.75
r,2.0,2636.0
r,2.0,2638.0
r,2.0,2640.0
r,2.0,2642.0
r,2.0,2644.0
r,2.0,2646.0
r,1.0,2648.0
41,0.75,2649.0
r,0.25,2649.75
36,1.75,2650.0
r,0.25,2651.75
r,1.0,2652.0
40,0.75,2653.0
r,0.25,2653.75
36,0.75,2654.0
r,0.25,2654.75
40,0.75,2655.0
r,0.25,2655.75
r,2.0,2656.0
r,2.0,2658.0
r,2.0,2660.0
r,2.0,2662.0
r,1.5,2664.0
r,0.5,2665.5
r,0.5,2666.0
r,1.5,2666.5
r,2.0,2668.0
r,2.0,2670.0
r,2.0,2672.0
r,0.5,2674.0
r,1.5,2674.5
r,2.0,2676.0
r,2.0,2678.0
r,2.0,2680.0
r,2.0,2682.0
r,2.0,2684.0
r,2.0,2686.0
r,2.0,2688.0
r,2.0,2690.0
r,2.0,2692.0
r,2.0,2694.0
r,1.0,2696.0
r,0.5,2697.0
r,0.5,2697.5
r,2.0,2698.0
r,2.0,2700.0
r,0.5,2702.0
r,1.5,2702.5
r,2.0,2704.0
r,2.0,2706.0
r,2.0,2708.0
r,2.0,2710.0
r,2.0,2712.0
r,2.0,2714.0
r,2.0,2716.0
r,0.5,2718.0
r,1.5,2718.5
r,2.0,2720.0
r,2.0,2722.0
r,2.0,2724.0
r,2.0,2726.0
r,1.0,2728.0
41,0.75,2729.0
r,0.25,2729.75
40,0.75,2730.0
r,0.25,2730.75
38,0.75,2731.0
41,0.75,2731.0
r,0.25,2731.75
40,0.75,2732.0
r,0.25,2732.75
41,0.75,2733.0
r,0.25,2733.75
35,1.75,2734.0
r,0.25,2735.75
36,0.75,2736.0
41,0.75,2736.0
r,0.25,2736.75
40,0.75,2737.0
r,0.25,2737.75
29,0.75,2738.0
32,0.75,2738.0
36,0.75,2738.0
41,0.75,2738.0
r,1.25,2738.75
r,2.0,2740.0
r,1.5,2742.0
r,0.5,2743.5
r,0.25,2744.0
41,0.25,2744.25
40,0.25,2744.5
38,0.25,2744.75
36,0.25,2745.0
34,0.25,2745.25
32,0.25,2745.5
31,0.25,2745.75
29,0.75,2746.0
32,0.75,2746.0
36,0.75,2746.0
41,0.75,2746.0
r,1.25,2746.75
r,2.0,2748.0
r,1.5,2750.0
r,0.5,2751.5
r,2.0,2752.0
41,0.75,2754.0
r,1.25,2754.75
r,2.0,2756.0
41,0.75,2758.0
r,1.25,2758.75
r,2.0,2760.0
41,0.25,2762.0
40,0.25,2762.25
38,0.25,2762.5
36,0.25,2762.75
34,0.25,2763.0
32,0.25,2763.25
31,0.25,2763.5
29,0.25,2763.75
31,0.25,2764.0
32,0.25,2764.25
34,0.25,2764.5
36,0.25,2764.75
38,0.25,2765.0
40,0.25,2765.25
41,0.5,2765.5
30,0.75,2766.0
42,0.75,2766.0
r,1.25,2766.75
r,2.0,2768.0
r,2.0,2770.0
r,1.0,2772.0
42,0.25,2773.0
39,0.25,2773.25
36,0.25,2773.5
33,0.25,2773.75
32,0.25,2774.0
33,0.25,2774.25
36,0.25,2774.5
39,0.25,2774.75
32,0.25,2775.0
33,0.25,2775.25
36,0.25,2775.5
39,0.25,2775.75
32,0.25,2776.0
33,0.25,2776.25
36,0.25,2776.5
39,0.25,2776.75
32,0.25,2777.0
33,0.25,2777.0
33,0.25,2777.25
36,0.25,2777.5
39,0.25,2777.75
29,0.75,2778.0
r,1.25,2778.75
r,1.75,2780.0
41,0.25,2781.75
29,0.75,2782.0
r,1.25,2782.75
r,1.75,2784.0
41,0.25,2785.75
29,0.75,2786.0
r,1.25,2786.75
r,2.0,2788.0
r,2.0,2790.0
r,0.5,2792.0
r,1.0,2792.5
r,0.5,2793.5
r,2.0,2794.0
r,2.0,2796.0
r,0.5,2798.0
r,1.5,2798.5
r,2.0,2800.0
r,2.0,2802.0
r,2.0,2804.0
r,2.0,2806.0
r,2.0,2808.0
r,2.0,2810.0
r,2.0,2812.0
r,2.0,2814.0
r,2.0,2816.0
r,2.0,2818.0
r,2.0,2820.0
r,2.0,2822.0
r,2.0,2824.0
r,0.5,2826.0
r,1.5,2826.5
r,0.5,2828.0
r,1.5,2828.5
r,0.5,2830.0
r,1.5,2830.5
r,2.0,2832.0
r,0.5,2834.0
r,1.5,2834.5
r,0.5,2836.0
r,1.5,2836.5
r,0.5,2838.0
r,1.5,2838.5
r,2.0,2840.0
r,0.5,2842.0
r,1.5,2842.5
r,0.5,2844.0
r,1.5,2844.5
r,0.5,2846.0
r,1.5,2846.5
r,2.0,2848.0
r,0.5,2850.0
r,1.5,2850.5
r,0.5,2852.0
r,1.5,2852.5
r,0.5,2854.0
r,1.5,2854.5
r,2.0,2856.0
41,0.75,2858.0
r,1.25,2858.75
r,2.0,2860.0
r,2.0,2862.0
r,2.0,2864.0
r,2.0,2866.0
r,2.0,2868.0
r,0.5,2870.0
r,1.5,2870.5
r,2.0,2872.0
r,0.75,2874.0
42,0.25,2874.75
41,0.25,2875.0
39,0.25,2875.25
37,0.25,2875.5
36,0.25,2875.75
34,0.25,2876.0
36,0.25,2876.25
37,0.25,2876.5
36,0.25,2876.75
34,0.5,2877.0
35,0.5,2877.5
36,0.5,2878.0
40,0.5,2878.5
36,0.5,2879.0
41,0.5,2879.5
36,0.75,2880.0
r,0.25,2880.75
36,0.75,2881.0
r,0.25,2881.75
36,0.75,2882.0
r,0.25,2882.75
36,0.75,2883.0
r,0.25,2883.75
36,0.75,2884.0
r,0.25,2884.75
36,0.5,2885.0
41,0.5,2885.5
36,0.5,2886.0
40,0.5,2886.5
36,0.5,2887.0
41,0.5,2887.5
36,0.75,2888.0
r,0.25,2888.75
36,0.75,2889.0
r,0.25,2889.75
36,0.75,2890.0
r,0.25,2890.75
36,0.75,2891.0
r,0.25,2891.75
36,0.75,2892.0
r,0.25,2892.75
36,0.75,2893.0
r,0.25,2893.75
34,0.75,2894.0
r,1.25,2894.75
r,2.0,2896.0
r,1.0,2898.0
r,1.0,2899.0
r,2.0,2900.0
36,0.75,2902.0
r,1.25,2902.75
r,2.0,2904.0
r,1.0,2906.0
r,1.0,2907.0
r,2.0,2908.0
37,0.75,2910.0
r,1.25,2910.75
r,2.0,2912.0
40,0.75,2914.0
r,1.25,2914.75
r,2.0,2916.0
r,0.5,2918.0
r,1.5,2918.5
r,2.0,2920.0
r,0.5,2922.0
r,1.5,2922.5
r,2.0,2924.0
r,0.5,2926.0
r,1.5,2926.5
r,2.0,2928.0
r,2.0,2930.0
r,2.0,2932.0
r,2.0,2934.0
r,2.0,2936.0
r,2.0,2938.0
r,2.0,2940.0
r,2.0,2942.0
40,1.75,2944.0
r,0.25,2945.75
37,1.75,2946.0
r,0.25,2947.75
34,1.75,2948.0
r,0.25,2949.75
31,3.75,2950.0
r,0.25,2953.75
36,10.75,2954.0
r,0.25,2964.75
36,0.75,2965.0
36,0.25,2965.75
29,0.75,2966.0
41,0.75,2966.0
r,1.25,2966.75
r,2.0,2968.0
29,0.75,2970.0
41,0.75,2970.0
r,1.25,2970.75
r,2.0,2972.0
34,0.75,2974.0
r,1.25,2974.75
r,2.0,2976.0
r,0.5,2978.0
36,0.5,2978.5
r,0.5,2979.0
37,0.5,2979.5
r,0.5,2980.0
34,0.5,2980.5
r,0.5,2981.0
36,0.5,2981.5
29,0.75,2982.0
41,0.75,2982.0
r,1.25,2982.75
r,2.0,2984.0
r,2.0,2986.0
r,2.0,2988.0
r,2.0,2990.0
r,2.0,2992.0
r,2.0,2994.0
r,2.0,2996.0
41,0.75,2998.0
r,1.25,2998.75
r,2.0,3000.0
r,2.0,3002.0
r,2.0,3004.0
36,0.75,3006.0
r,1.25,3006.75
r,2.0,3008.0
r,2.0,3010.0
r,2.0,3012.0
41,0.75,3014.0
r,1.25,3014.75
r,2.0,3016.0
r,2.0,3018.0
r,2.0,3020.0
r,2.0,3022.0
r,2.0,3024.0
r,2.0,3026.0
r,1.0,3028.0
41,0.75,3029.0
r,0.25,3029.75
36,1.75,3030.0
r,0.25,3031.75
r,1.0,3032.0
40,0.75,3033.0
r,0.25,3033.75
36,0.75,3034.0
r,0.25,3034.75
40,0.75,3035.0
r,0.25,3035.75
r,2.0,3036.0
r,2.0,3038.0
r,2.0,3040.0
r,2.0,3042.0
r,1.5,3044.0
r,0.5,3045.5
r,0.5,3046.0
r,1.5,3046.5
r,2.0,3048.0
r,2.0,3050.0
r,2.0,3052.0
r,0.5,3054.0
r,1.5,3054.5
r,2.0,3056.0
r,2.0,3058.0
r,2.0,3060.0
r,2.0,3062.0
r,2.0,3064.0
r,2.0,3066.0
r,2.0,3068.0
r,2.0,3070.0
r,2.0,3072.0
r,2.0,3074.0
r,1.0,3076.0
r,0.5,3077.0
r,0.5,3077.5
r,2.0,3078.0
r,2.0,3080.0
r,0.5,3082.0
r,1.5,3082.5
r,2.0,3084.0
r,2.0,3086.0
r,2.0,3088.0
r,2.0,3090.0
r,2.0,3092.0
r,2.0,3094.0
r,2.0,3096.0
r,0.5,3098.0
r,1.5,3098.5
r,2.0,3100.0
r,2.0,3102.0
r,2.0,3104.0
r,2.0,3106.0
r,1.0,3108.0
41,0.75,3109.0
r,0.25,3109.75
40,0.75,3110.0
r,0.25,3110.75
38,0.75,3111.0
41,0.75,3111.0
r,0.25,3111.75
40,0.75,3112.0
r,0.25,3112.75
41,0.75,3113.0
r,0.25,3113.75
35,1.75,3114.0
r,0.25,3115.75
36,0.75,3116.0
41,0.75,3116.0
r,0.25,3116.75
40,0.75,3117.0
r,0.25,3117.75
29,0.75,3118.0
32,0.75,3118.0
36,0.75,3118.0
41,0.75,3118.0
r,1.25,3118.75
r,2.0,3120.0
r,1.5,3122.0
r,0.5,3123.5
r,0.25,3124.0
41,0.25,3124.25
40,0.25,3124.5
38,0.25,3124.75
36,0.25,3125.0
34,0.25,3125.25
32,0.25,3125.5
31,0.25,3125.75
29,0.75,3126.0
32,0.75,3126.0
36,0.75,3126.0
41,0.75,3126.0
r,1.25,3126.75
r,2.0,3128.0
r,1.5,3130.0
r,0.5,3131.5
r,2.0,3132.0
41,0.75,3134.0
r,1.25,3134.75
r,2.0,3136.0
41,0.75,3138.0
r,1.25,3138.75
r,2.0,3140.0
41,0.75,3142.0
r,0.75,3142.75
36,0.5,3143.5
41,0.5,3143.5
36,0.5,3144.0
40,0.5,3144.0
36,0.5,3144.5
40,0.5,3144.5
36,0.5,3145.0
40,0.5,3145.0
36,0.5,3145.5
40,0.5,3145.5
36,0.75,3146.0
41,0.75,3146.0
r,1.25,3146.75
r,2.0,3148.0
r,1.5,3150.0
r,0.5,3151.5
r,2.0,3152.0
r,2.0,3154.0
r,1.0,3156.0
r,0.5,3157.0
r,0.5,3157.5
29,1.75,3158.0
41,1.75,3158.0
r,0.25,3159.75
29,1.75,3160.0
41,1.75,3160.0
r,0.25,3161.75
36,0.5,3162.0
36,0.5,3162.5
36,0.5,3163.0
36,0.5,3163.5
29,0.5,3164.0
41,0.5,3164.0
41,0.5,3164.5
41,0.5,3165.0
41,0.5,3165.5
36,0.5,3166.0
36,0.5,3166.5
36,0.5,3167.0
36,0.5,3167.5
29,0.5,3168.0
41,0.5,3168.0
41,0.5,3168.5
41,0.5,3169.0
41,0.5,3169.5
31,0.75,3170.0
r,0.25,3170.75
31,0.5,3171.0
31,0.5,3171.5
36,0.75,3172.0
r,0.75,3172.75
36,0.25,3173.5
34,0.25,3173.5
32,0.25,3173.75
31,0.25,3173.75
29,1.75,3174.0
41,1.75,3174.0
r,0.25,3175.75
29,1.75,3176.0
41,1.75,3176.0
r,0.25,3177.75
36,0.5,3178.0
36,0.5,3178.5
36,0.5,3179.0
36,0.5,3179.5
29,0.5,3180.0
41,0.5,3180.0
41,0.5,3180.5
41,0.5,3181.0
41,0.5,3181.5
36,0.5,3182.0
36,0.5,3182.5
36,0.5,3183.0
36,0.5,3183.5
29,0.5,3184.0
41,0.5,3184.0
41,0.5,3184.5
41,0.5,3185.0
41,0.5,3185.5
31,0.75,3186.0
r,0.25,3186.75
31,0.5,3187.0
31,0.5,3187.5
36,0.75,3188.0
r,0.75,3188.75
39,0.25,3189.5
41,0.25,3189.75
32,1.75,3190.0
r,0.25,3191.75
32,1.75,3192.0
r,0.25,3193.75
39,0.5,3194.0
39,0.5,3194.5
39,0.5,3195.0
39,0.5,3195.5
32,0.75,3196.0
r,1.25,3196.75
39,0.5,3198.0
39,0.5,3198.5
39,0.5,3199.0
39,0.5,3199.5
32,0.75,3200.0
r,1.25,3200.75
29,0.5,3202.0
41,0.5,3202.0
29,0.5,3202.5
29,0.5,3203.0
29,0.5,3203.5
34,0.75,3204.0
r,1.25,3204.75
36,0.75,3206.0
r,0.25,3206.75
36,0.5,3207.0
36,0.5,3207.5
41,0.75,3208.0
r,0.75,3208.75
39,0.25,3209.5
41,0.25,3209.75
32,1.75,3210.0
r,0.25,3211.75
32,1.75,3212.0
r,0.25,3213.75
39,0.5,3214.0
39,0.5,3214.5
39,0.5,3215.0
39,0.5,3215.5
32,0.75,3216.0
r,1.25,3216.75
39,0.5,3218.0
39,0.5,3218.5
39,0.5,3219.0
39,0.5,3219.5
32,0.75,3220.0
r,1.25,3220.75
29,0.5,3222.0
41,0.5,3222.0
29,0.5,3222.5
29,0.5,3223.0
29,0.5,3223.5
34,0.75,3224.0
r,1.25,3224.75
36,0.75,3226.0
r,0.25,3226.75
36,0.5,3227.0
36,0.5,3227.5
29,0.25,3228.0
41,0.25,3228.0
41,0.75,3228.25
r,1.0,3229.0
r,0.25,3230.0
41,0.75,3230.25
r,1.0,3231.0
r,0.25,3232.0
41,0.75,3232.25
r,1.0,3233.0
r,0.25,3234.0
41,0.75,3234.25
r,1.0,3235.0
r,2.0,3236.0
r,2.0,3238.0
r,2.0,3240.0
r,2.0,3242.0
r,2.0,3244.0
r,2.0,3246.0
r,2.0,3248.0
r,2.0,3250.0
r,2.0,3252.0
r,2.0,3254.0
r,2.0,3256.0
r,2.0,3258.0
41,0.75,3260.0
r,1.25,3260.75
r,2.0,3262.0
r,2.0,3264.0
r,2.0,3266.0
r,2.0,3268.0
r,2.0,3270.0
r,2.0,3272.0
r,2.0,3274.0
r,0.5,3276.0
r,1.5,3276.5
r,2.0,3278.0
41,0.75,3280.0
r,0.75,3280.75
36,0.5,3281.5
29,0.5,3282.0
36,0.5,3282.5
29,0.5,3283.0
36,0.5,3283.5
29,0.75,3284.0
r,0.25,3284.75
29,0.75,3285.0
r,0.25,3285.75
29,0.75,3286.0
r,0.25,3286.75
29,0.75,3287.0
r,0.25,3287.75
29,0.75,3288.0
r,0.25,3288.75
29,0.75,3289.0
r,0.25,3289.75
29,0.75,3290.0
r,0.25,3290.75
29,0.75,3291.0
r,0.25,3291.75
29,0.75,3292.0
r,0.25,3292.75
29,0.75,3293.0
r,0.25,3293.75
29,0.75,3294.0
r,0.25,3294.75
29,0.75,3295.0
r,0.25,3295.75
29,0.75,3296.0
41,0.75,3296.0
r,1.25,3296.75
29,0.75,3298.0
41,0.75,3298.0
r,0.25,3298.75
r,1.0,3299.0
29,0.75,3300.0
41,0.75,3300.0
r,1.25,3300.75
