r,1.5,0.0
69,0.25,1.5
r,0.25,1.75
72,1/3,2.0
r,7/6,7/3
72,0.25,3.5
71,0.25,3.5
74,0.25,3.75
72,1/3,4.0
r,7/6,13/3
69,0.25,5.5
r,0.25,5.75
70,1/3,6.0
r,7/6,19/3
70,0.25,7.5
69,0.25,7.5
72,0.25,7.75
70,1/3,8.0
r,7/6,25/3
70,0.25,9.5
r,0.25,9.75
69,1/3,10.0
r,0.5,10.0
72,0.25,31/3
77,1.0,10.5
r,11/12,127/12
76,0.5,11.5
r,0.5,11.5
77,0.5,12.0
81,1.0,12.5
79,1.0,13.5
81,1.0,14.5
82,0.25,15.5
84,0.25,15.75
84,0.5,16.0
82,0.25,16.5
r,1.25,16.75
82,0.25,18.0
84,0.25,18.0
82,0.25,18.0
81,0.25,18.25
82,0.25,18.25
86,1.0,18.5
84,0.25,19.5
82,0.25,19.75
81,0.25,20.0
82,0.25,20.0
84,0.25,20.0
r,4/3,20.0
82,0.25,20.25
81,1.0,20.5
79,0.25,64/3
82,1/3,21.5
r,1/6,259/12
79,0.25,21.75
r,1/6,131/6
79,0.5,22.0
r,4/3,22.0
77,1.0,22.5
76,0.25,70/3
79,1/3,23.5
r,1/6,283/12
76,0.25,23.75
r,1/6,143/6
77,0.75,24.0
r,0.75,24.75
69,0.25,25.5
r,0.25,25.75
72,1/3,26.0
r,7/6,79/3
72,0.25,27.5
71,0.25,27.5
74,0.25,27.75
72,1/3,28.0
r,7/6,85/3
69,0.25,29.5
r,0.25,29.75
72,1/3,30.0
r,7/6,91/3
72,0.25,31.5
71,0.25,31.5
74,0.25,31.75
72,0.5,32.0
r,1.0,32.5
72,0.25,33.5
71,0.25,33.5
69,0.25,33.75
76,0.25,33.75
r,0.5,34.0
72,0.25,34.5
71,0.25,34.5
69,0.25,34.75
76,0.25,34.75
r,0.5,35.0
72,0.25,35.5
71,0.25,35.5
69,0.25,35.75
76,0.5,36.0
r,0.5,36.5
r,0.5,37.0
67,0.5,37.5
55,0.5,37.5
64,1.0,38.0
52,1.0,38.0
67,1.0,39.0
55,1.0,39.0
60,1.5,40.0
72,1.5,40.0
76,0.5,41.5
64,0.5,41.5
79,0.5,42.0
67,0.5,42.0
84,1.0,42.5
72,1.0,42.5
88,0.25,43.5
76,0.25,43.5
86,0.25,43.75
74,0.25,43.75
84,1.0,44.0
72,1.0,44.0
83,0.5,45.0
71,0.5,45.0
r,0.25,45.5
r,0.25,45.75
71,1.0,46.0
59,1.0,46.0
74,1.0,47.0
62,1.0,47.0
77,1.5,48.0
65,1.5,48.0
83,0.5,49.5
71,0.5,49.5
86,0.5,50.0
74,0.5,50.0
89,1.0,50.5
77,1.0,50.5
88,0.5,51.5
76,0.5,51.5
86,1.0,52.0
74,1.0,52.0
84,0.5,53.0
72,0.5,53.0
r,0.25,53.5
r,0.25,53.75
76,1.0,54.0
64,1.0,54.0
67,1.0,55.0
79,1.0,55.0
84,1.5,56.0
72,1.5,56.0
85,1.0,57.5
73,1.0,57.5
86,1.0,59.0
74,1.0,59.0
84,0.25,60.0
72,0.25,60.0
r,0.25,60.25
84,0.5,60.5
72,0.5,60.5
83,0.25,61.0
71,0.25,61.0
r,7/12,61.25
r,1/6,371/6
78,0.25,62.0
r,0.25,62.25
79,0.75,62.5
r,7/12,63.25
r,1/6,383/6
84,0.25,64.0
r,0.25,64.25
84,0.25,64.5
83,0.25,64.75
81,0.25,65.0
79,0.25,65.25
r,1/3,65.5
r,1/6,395/6
78,0.25,66.0
r,0.25,66.25
79,0.75,66.5
r,7/12,67.25
r,1/6,407/6
84,0.25,68.0
r,0.25,68.25
84,0.25,68.5
83,0.25,68.75
81,0.25,69.0
79,0.25,69.25
r,1/3,69.5
r,1/6,419/6
84,0.25,70.0
r,0.25,70.25
84,0.25,70.5
83,0.25,70.75
81,0.25,71.0
79,0.25,71.25
r,1/3,71.5
r,1/6,431/6
84,0.25,72.0
r,0.25,72.25
84,0.25,72.5
83,0.25,72.75
81,0.25,73.0
79,0.25,73.25
78,0.25,73.5
79,0.25,73.75
81,0.25,74.0
79,0.25,74.25
78,0.25,74.5
79,0.25,74.75
81,0.25,75.0
79,0.25,75.25
78,0.25,75.5
79,0.25,75.75
80,0.25,76.0
81,0.25,76.25
81,0.5,76.5
77,0.25,77.0
r,0.25,77.25
74,0.25,77.5
r,0.25,77.75
76,0.25,78.0
77,0.25,78.0
76,0.25,78.0
74,0.25,78.25
76,0.25,78.25
81,0.5,78.5
77,0.25,79.0
r,0.25,79.25
74,0.25,79.5
r,0.25,79.75
76,0.25,80.0
77,0.25,80.0
76,0.25,80.0
74,0.25,80.25
76,0.25,80.25
77,0.25,80.5
r,0.75,80.75
74,0.25,81.5
r,0.5,81.75
r,0.25,82.25
76,1/3,82.5
r,2/3,497/6
r,1/3,83.5
r,1/3,503/6
79,0.25,505/6
r,1/12,1013/12
80,0.25,84.5
r,5/12,84.75
77,0.25,511/6
r,1/12,1025/12
74,0.25,85.5
r,5/12,85.75
75,0.25,517/6
r,1/12,1037/12
80,0.25,86.5
r,5/12,86.75
77,0.25,523/6
r,1/12,1049/12
74,0.25,87.5
r,5/12,87.75
75,0.25,529/6
r,1/12,1061/12
77,0.25,88.5
r,0.75,88.75
74,0.25,89.5
r,0.5,89.75
r,0.25,90.25
72,0.25,90.5
r,0.75,90.75
r,1.0,91.5
72,0.25,92.5
r,1.75,92.75
r,0.25,94.5
71,0.25,94.75
62,0.25,94.75
r,0.25,95.0
65,0.25,95.25
74,0.25,95.25
r,0.25,95.5
72,0.25,95.75
64,0.25,95.75
r,0.25,96.0
76,0.25,96.25
72,0.25,96.25
r,0.25,96.5
71,0.25,96.75
77,0.25,96.75
r,0.25,97.0
83,0.25,97.25
77,0.25,97.25
r,0.25,97.5
84,0.25,97.75
76,0.25,97.75
r,0.25,98.0
84,0.25,98.25
88,0.25,98.25
r,0.25,98.5
83,0.25,98.75
89,0.25,98.75
r,0.25,99.0
83,0.25,99.25
74,0.25,99.25
r,0.25,99.5
84,0.25,99.75
76,0.25,99.75
r,0.25,100.0
88,0.25,100.25
79,0.25,100.25
r,0.25,100.5
89,0.25,100.75
81,0.25,100.75
r,0.25,101.0
83,0.25,101.25
74,0.25,101.25
r,0.25,101.5
84,0.25,101.75
76,0.25,101.75
r,0.25,102.0
88,0.25,102.25
79,0.25,102.25
r,0.5,102.5
86,0.25,103.0
85,0.25,103.0
88,0.25,103.25
86,0.25,103.25
r,0.5,103.5
81,0.25,104.0
80,0.25,104.0
83,0.25,104.25
81,0.25,104.25
r,0.5,104.5
77,0.25,105.0
76,0.25,105.0
79,0.25,105.25
77,0.25,105.25
r,0.5,105.5
74,0.25,106.0
73,0.25,106.0
76,0.25,106.25
74,0.25,106.25
r,1/3,106.5
r,1/6,641/6
74,1.0,107.0
76,0.25,108.0
77,0.25,108.25
79,1.0,108.5
79,0.25,109.5
81,0.25,109.5
r,1/12,109.75
79,0.25,659/6
77,0.25,659/6
r,1/12,1321/12
76,0.25,661/6
74,0.25,661/6
r,1/12,1325/12
72,0.5,110.5
r,0.5,111.0
79,0.25,111.5
r,0.25,111.75
79,0.25,112.0
r,0.25,112.25
76,0.25,112.5
r,0.75,112.75
84,0.25,113.5
72,0.25,113.5
r,0.25,113.75
84,0.25,114.0
72,0.25,114.0
r,0.25,114.25
81,0.25,114.5
69,0.25,114.5
r,0.75,114.75
42,0.25,115.5
r,0.25,115.75
42,0.25,116.0
r,0.25,116.25
42,0.25,116.5
43,0.25,116.5
45,0.25,116.75
43,0.25,116.75
45,0.25,117.0
43,0.25,117.0
45,0.25,117.25
43,0.25,117.25
45,0.25,117.5
43,0.25,117.5
45,0.25,117.75
43,0.25,117.75
45,0.25,118.0
43,0.25,118.0
42,0.25,118.25
43,0.25,118.25
36,1.0,118.5
r,0.75,118.5
67,0.25,119.25
79,0.25,119.25
r,1/3,119.5
r,1.0,119.5
67,0.25,719/6
79,0.25,719/6
r,1/6,1441/12
64,0.25,120.25
76,0.25,120.25
r,0.75,120.5
72,0.25,121.25
84,0.25,121.25
r,1/3,121.5
72,0.25,731/6
84,0.25,731/6
r,1/6,1465/12
69,0.25,122.25
81,0.25,122.25
r,1.0,122.5
42,0.25,123.5
r,0.25,123.75
42,0.25,124.0
r,0.25,124.25
42,0.25,124.5
43,0.25,124.5
45,0.25,124.75
43,0.25,124.75
45,0.25,125.0
43,0.25,125.0
45,0.25,125.25
43,0.25,125.25
45,0.25,125.5
43,0.25,125.5
45,0.25,125.75
43,0.25,125.75
45,0.25,126.0
43,0.25,126.0
42,0.25,126.25
43,0.25,126.25
36,1.0,126.5
78,0.25,127.5
r,0.25,127.75
78,0.25,128.0
r,0.25,128.25
78,0.25,128.5
79,0.25,128.5
81,0.25,128.75
79,0.25,128.75
81,0.25,129.0
79,0.25,129.0
81,0.25,129.25
79,0.25,129.25
81,0.25,129.5
79,0.25,129.5
81,0.25,129.75
79,0.25,129.75
81,0.25,130.0
79,0.25,130.0
78,0.25,130.25
79,0.25,130.25
72,0.25,130.5
84,0.25,130.5
r,0.75,130.75
79,0.25,131.5
67,0.25,131.5
r,0.5,131.75
r,0.25,132.25
72,1/3,132.5
60,1/3,132.5
r,2/3,797/6
r,0.5,133.5
69,0.25,134.0
r,0.25,134.25
72,1/3,134.5
r,7/6,809/6
72,0.25,136.0
71,0.25,136.0
74,0.25,136.25
72,1/3,136.5
r,7/6,821/6
69,0.25,138.0
r,0.25,138.25
70,1/3,138.5
r,7/6,833/6
70,0.25,140.0
69,0.25,140.0
72,0.25,140.25
70,1/3,140.5
r,7/6,845/6
70,0.25,142.0
r,0.25,142.25
69,1/3,142.5
r,0.5,142.5
72,0.25,857/6
77,1.0,143.0
r,11/12,1717/12
76,0.5,144.0
r,0.5,144.0
77,0.5,144.5
81,1.0,145.0
79,1.0,146.0
81,1.0,147.0
82,0.25,148.0
84,0.25,148.25
84,0.5,148.5
82,0.25,149.0
r,1.25,149.25
82,0.25,150.5
84,0.25,150.5
82,0.25,150.5
81,0.25,150.75
82,0.25,150.75
86,1.0,151.0
84,0.25,152.0
82,0.25,152.25
81,0.25,152.5
82,0.25,152.5
84,0.25,152.5
r,4/3,152.5
82,0.25,152.75
81,1.0,153.0
79,0.25,923/6
82,1/3,154.0
r,1/6,1849/12
79,0.25,154.25
r,1/6,463/3
79,0.5,154.5
r,4/3,154.5
77,1.0,155.0
76,0.25,935/6
79,1/3,156.0
r,1/6,1873/12
76,0.25,156.25
r,1/6,469/3
77,0.75,156.5
r,0.75,157.25
69,0.25,158.0
r,0.25,158.25
72,1/3,158.5
r,7/6,953/6
72,0.25,160.0
71,0.25,160.0
74,0.25,160.25
72,1/3,160.5
r,7/6,965/6
69,0.25,162.0
r,0.25,162.25
72,1/3,162.5
r,7/6,977/6
72,0.25,164.0
71,0.25,164.0
74,0.25,164.25
72,0.5,164.5
r,1.0,165.0
72,0.25,166.0
71,0.25,166.0
69,0.25,166.25
76,0.25,166.25
r,0.5,166.5
72,0.25,167.0
71,0.25,167.0
69,0.25,167.25
76,0.25,167.25
r,0.5,167.5
72,0.25,168.0
71,0.25,168.0
69,0.25,168.25
76,0.5,168.5
r,0.5,169.0
r,0.5,169.5
55,0.5,170.0
67,0.5,170.0
52,1.0,170.5
64,1.0,170.5
55,1.0,171.5
67,1.0,171.5
72,1.5,172.5
60,1.5,172.5
64,0.5,174.0
76,0.5,174.0
67,0.5,174.5
79,0.5,174.5
72,1.0,175.0
84,1.0,175.0
76,0.25,176.0
88,0.25,176.0
74,0.25,176.25
86,0.25,176.25
72,1.0,176.5
84,1.0,176.5
71,0.5,177.5
83,0.5,177.5
r,0.25,178.0
r,0.25,178.25
59,1.0,178.5
71,1.0,178.5
62,1.0,179.5
74,1.0,179.5
65,1.5,180.5
77,1.5,180.5
71,0.5,182.0
83,0.5,182.0
74,0.5,182.5
86,0.5,182.5
77,1.0,183.0
89,1.0,183.0
76,0.5,184.0
88,0.5,184.0
74,1.0,184.5
86,1.0,184.5
72,0.5,185.5
84,0.5,185.5
r,0.25,186.0
r,0.25,186.25
64,1.0,186.5
76,1.0,186.5
79,1.0,187.5
67,1.0,187.5
72,1.5,188.5
84,1.5,188.5
73,1.0,190.0
85,1.0,190.0
74,1.0,191.5
86,1.0,191.5
72,0.25,192.5
84,0.25,192.5
r,0.25,192.75
72,0.5,193.0
84,0.5,193.0
71,0.25,193.5
83,0.25,193.5
r,7/12,193.75
r,1/6,583/3
78,0.25,194.5
r,0.25,194.75
79,0.75,195.0
r,7/12,195.75
r,1/6,589/3
84,0.25,196.5
r,0.25,196.75
84,0.25,197.0
83,0.25,197.25
81,0.25,197.5
79,0.25,197.75
r,1/3,198.0
r,1/6,595/3
78,0.25,198.5
r,0.25,198.75
79,0.75,199.0
r,7/12,199.75
r,1/6,601/3
84,0.25,200.5
r,0.25,200.75
84,0.25,201.0
83,0.25,201.25
81,0.25,201.5
79,0.25,201.75
r,1/3,202.0
r,1/6,607/3
84,0.25,202.5
r,0.25,202.75
84,0.25,203.0
83,0.25,203.25
81,0.25,203.5
79,0.25,203.75
r,1/3,204.0
r,1/6,613/3
84,0.25,204.5
r,0.25,204.75
84,0.25,205.0
83,0.25,205.25
81,0.25,205.5
79,0.25,205.75
78,0.25,206.0
79,0.25,206.25
81,0.25,206.5
79,0.25,206.75
78,0.25,207.0
79,0.25,207.25
81,0.25,207.5
79,0.25,207.75
78,0.25,208.0
79,0.25,208.25
80,0.25,208.5
81,0.25,208.75
81,0.5,209.0
77,0.25,209.5
r,0.25,209.75
74,0.25,210.0
r,0.25,210.25
76,0.25,210.5
77,0.25,210.5
76,0.25,210.5
74,0.25,210.75
76,0.25,210.75
81,0.5,211.0
77,0.25,211.5
r,0.25,211.75
74,0.25,212.0
r,0.25,212.25
76,0.25,212.5
77,0.25,212.5
76,0.25,212.5
74,0.25,212.75
76,0.25,212.75
77,0.25,213.0
r,0.75,213.25
74,0.25,214.0
r,0.5,214.25
r,0.25,214.75
76,1/3,215.0
r,2/3,646/3
r,1/3,216.0
r,1/3,649/3
79,0.25,650/3
r,1/12,2603/12
80,0.25,217.0
r,5/12,217.25
77,0.25,653/3
r,1/12,2615/12
74,0.25,218.0
r,5/12,218.25
75,0.25,656/3
r,1/12,2627/12
80,0.25,219.0
r,5/12,219.25
77,0.25,659/3
r,1/12,2639/12
74,0.25,220.0
r,5/12,220.25
75,0.25,662/3
r,1/12,2651/12
77,0.25,221.0
r,0.75,221.25
74,0.25,222.0
r,0.5,222.25
r,0.25,222.75
72,0.25,223.0
r,0.75,223.25
r,1.0,224.0
72,0.25,225.0
r,1.75,225.25
r,0.25,227.0
62,0.25,227.25
71,0.25,227.25
r,0.25,227.5
74,0.25,227.75
65,0.25,227.75
r,0.25,228.0
64,0.25,228.25
72,0.25,228.25
r,0.25,228.5
72,0.25,228.75
76,0.25,228.75
r,0.25,229.0
77,0.25,229.25
71,0.25,229.25
r,0.25,229.5
77,0.25,229.75
83,0.25,229.75
r,0.25,230.0
76,0.25,230.25
84,0.25,230.25
r,0.25,230.5
88,0.25,230.75
84,0.25,230.75
r,0.25,231.0
89,0.25,231.25
83,0.25,231.25
r,0.25,231.5
74,0.25,231.75
83,0.25,231.75
r,0.25,232.0
76,0.25,232.25
84,0.25,232.25
r,0.25,232.5
79,0.25,232.75
88,0.25,232.75
r,0.25,233.0
81,0.25,233.25
89,0.25,233.25
r,0.25,233.5
74,0.25,233.75
83,0.25,233.75
r,0.25,234.0
76,0.25,234.25
84,0.25,234.25
r,0.25,234.5
79,0.25,234.75
88,0.25,234.75
r,0.5,235.0
86,0.25,235.5
85,0.25,235.5
88,0.25,235.75
86,0.25,235.75
r,0.5,236.0
81,0.25,236.5
80,0.25,236.5
83,0.25,236.75
81,0.25,236.75
r,0.5,237.0
77,0.25,237.5
76,0.25,237.5
79,0.25,237.75
77,0.25,237.75
r,0.5,238.0
74,0.25,238.5
73,0.25,238.5
76,0.25,238.75
74,0.25,238.75
r,0.5,239.0
74,1.0,239.5
76,0.25,240.5
77,0.25,240.75
79,1.0,241.0
79,0.25,242.0
81,0.25,242.0
r,1/12,242.25
79,0.25,727/3
77,0.25,727/3
r,1/12,2911/12
76,0.25,728/3
74,0.25,728/3
r,1/12,2915/12
72,0.5,243.0
r,0.5,243.5
79,0.25,244.0
r,0.25,244.25
79,0.25,244.5
r,0.25,244.75
76,0.25,245.0
r,0.75,245.25
72,0.25,246.0
84,0.25,246.0
r,0.25,246.25
72,0.25,246.5
84,0.25,246.5
r,0.25,246.75
69,0.25,247.0
81,0.25,247.0
r,0.75,247.25
42,0.25,248.0
r,0.25,248.25
42,0.25,248.5
r,0.25,248.75
42,0.25,249.0
43,0.25,249.0
45,0.25,249.25
43,0.25,249.25
45,0.25,249.5
43,0.25,249.5
45,0.25,249.75
43,0.25,249.75
45,0.25,250.0
43,0.25,250.0
45,0.25,250.25
43,0.25,250.25
45,0.25,250.5
43,0.25,250.5
42,0.25,250.75
43,0.25,250.75
36,1.0,251.0
r,0.75,251.0
67,0.25,251.75
79,0.25,251.75
r,1/3,252.0
r,1.0,252.0
67,0.25,757/3
79,0.25,757/3
r,1/6,3031/12
64,0.25,252.75
76,0.25,252.75
r,0.75,253.0
72,0.25,253.75
84,0.25,253.75
r,1/3,254.0
72,0.25,763/3
84,0.25,763/3
r,1/6,3055/12
69,0.25,254.75
81,0.25,254.75
r,1.0,255.0
42,0.25,256.0
r,0.25,256.25
42,0.25,256.5
r,0.25,256.75
42,0.25,257.0
43,0.25,257.0
45,0.25,257.25
43,0.25,257.25
45,0.25,257.5
43,0.25,257.5
45,0.25,257.75
43,0.25,257.75
45,0.25,258.0
43,0.25,258.0
45,0.25,258.25
43,0.25,258.25
45,0.25,258.5
43,0.25,258.5
42,0.25,258.75
43,0.25,258.75
36,1.0,259.0
78,0.25,260.0
r,0.25,260.25
78,0.25,260.5
r,0.25,260.75
78,0.25,261.0
79,0.25,261.0
81,0.25,261.25
79,0.25,261.25
81,0.25,261.5
79,0.25,261.5
81,0.25,261.75
79,0.25,261.75
81,0.25,262.0
79,0.25,262.0
81,0.25,262.25
79,0.25,262.25
81,0.25,262.5
79,0.25,262.5
78,0.25,262.75
79,0.25,262.75
84,0.25,263.0
72,0.25,263.0
r,0.75,263.25
67,0.25,264.0
79,0.25,264.0
r,0.5,264.25
r,0.25,264.75
72,1/3,265.0
60,1/3,265.0
r,2/3,796/3
r,1.0,266.0
69,0.25,267.0
81,0.25,267.0
r,0.75,267.25
76,0.25,268.0
64,0.25,268.0
r,0.5,268.25
r,0.25,268.75
69,1/3,269.0
57,1/3,269.0
r,2/3,808/3
r,1.0,270.0
r,0.25,271.0
74,0.25,271.25
76,0.25,271.25
77,0.25,271.5
76,0.25,271.5
74,0.25,271.75
r,0.25,272.0
81,0.25,272.25
83,0.25,272.25
85,0.25,272.5
83,0.25,272.5
81,0.25,272.75
r,0.25,273.0
86,0.25,273.25
85,0.25,273.5
86,0.25,273.75
88,0.25,274.0
86,0.25,274.25
89,0.25,274.5
86,0.25,274.75
r,0.25,275.0
85,0.25,275.25
86,0.25,275.25
88,0.25,275.5
86,0.25,275.5
85,0.25,275.75
85,0.25,275.75
r,1/3,276.0
86,0.25,829/3
88,0.25,829/3
r,1/12,3319/12
86,0.25,830/3
85,0.25,830/3
r,1/12,3323/12
r,0.25,277.0
88,0.25,277.25
86,0.25,277.25
85,0.25,277.25
86,0.25,277.25
88,0.25,277.5
86,0.25,277.75
84,0.25,278.0
82,0.25,278.25
81,0.25,278.5
79,0.25,278.75
86,0.25,279.0
r,0.75,279.25
81,0.25,280.0
r,0.75,280.25
74,0.25,281.0
r,1.5,281.25
r,0.25,282.75
81,0.25,283.0
r,0.75,283.25
76,0.25,284.0
r,0.75,284.25
69,0.25,285.0
r,13/12,285.25
r,1/6,859/3
r,0.25,286.5
r,0.25,286.75
r,0.25,287.0
65,0.25,287.25
77,0.25,287.25
r,1/6,287.5
68,0.25,863/3
80,0.25,863/3
r,1/3,3455/12
69,0.25,288.25
81,0.25,288.25
r,1/6,288.5
62,0.25,866/3
74,0.25,866/3
r,1/12,3467/12
r,0.25,289.0
62,0.25,289.25
74,0.25,289.25
r,1/6,289.5
61,0.25,869/3
73,0.25,869/3
r,1/3,3479/12
61,0.25,290.25
73,0.25,290.25
r,1/6,290.5
64,0.25,872/3
76,0.25,872/3
r,1/12,3491/12
r,0.25,291.0
64,0.25,291.25
76,0.25,291.25
r,1/6,291.5
62,0.25,875/3
74,0.25,875/3
r,1/3,3503/12
62,0.25,292.25
74,0.25,292.25
r,1/6,292.5
65,0.25,878/3
77,0.25,878/3
r,1/12,3515/12
r,0.25,293.0
65,0.25,293.25
77,0.25,293.25
r,1/6,293.5
64,0.25,881/3
76,0.25,881/3
r,1/3,3527/12
64,0.25,294.25
76,0.25,294.25
r,1/6,294.5
67,0.25,884/3
79,0.25,884/3
r,1/12,3539/12
r,0.25,295.0
67,0.25,295.25
79,0.25,295.25
r,1/6,295.5
65,0.25,887/3
77,0.25,887/3
r,1/3,3551/12
67,0.25,296.25
79,0.25,296.25
r,1/6,296.5
66,0.25,890/3
78,0.25,890/3
r,1/12,3563/12
r,0.25,297.0
69,0.25,297.25
81,0.25,297.25
r,1/6,297.5
67,0.25,893/3
79,0.25,893/3
r,1/3,3575/12
70,0.25,298.25
82,0.25,298.25
r,1/6,298.5
69,0.25,896/3
81,0.25,896/3
r,1/12,3587/12
r,0.25,299.0
72,0.25,299.25
84,0.25,299.25
r,1/6,299.5
70,0.25,899/3
82,0.25,899/3
r,1/3,3599/12
74,0.25,300.25
86,0.25,300.25
r,1/6,300.5
67,0.25,902/3
79,0.25,902/3
r,1/12,3611/12
r,0.25,301.0
67,0.25,301.25
79,0.25,301.25
r,1/6,301.5
64,0.25,905/3
76,0.25,905/3
r,1/3,3623/12
66,0.25,302.25
78,0.25,302.25
r,1/6,302.5
69,0.25,908/3
81,0.25,908/3
r,1/12,3635/12
r,0.25,303.0
69,0.25,303.25
81,0.25,303.25
r,1/6,303.5
66,0.25,911/3
78,0.25,911/3
r,1/3,3647/12
67,0.25,304.25
79,0.25,304.25
r,1/6,304.5
70,0.25,914/3
82,0.25,914/3
r,1/12,3659/12
70,0.25,305.0
82,0.25,305.0
r,5/12,305.25
68,0.25,917/3
80,0.25,917/3
r,1/3,3671/12
69,0.25,306.25
81,0.25,306.25
r,1/6,306.5
72,0.25,920/3
84,0.25,920/3
r,1/12,3683/12
r,0.25,307.0
72,0.25,307.25
84,0.25,307.25
r,1/6,307.5
70,0.25,923/3
82,0.25,923/3
r,1/3,3695/12
72,0.25,308.25
84,0.25,308.25
r,1/6,308.5
71,0.25,926/3
83,0.25,926/3
r,1/12,3707/12
r,0.25,309.0
74,0.25,309.25
86,0.25,309.25
r,1/6,309.5
72,0.25,929/3
84,0.25,929/3
r,1/3,3719/12
75,0.25,310.25
87,0.25,310.25
r,1/6,310.5
74,0.25,932/3
86,0.25,932/3
r,1/12,3731/12
r,0.25,311.0
77,0.25,311.25
89,0.25,311.25
r,1/6,311.5
75,0.25,935/3
87,0.25,935/3
r,1/3,3743/12
77,0.25,312.25
89,0.25,312.25
r,1/6,312.5
76,0.25,938/3
88,0.25,938/3
r,1/12,3755/12
r,0.25,313.0
77,0.25,313.25
89,0.25,313.25
r,1/6,313.5
72,0.25,941/3
84,0.25,941/3
r,1/3,3767/12
77,0.25,314.25
89,0.25,314.25
r,1/6,314.5
75,0.25,944/3
87,0.25,944/3
r,1/12,3779/12
r,0.25,315.0
75,0.25,315.25
87,0.25,315.25
r,1/6,315.5
74,0.25,947/3
86,0.25,947/3
r,1/3,3791/12
77,0.25,316.25
89,0.25,316.25
r,1/6,316.5
70,0.25,950/3
82,0.25,950/3
r,1/12,3803/12
r,0.25,317.0
70,0.25,317.25
82,0.25,317.25
r,1/6,317.5
68,0.25,953/3
80,0.25,953/3
r,1/3,3815/12
69,0.25,318.25
81,0.25,318.25
r,1/6,318.5
72,0.25,956/3
84,0.25,956/3
r,1/12,3827/12
r,0.25,319.0
72,0.25,319.25
84,0.25,319.25
r,1/6,319.5
69,0.25,959/3
81,0.25,959/3
r,1/3,3839/12
70,0.25,320.25
82,0.25,320.25
r,1/6,320.5
74,0.25,962/3
86,0.25,962/3
r,1/12,3851/12
r,0.25,321.0
74,0.25,321.25
86,0.25,321.25
r,1/6,321.5
71,0.25,965/3
83,0.25,965/3
r,1/3,3863/12
72,0.25,322.25
84,0.25,322.25
r,1/6,322.5
75,0.25,968/3
87,0.25,968/3
r,1/12,3875/12
r,0.25,323.0
86,0.25,323.25
87,0.25,323.25
89,0.25,323.5
87,0.25,323.5
86,0.25,323.75
r,0.25,324.0
86,0.25,324.25
87,0.25,324.25
89,0.25,324.5
87,0.25,324.5
86,0.25,324.75
r,0.25,325.0
86,0.25,325.25
87,0.25,325.25
89,0.25,325.5
87,0.25,325.5
86,0.25,325.75
88,0.25,325.75
r,0.25,326.0
89,0.25,326.25
86,0.25,326.5
82,0.25,326.75
r,0.25,327.0
81,0.25,327.25
82,0.25,327.25
84,0.25,327.5
82,0.25,327.5
81,0.25,327.75
r,0.25,328.0
81,0.25,328.25
82,0.25,328.25
84,0.25,328.5
82,0.25,328.5
81,0.25,328.75
r,0.25,329.0
81,0.25,329.25
82,0.25,329.25
84,0.25,329.5
82,0.25,329.5
81,0.25,329.75
87,0.25,329.75
r,0.25,330.0
84,0.25,330.25
81,0.25,330.5
75,0.25,330.75
82,0.25,331.0
r,0.75,331.25
77,0.25,332.0
r,0.75,332.25
73,0.25,333.0
r,1.5,333.25
r,0.25,334.75
75,0.25,335.0
r,0.75,335.25
72,0.25,336.0
r,0.75,336.25
69,0.25,337.0
r,1.5,337.25
r,0.25,338.75
r,0.25,339.0
70,0.25,339.25
72,0.25,339.25
73,0.25,339.5
72,0.25,339.5
70,0.25,339.75
r,0.25,340.0
70,0.25,340.25
72,0.25,340.25
73,0.25,340.5
72,0.25,340.5
70,0.25,340.75
r,0.25,341.0
70,0.25,341.25
72,0.25,341.25
73,0.25,341.5
72,0.25,341.5
70,0.25,341.75
82,0.25,341.75
r,0.25,342.0
77,0.25,342.25
85,0.25,342.5
77,0.25,342.75
r,0.25,343.0
76,0.25,343.25
77,0.25,343.25
79,0.25,343.5
77,0.25,343.5
76,0.25,343.75
r,0.25,344.0
76,0.25,344.25
77,0.25,344.25
79,0.25,344.5
77,0.25,344.5
76,0.25,344.75
r,0.25,345.0
76,0.25,345.25
77,0.25,345.25
79,0.25,345.5
77,0.25,345.5
76,0.25,345.75
82,0.25,345.75
r,0.25,346.0
79,0.25,346.25
76,0.25,346.5
70,0.25,346.75
r,0.25,347.0
68,0.25,347.25
70,0.25,347.25
72,0.25,347.5
70,0.25,347.5
68,0.25,347.75
r,0.25,348.0
68,0.25,348.25
70,0.25,348.25
72,0.25,348.5
70,0.25,348.5
68,0.25,348.75
r,0.25,349.0
68,0.25,349.25
70,0.25,349.25
72,0.25,349.5
70,0.25,349.5
68,0.25,349.75
77,0.25,349.75
r,0.25,350.0
68,0.25,350.25
80,0.25,350.5
68,0.25,350.75
r,0.25,351.0
77,0.25,351.25
79,0.25,351.25
80,0.25,351.5
79,0.25,351.5
77,0.25,351.75
r,0.25,352.0
77,0.25,352.25
79,0.25,352.25
80,0.25,352.5
79,0.25,352.5
77,0.25,352.75
r,0.25,353.0
77,0.25,353.25
79,0.25,353.25
80,0.25,353.5
79,0.25,353.5
77,0.25,353.75
80,0.25,353.75
r,0.25,354.0
77,0.25,354.25
89,0.25,354.5
77,0.25,354.75
r,0.25,355.0
77,0.25,355.25
79,0.25,355.25
80,0.25,355.5
79,0.25,355.5
77,0.25,355.75
86,0.25,355.75
r,0.25,356.0
77,0.25,356.25
86,0.25,356.5
77,0.25,356.75
r,0.25,357.0
77,0.25,357.25
79,0.25,357.25
80,0.25,357.5
79,0.25,357.5
77,0.25,357.75
86,0.25,357.75
r,0.25,358.0
77,0.25,358.25
86,0.25,358.5
77,0.25,358.75
r,0.25,359.0
77,0.25,359.25
79,0.25,359.25
81,0.25,359.5
79,0.25,359.5
77,0.25,359.75
86,0.25,359.75
r,0.25,360.0
77,0.25,360.25
86,0.25,360.5
77,0.25,360.75
86,0.25,361.0
77,0.25,361.25
86,0.25,361.5
77,0.25,361.75
86,0.25,362.0
77,0.25,362.25
86,0.25,362.5
77,0.25,362.75
r,0.25,363.0
76,0.25,363.25
86,0.25,363.5
76,0.25,363.75
86,0.25,364.0
76,0.25,364.25
86,0.25,364.5
76,0.25,364.75
r,0.25,365.0
76,0.25,365.25
85,0.25,365.5
76,0.25,365.75
85,0.25,366.0
76,0.25,366.25
85,0.25,366.5
76,0.5,366.75
r,1.25,367.25
66,0.25,368.5
r,0.25,368.75
69,1/3,369.0
r,7/6,1108/3
81,0.25,370.5
80,0.25,370.5
83,0.25,370.75
81,1/3,371.0
r,7/6,1114/3
66,0.25,372.5
r,0.25,372.75
67,1/3,373.0
r,7/6,1120/3
79,0.25,374.5
78,0.25,374.5
81,0.25,374.75
79,1/3,375.0
r,7/6,1126/3
67,0.25,376.5
r,0.25,376.75
66,1/3,377.0
r,0.5,377.0
69,0.25,1132/3
74,1.0,377.5
r,11/12,4531/12
73,0.5,378.5
r,0.5,378.5
74,0.5,379.0
78,1.0,379.5
76,1.0,380.5
78,1.0,381.5
79,0.25,382.5
81,0.25,382.75
81,0.5,383.0
79,0.25,383.5
r,1.25,383.75
79,0.25,385.0
81,0.25,385.0
79,0.25,385.0
78,0.25,385.25
79,0.25,385.25
83,1.0,385.5
81,0.25,386.5
79,0.25,386.75
78,0.25,387.0
79,0.25,387.0
81,0.25,387.0
r,4/3,387.0
79,0.25,387.25
78,1.0,387.5
76,0.25,1165/3
79,1/3,388.5
r,1/6,4663/12
76,0.25,388.75
r,1/6,2333/6
76,0.5,389.0
r,4/3,389.0
74,1.0,389.5
73,0.25,1171/3
76,1/3,390.5
r,1/6,4687/12
73,0.25,390.75
r,1/6,2345/6
74,0.75,391.0
r,1.25,391.75
r,1.5,393.0
69,0.25,394.5
r,0.25,394.75
70,1/3,395.0
r,7/6,1186/3
82,0.25,396.5
81,0.25,396.5
84,0.25,396.75
82,1/3,397.0
r,7/6,1192/3
70,0.25,398.5
r,0.25,398.75
70,1/3,399.0
r,7/6,1198/3
82,0.25,400.5
81,0.25,400.5
84,0.25,400.75
82,1/3,401.0
r,7/6,1204/3
82,0.25,402.5
81,0.25,402.5
84,0.25,402.75
82,0.25,402.75
r,0.5,403.0
82,0.25,403.5
81,0.25,403.5
84,0.25,403.75
82,0.25,403.75
r,0.5,404.0
82,0.25,404.5
81,0.25,404.5
84,0.25,404.75
82,0.5,405.0
r,1.0,405.5
70,0.25,406.5
r,0.25,406.75
69,1/3,407.0
r,0.5,407.0
72,0.25,1222/3
77,1.0,407.5
r,11/12,4891/12
76,0.5,408.5
r,0.5,408.5
77,0.5,409.0
81,1.0,409.5
79,1.0,410.5
81,1.0,411.5
82,0.25,412.5
84,0.25,412.75
84,0.5,413.0
82,0.25,413.5
r,1.25,413.75
82,0.25,415.0
84,0.25,415.0
82,0.25,415.0
81,0.25,415.25
82,0.25,415.25
86,1.0,415.5
84,0.25,416.5
82,0.25,416.75
81,0.25,417.0
82,0.25,417.0
84,0.25,417.0
r,4/3,417.0
82,0.25,417.25
81,1.0,417.5
79,0.25,1255/3
82,1/3,418.5
r,1/6,5023/12
79,0.25,418.75
r,1/6,2513/6
79,0.5,419.0
r,4/3,419.0
77,1.0,419.5
76,0.25,1261/3
79,1/3,420.5
r,1/6,5047/12
76,0.25,420.75
r,1/6,2525/6
77,0.75,421.0
r,0.75,421.75
53,0.5,422.5
65,0.5,422.5
57,1.0,423.0
69,1.0,423.0
60,1.0,424.0
72,1.0,424.0
77,1.5,425.0
65,1.5,425.0
69,0.5,426.5
81,0.5,426.5
72,0.5,427.0
84,0.5,427.0
77,1.0,427.5
89,1.0,427.5
89,0.5,428.5
77,0.5,428.5
77,1.0,429.0
89,1.0,429.0
76,0.5,430.0
88,0.5,430.0
r,0.25,430.5
r,0.25,430.75
52,1.0,431.0
64,1.0,431.0
55,1.0,432.0
67,1.0,432.0
58,1.5,433.0
70,1.5,433.0
64,0.5,434.5
76,0.5,434.5
67,0.5,435.0
79,0.5,435.0
70,1.0,435.5
82,1.0,435.5
69,0.5,436.5
81,0.5,436.5
67,1.0,437.0
79,1.0,437.0
65,0.5,438.0
77,0.5,438.0
r,0.25,438.5
r,0.25,438.75
65,0.25,439.0
68,0.25,439.25
60,0.25,439.5
64,0.25,439.75
65,0.25,440.0
68,0.25,440.25
60,0.25,440.5
64,0.25,440.75
65,0.25,441.0
68,0.25,441.25
60,0.25,441.5
64,0.25,441.75
65,0.25,442.0
68,0.25,442.25
60,0.25,442.5
64,0.25,442.75
65,0.25,443.0
68,0.25,443.25
60,0.25,443.5
64,0.25,443.75
65,0.25,444.0
67,0.25,444.25
68,0.25,444.5
65,0.25,444.75
67,0.25,445.0
70,0.25,445.25
63,0.25,445.5
66,0.25,445.75
67,0.25,446.0
70,0.25,446.25
63,0.25,446.5
66,0.25,446.75
67,0.25,447.0
70,0.25,447.25
63,0.25,447.5
66,0.25,447.75
67,0.25,448.0
70,0.25,448.25
63,0.25,448.5
66,0.25,448.75
67,0.25,449.0
70,0.25,449.25
63,0.25,449.5
66,0.25,449.75
67,0.25,450.0
70,0.25,450.25
63,0.25,450.5
66,0.25,450.75
67,0.25,451.0
70,0.25,451.25
63,0.25,451.5
66,0.25,451.75
67,0.25,452.0
70,0.25,452.25
63,0.25,452.5
66,0.25,452.75
68,0.25,453.0
72,0.25,453.25
63,0.25,453.5
67,0.25,453.75
69,0.25,454.0
72,0.25,454.25
65,0.25,454.5
69,0.25,454.75
70,0.25,455.0
77,0.25,455.25
65,0.25,455.5
69,0.25,455.75
71,0.25,456.0
65,0.25,456.25
77,0.25,456.5
71,0.25,456.75
72,1.0,457.0
r,0.5,458.0
89,0.25,458.5
r,0.25,458.75
89,0.5,459.0
88,0.25,459.5
r,0.75,459.75
83,0.25,460.5
r,0.25,460.75
84,0.75,461.0
r,7/12,461.75
r,1/6,1387/3
89,0.25,462.5
r,0.25,462.75
89,0.25,463.0
88,0.25,463.25
86,0.25,463.5
84,0.25,463.75
r,1/3,464.0
r,1/6,1393/3
83,0.25,464.5
r,0.25,464.75
84,0.75,465.0
r,7/12,465.75
r,1/6,1399/3
83,0.25,466.5
r,0.25,466.75
84,0.75,467.0
r,7/12,467.75
r,1/6,1405/3
83,0.25,468.5
r,0.25,468.75
84,0.75,469.0
r,1.25,469.75
r,0.75,471.0
r,11/12,471.75
r,1/12,1418/3
r,0.25,472.75
74,0.5,473.0
70,0.25,473.5
r,0.25,473.75
67,0.25,474.0
r,0.25,474.25
69,0.25,474.5
70,0.25,474.5
69,0.25,474.5
67,0.25,474.75
69,0.25,474.75
74,0.5,475.0
70,0.25,475.5
r,0.25,475.75
67,0.25,476.0
r,0.25,476.25
69,0.25,476.5
70,0.25,476.5
69,0.25,476.5
67,0.25,476.75
69,0.25,476.75
70,0.25,477.0
r,0.75,477.25
67,0.25,478.0
r,0.5,478.25
r,0.25,478.75
69,1/3,479.0
r,2/3,1438/3
r,1/3,480.0
r,1/3,1441/3
84,0.25,1442/3
r,1/12,5771/12
85,0.25,481.0
r,5/12,481.25
82,0.25,1445/3
r,1/12,5783/12
79,0.25,482.0
r,5/12,482.25
80,0.25,1448/3
r,1/12,5795/12
85,0.25,483.0
r,5/12,483.25
82,0.25,1451/3
r,1/12,5807/12
79,0.25,484.0
r,5/12,484.25
80,0.25,1454/3
r,1/12,5819/12
82,0.25,485.0
r,0.75,485.25
79,0.25,486.0
r,5/12,486.25
r,1/12,1460/3
r,0.25,486.75
77,0.25,487.0
r,1.75,487.25
65,0.25,489.0
r,0.75,489.25
r,1.0,490.0
r,0.25,491.0
55,0.25,491.25
64,0.25,491.25
r,0.25,491.5
67,0.25,491.75
58,0.25,491.75
r,0.25,492.0
65,0.25,492.25
57,0.25,492.25
r,0.25,492.5
65,0.25,492.75
69,0.25,492.75
r,0.25,493.0
64,0.25,493.25
70,0.25,493.25
r,0.25,493.5
70,0.25,493.75
76,0.25,493.75
r,0.25,494.0
69,0.25,494.25
77,0.25,494.25
r,0.25,494.5
77,0.25,494.75
81,0.25,494.75
r,0.25,495.0
82,0.25,495.25
76,0.25,495.25
r,0.25,495.5
76,0.25,495.75
84,0.25,495.75
79,0.25,495.75
r,0.25,496.0
84,0.25,496.25
81,0.25,496.25
77,0.25,496.25
r,0.25,496.5
89,0.25,496.75
84,0.25,496.75
81,0.25,496.75
r,0.25,497.0
88,0.25,497.25
79,0.25,497.25
84,0.25,497.25
r,0.25,497.5
79,0.25,497.75
84,0.25,497.75
76,0.25,497.75
r,0.25,498.0
77,0.25,498.25
81,0.25,498.25
84,0.25,498.25
r,0.25,498.5
84,0.25,498.75
89,0.25,498.75
81,0.25,498.75
r,0.5,499.0
86,0.25,499.5
85,0.25,499.5
88,0.25,499.75
86,0.25,499.75
r,0.5,500.0
82,0.25,500.5
81,0.25,500.5
84,0.25,500.75
82,0.25,500.75
r,0.5,501.0
79,0.25,501.5
78,0.25,501.5
81,0.25,501.75
79,0.25,501.75
r,0.5,502.0
74,0.25,502.5
73,0.25,502.5
76,0.25,502.75
74,0.25,502.75
r,0.5,503.0
67,1.0,503.5
69,0.25,504.5
70,0.25,504.75
72,1.25,505.0
74,0.25,506.25
72,0.25,506.25
70,0.25,506.5
69,0.25,506.5
67,0.25,506.75
65,0.25,506.75
r,0.5,507.0
79,1.0,507.5
81,0.25,508.5
83,0.25,508.75
84,1.0,509.0
86,0.25,510.0
84,0.25,510.0
r,1/12,510.25
83,0.25,1531/3
84,0.25,1531/3
r,1/12,6127/12
86,0.25,1532/3
88,0.25,1532/3
r,1/12,6131/12
89,0.25,511.0
r,0.75,511.25
84,0.25,512.0
72,0.25,512.0
r,0.25,512.25
72,0.25,512.5
84,0.25,512.5
r,0.25,512.75
81,0.25,513.0
69,0.25,513.0
r,0.75,513.25
89,0.25,514.0
77,0.25,514.0
r,0.25,514.25
77,0.25,514.5
89,0.25,514.5
r,0.25,514.75
86,0.25,515.0
74,0.25,515.0
r,0.75,515.25
47,0.25,516.0
r,0.25,516.25
47,0.25,516.5
r,0.25,516.75
47,0.25,517.0
48,0.25,517.0
50,0.25,517.25
48,0.25,517.25
50,0.25,517.5
48,0.25,517.5
50,0.25,517.75
48,0.25,517.75
50,0.25,518.0
48,0.25,518.0
50,0.25,518.25
48,0.25,518.25
50,0.25,518.5
48,0.25,518.5
47,0.25,518.75
48,0.25,518.75
41,0.25,519.0
r,0.5,519.25
72,0.25,519.75
84,0.25,519.75
r,1/3,520.0
72,0.25,1561/3
84,0.25,1561/3
r,1/6,6247/12
69,0.25,520.75
81,0.25,520.75
r,0.75,521.0
77,0.25,521.75
89,0.25,521.75
r,1/3,522.0
77,0.25,1567/3
89,0.25,1567/3
r,1/6,6271/12
74,0.25,522.75
86,0.25,522.75
r,1.0,523.0
47,0.25,524.0
r,0.25,524.25
47,0.25,524.5
r,0.25,524.75
47,0.25,525.0
48,0.25,525.0
50,0.25,525.25
48,0.25,525.25
50,0.25,525.5
48,0.25,525.5
50,0.25,525.75
48,0.25,525.75
50,0.25,526.0
48,0.25,526.0
50,0.25,526.25
48,0.25,526.25
50,0.25,526.5
48,0.25,526.5
47,0.25,526.75
48,0.25,526.75
41,0.25,527.0
r,0.75,527.25
83,0.25,528.0
r,0.25,528.25
83,0.25,528.5
r,0.25,528.75
83,0.25,529.0
84,0.25,529.0
86,0.25,529.25
84,0.25,529.25
86,0.25,529.5
84,0.25,529.5
86,0.25,529.75
84,0.25,529.75
86,0.25,530.0
84,0.25,530.0
86,0.25,530.25
84,0.25,530.25
86,0.25,530.5
84,0.25,530.5
83,0.25,530.75
84,0.25,530.75
89,0.25,531.0
77,0.25,531.0
r,0.75,531.25
71,0.25,532.0
r,0.25,532.25
71,0.25,532.5
r,0.25,532.75
71,0.25,533.0
72,0.25,533.0
74,0.25,533.25
72,0.25,533.25
74,0.25,533.5
72,0.25,533.5
74,0.25,533.75
72,0.25,533.75
74,0.25,534.0
72,0.25,534.0
74,0.25,534.25
72,0.25,534.25
74,0.25,534.5
72,0.25,534.5
71,0.25,534.75
72,0.25,534.75
65,0.25,535.0
77,0.25,535.0
r,0.75,535.25
60,0.25,536.0
72,0.25,536.0
r,0.25,536.25
r,0.5,536.5
65,1/3,537.0
53,1/3,537.0
r,2/3,1612/3
r,1.0,538.0
69,0.25,539.0
81,0.25,539.0
r,0.75,539.25
76,0.25,540.0
64,0.25,540.0
r,0.5,540.25
r,0.25,540.75
57,1/3,541.0
69,1/3,541.0
r,2/3,1624/3
r,1.0,542.0
r,0.25,543.0
74,0.25,543.25
76,0.25,543.25
77,0.25,543.5
76,0.25,543.5
74,0.25,543.75
r,0.25,544.0
81,0.25,544.25
83,0.25,544.25
85,0.25,544.5
83,0.25,544.5
81,0.25,544.75
r,0.25,545.0
86,0.25,545.25
85,0.25,545.5
86,0.25,545.75
88,0.25,546.0
86,0.25,546.25
89,0.25,546.5
86,0.25,546.75
r,0.25,547.0
85,0.25,547.25
86,0.25,547.25
88,0.25,547.5
86,0.25,547.5
85,0.25,547.75
85,0.25,547.75
r,1/3,548.0
86,0.25,1645/3
88,0.25,1645/3
r,1/12,6583/12
86,0.25,1646/3
85,0.25,1646/3
r,1/12,6587/12
r,0.25,549.0
88,0.25,549.25
86,0.25,549.25
85,0.25,549.25
86,0.25,549.25
88,0.25,549.5
86,0.25,549.75
84,0.25,550.0
82,0.25,550.25
81,0.25,550.5
79,0.25,550.75
86,0.25,551.0
r,0.75,551.25
81,0.25,552.0
r,0.75,552.25
74,0.25,553.0
r,1.5,553.25
r,0.25,554.75
81,0.25,555.0
r,0.75,555.25
76,0.25,556.0
r,0.75,556.25
69,0.25,557.0
r,13/12,557.25
r,1/6,1675/3
r,0.25,558.5
r,0.25,558.75
r,0.25,559.0
65,0.25,559.25
77,0.25,559.25
r,1/6,559.5
68,0.25,1679/3
80,0.25,1679/3
r,1/3,6719/12
69,0.25,560.25
81,0.25,560.25
r,1/6,560.5
62,0.25,1682/3
74,0.25,1682/3
r,1/12,6731/12
r,0.25,561.0
62,0.25,561.25
74,0.25,561.25
r,1/6,561.5
61,0.25,1685/3
73,0.25,1685/3
r,1/3,6743/12
61,0.25,562.25
73,0.25,562.25
r,1/6,562.5
64,0.25,1688/3
76,0.25,1688/3
r,1/12,6755/12
r,0.25,563.0
64,0.25,563.25
76,0.25,563.25
r,1/6,563.5
62,0.25,1691/3
74,0.25,1691/3
r,1/3,6767/12
62,0.25,564.25
74,0.25,564.25
r,1/6,564.5
65,0.25,1694/3
77,0.25,1694/3
r,1/12,6779/12
r,0.25,565.0
65,0.25,565.25
77,0.25,565.25
r,1/6,565.5
64,0.25,1697/3
76,0.25,1697/3
r,1/3,6791/12
64,0.25,566.25
76,0.25,566.25
r,1/6,566.5
67,0.25,1700/3
79,0.25,1700/3
r,1/12,6803/12
r,0.25,567.0
67,0.25,567.25
79,0.25,567.25
r,1/6,567.5
65,0.25,1703/3
77,0.25,1703/3
r,1/3,6815/12
67,0.25,568.25
79,0.25,568.25
r,1/6,568.5
66,0.25,1706/3
78,0.25,1706/3
r,1/12,6827/12
r,0.25,569.0
69,0.25,569.25
81,0.25,569.25
r,1/6,569.5
67,0.25,1709/3
79,0.25,1709/3
r,1/3,6839/12
70,0.25,570.25
82,0.25,570.25
r,1/6,570.5
69,0.25,1712/3
81,0.25,1712/3
r,1/12,6851/12
r,0.25,571.0
72,0.25,571.25
84,0.25,571.25
r,1/6,571.5
70,0.25,1715/3
82,0.25,1715/3
r,1/3,6863/12
74,0.25,572.25
86,0.25,572.25
r,1/6,572.5
67,0.25,1718/3
79,0.25,1718/3
r,1/12,6875/12
r,0.25,573.0
67,0.25,573.25
79,0.25,573.25
r,1/6,573.5
64,0.25,1721/3
76,0.25,1721/3
r,1/3,6887/12
66,0.25,574.25
78,0.25,574.25
r,1/6,574.5
69,0.25,1724/3
81,0.25,1724/3
r,1/12,6899/12
r,0.25,575.0
69,0.25,575.25
81,0.25,575.25
r,1/6,575.5
66,0.25,1727/3
78,0.25,1727/3
r,1/3,6911/12
67,0.25,576.25
79,0.25,576.25
r,1/6,576.5
70,0.25,1730/3
82,0.25,1730/3
r,1/12,6923/12
70,0.25,577.0
82,0.25,577.0
r,5/12,577.25
68,0.25,1733/3
80,0.25,1733/3
r,1/3,6935/12
69,0.25,578.25
81,0.25,578.25
r,1/6,578.5
72,0.25,1736/3
84,0.25,1736/3
r,1/12,6947/12
r,0.25,579.0
72,0.25,579.25
84,0.25,579.25
r,1/6,579.5
70,0.25,1739/3
82,0.25,1739/3
r,1/3,6959/12
72,0.25,580.25
84,0.25,580.25
r,1/6,580.5
71,0.25,1742/3
83,0.25,1742/3
r,1/12,6971/12
r,0.25,581.0
74,0.25,581.25
86,0.25,581.25
r,1/6,581.5
72,0.25,1745/3
84,0.25,1745/3
r,1/3,6983/12
75,0.25,582.25
87,0.25,582.25
r,1/6,582.5
74,0.25,1748/3
86,0.25,1748/3
r,1/12,6995/12
r,0.25,583.0
77,0.25,583.25
89,0.25,583.25
r,1/6,583.5
75,0.25,1751/3
87,0.25,1751/3
r,1/3,7007/12
77,0.25,584.25
89,0.25,584.25
r,1/6,584.5
76,0.25,1754/3
88,0.25,1754/3
r,1/12,7019/12
r,0.25,585.0
77,0.25,585.25
89,0.25,585.25
r,1/6,585.5
72,0.25,1757/3
84,0.25,1757/3
r,1/3,7031/12
77,0.25,586.25
89,0.25,586.25
r,1/6,586.5
75,0.25,1760/3
87,0.25,1760/3
r,1/12,7043/12
r,0.25,587.0
75,0.25,587.25
87,0.25,587.25
r,1/6,587.5
74,0.25,1763/3
86,0.25,1763/3
r,1/3,7055/12
77,0.25,588.25
89,0.25,588.25
r,1/6,588.5
70,0.25,1766/3
82,0.25,1766/3
r,1/12,7067/12
r,0.25,589.0
70,0.25,589.25
82,0.25,589.25
r,1/6,589.5
68,0.25,1769/3
80,0.25,1769/3
r,1/3,7079/12
69,0.25,590.25
81,0.25,590.25
r,1/6,590.5
72,0.25,1772/3
84,0.25,1772/3
r,1/12,7091/12
r,0.25,591.0
72,0.25,591.25
84,0.25,591.25
r,1/6,591.5
69,0.25,1775/3
81,0.25,1775/3
r,1/3,7103/12
70,0.25,592.25
82,0.25,592.25
r,1/6,592.5
74,0.25,1778/3
86,0.25,1778/3
r,1/12,7115/12
r,0.25,593.0
74,0.25,593.25
86,0.25,593.25
r,1/6,593.5
71,0.25,1781/3
83,0.25,1781/3
r,1/3,7127/12
72,0.25,594.25
84,0.25,594.25
r,1/6,594.5
75,0.25,1784/3
87,0.25,1784/3
r,1/12,7139/12
r,0.25,595.0
86,0.25,595.25
87,0.25,595.25
89,0.25,595.5
87,0.25,595.5
86,0.25,595.75
r,0.25,596.0
86,0.25,596.25
87,0.25,596.25
89,0.25,596.5
87,0.25,596.5
86,0.25,596.75
r,0.25,597.0
86,0.25,597.25
87,0.25,597.25
89,0.25,597.5
87,0.25,597.5
86,0.25,597.75
88,0.25,597.75
r,0.25,598.0
89,0.25,598.25
86,0.25,598.5
82,0.25,598.75
r,0.25,599.0
81,0.25,599.25
82,0.25,599.25
84,0.25,599.5
82,0.25,599.5
81,0.25,599.75
r,0.25,600.0
81,0.25,600.25
82,0.25,600.25
84,0.25,600.5
82,0.25,600.5
81,0.25,600.75
r,0.25,601.0
81,0.25,601.25
82,0.25,601.25
84,0.25,601.5
82,0.25,601.5
81,0.25,601.75
87,0.25,601.75
r,0.25,602.0
84,0.25,602.25
81,0.25,602.5
75,0.25,602.75
82,0.25,603.0
r,0.75,603.25
77,0.25,604.0
r,0.75,604.25
73,0.25,605.0
r,1.5,605.25
r,0.25,606.75
75,0.25,607.0
r,0.75,607.25
72,0.25,608.0
r,0.75,608.25
69,0.25,609.0
r,1.5,609.25
r,0.25,610.75
r,0.25,611.0
70,0.25,611.25
72,0.25,611.25
73,0.25,611.5
72,0.25,611.5
70,0.25,611.75
r,0.25,612.0
70,0.25,612.25
72,0.25,612.25
73,0.25,612.5
72,0.25,612.5
70,0.25,612.75
r,0.25,613.0
70,0.25,613.25
72,0.25,613.25
73,0.25,613.5
72,0.25,613.5
70,0.25,613.75
82,0.25,613.75
r,0.25,614.0
77,0.25,614.25
85,0.25,614.5
77,0.25,614.75
r,0.25,615.0
76,0.25,615.25
77,0.25,615.25
79,0.25,615.5
77,0.25,615.5
76,0.25,615.75
r,0.25,616.0
76,0.25,616.25
77,0.25,616.25
79,0.25,616.5
77,0.25,616.5
76,0.25,616.75
r,0.25,617.0
76,0.25,617.25
77,0.25,617.25
79,0.25,617.5
77,0.25,617.5
76,0.25,617.75
82,0.25,617.75
r,0.25,618.0
79,0.25,618.25
76,0.25,618.5
70,0.25,618.75
r,0.25,619.0
68,0.25,619.25
70,0.25,619.25
72,0.25,619.5
70,0.25,619.5
68,0.25,619.75
r,0.25,620.0
68,0.25,620.25
70,0.25,620.25
72,0.25,620.5
70,0.25,620.5
68,0.25,620.75
r,0.25,621.0
68,0.25,621.25
70,0.25,621.25
72,0.25,621.5
70,0.25,621.5
68,0.25,621.75
77,0.25,621.75
r,0.25,622.0
68,0.25,622.25
80,0.25,622.5
68,0.25,622.75
r,0.25,623.0
77,0.25,623.25
79,0.25,623.25
80,0.25,623.5
79,0.25,623.5
77,0.25,623.75
r,0.25,624.0
77,0.25,624.25
79,0.25,624.25
80,0.25,624.5
79,0.25,624.5
77,0.25,624.75
r,0.25,625.0
77,0.25,625.25
79,0.25,625.25
80,0.25,625.5
79,0.25,625.5
77,0.25,625.75
80,0.25,625.75
r,0.25,626.0
77,0.25,626.25
89,0.25,626.5
77,0.25,626.75
r,0.25,627.0
77,0.25,627.25
79,0.25,627.25
80,0.25,627.5
79,0.25,627.5
77,0.25,627.75
86,0.25,627.75
r,0.25,628.0
77,0.25,628.25
86,0.25,628.5
77,0.25,628.75
r,0.25,629.0
77,0.25,629.25
79,0.25,629.25
80,0.25,629.5
79,0.25,629.5
77,0.25,629.75
86,0.25,629.75
r,0.25,630.0
77,0.25,630.25
86,0.25,630.5
77,0.25,630.75
r,0.25,631.0
77,0.25,631.25
79,0.25,631.25
81,0.25,631.5
79,0.25,631.5
77,0.25,631.75
86,0.25,631.75
r,0.25,632.0
77,0.25,632.25
86,0.25,632.5
77,0.25,632.75
86,0.25,633.0
77,0.25,633.25
86,0.25,633.5
77,0.25,633.75
86,0.25,634.0
77,0.25,634.25
86,0.25,634.5
77,0.25,634.75
r,0.25,635.0
76,0.25,635.25
86,0.25,635.5
76,0.25,635.75
86,0.25,636.0
76,0.25,636.25
86,0.25,636.5
76,0.25,636.75
r,0.25,637.0
76,0.25,637.25
85,0.25,637.5
76,0.25,637.75
85,0.25,638.0
76,0.25,638.25
85,0.25,638.5
76,0.5,638.75
r,1.25,639.25
66,0.25,640.5
r,0.25,640.75
69,1/3,641.0
r,7/6,1924/3
81,0.25,642.5
80,0.25,642.5
83,0.25,642.75
81,1/3,643.0
r,7/6,1930/3
66,0.25,644.5
r,0.25,644.75
67,1/3,645.0
r,7/6,1936/3
79,0.25,646.5
78,0.25,646.5
81,0.25,646.75
79,1/3,647.0
r,7/6,1942/3
67,0.25,648.5
r,0.25,648.75
66,1/3,649.0
r,0.5,649.0
69,0.25,1948/3
74,1.0,649.5
r,11/12,7795/12
73,0.5,650.5
r,0.5,650.5
74,0.5,651.0
78,1.0,651.5
76,1.0,652.5
78,1.0,653.5
79,0.25,654.5
81,0.25,654.75
81,0.5,655.0
79,0.25,655.5
r,1.25,655.75
79,0.25,657.0
81,0.25,657.0
79,0.25,657.0
78,0.25,657.25
79,0.25,657.25
83,1.0,657.5
81,0.25,658.5
79,0.25,658.75
78,0.25,659.0
79,0.25,659.0
81,0.25,659.0
r,4/3,659.0
79,0.25,659.25
78,1.0,659.5
76,0.25,1981/3
79,1/3,660.5
r,1/6,7927/12
76,0.25,660.75
r,1/6,3965/6
76,0.5,661.0
r,4/3,661.0
74,1.0,661.5
73,0.25,1987/3
76,1/3,662.5
r,1/6,7951/12
73,0.25,662.75
r,1/6,3977/6
74,0.75,663.0
r,1.25,663.75
r,1.5,665.0
69,0.25,666.5
r,0.25,666.75
70,1/3,667.0
r,7/6,2002/3
82,0.25,668.5
81,0.25,668.5
84,0.25,668.75
82,1/3,669.0
r,7/6,2008/3
70,0.25,670.5
r,0.25,670.75
70,1/3,671.0
r,7/6,2014/3
82,0.25,672.5
81,0.25,672.5
84,0.25,672.75
82,1/3,673.0
r,7/6,2020/3
82,0.25,674.5
81,0.25,674.5
84,0.25,674.75
82,0.25,674.75
r,0.5,675.0
82,0.25,675.5
81,0.25,675.5
84,0.25,675.75
82,0.25,675.75
r,0.5,676.0
82,0.25,676.5
81,0.25,676.5
84,0.25,676.75
82,0.5,677.0
r,1.0,677.5
70,0.25,678.5
r,0.25,678.75
69,1/3,679.0
r,0.5,679.0
72,0.25,2038/3
77,1.0,679.5
r,11/12,8155/12
76,0.5,680.5
r,0.5,680.5
77,0.5,681.0
81,1.0,681.5
79,1.0,682.5
81,1.0,683.5
82,0.25,684.5
84,0.25,684.75
84,0.5,685.0
82,0.25,685.5
r,1.25,685.75
82,0.25,687.0
84,0.25,687.0
82,0.25,687.0
81,0.25,687.25
82,0.25,687.25
86,1.0,687.5
84,0.25,688.5
82,0.25,688.75
81,0.25,689.0
82,0.25,689.0
84,0.25,689.0
r,4/3,689.0
82,0.25,689.25
81,1.0,689.5
79,0.25,2071/3
82,1/3,690.5
r,1/6,8287/12
79,0.25,690.75
r,1/6,4145/6
79,0.5,691.0
r,4/3,691.0
77,1.0,691.5
76,0.25,2077/3
79,1/3,692.5
r,1/6,8311/12
76,0.25,692.75
r,1/6,4157/6
77,0.75,693.0
r,0.75,693.75
65,0.5,694.5
53,0.5,694.5
69,1.0,695.0
57,1.0,695.0
72,1.0,696.0
60,1.0,696.0
65,1.5,697.0
77,1.5,697.0
81,0.5,698.5
69,0.5,698.5
84,0.5,699.0
72,0.5,699.0
89,1.0,699.5
77,1.0,699.5
77,0.5,700.5
89,0.5,700.5
89,1.0,701.0
77,1.0,701.0
88,0.5,702.0
76,0.5,702.0
r,0.25,702.5
r,0.25,702.75
64,1.0,703.0
52,1.0,703.0
67,1.0,704.0
55,1.0,704.0
70,1.5,705.0
58,1.5,705.0
76,0.5,706.5
64,0.5,706.5
79,0.5,707.0
67,0.5,707.0
82,1.0,707.5
70,1.0,707.5
81,0.5,708.5
69,0.5,708.5
79,1.0,709.0
67,1.0,709.0
77,0.5,710.0
65,0.5,710.0
r,0.25,710.5
r,0.25,710.75
65,0.25,711.0
68,0.25,711.25
60,0.25,711.5
64,0.25,711.75
65,0.25,712.0
68,0.25,712.25
60,0.25,712.5
64,0.25,712.75
65,0.25,713.0
68,0.25,713.25
60,0.25,713.5
64,0.25,713.75
65,0.25,714.0
68,0.25,714.25
60,0.25,714.5
64,0.25,714.75
65,0.25,715.0
68,0.25,715.25
60,0.25,715.5
64,0.25,715.75
65,0.25,716.0
67,0.25,716.25
68,0.25,716.5
65,0.25,716.75
67,0.25,717.0
70,0.25,717.25
63,0.25,717.5
66,0.25,717.75
67,0.25,718.0
70,0.25,718.25
63,0.25,718.5
66,0.25,718.75
67,0.25,719.0
70,0.25,719.25
63,0.25,719.5
66,0.25,719.75
67,0.25,720.0
70,0.25,720.25
63,0.25,720.5
66,0.25,720.75
67,0.25,721.0
70,0.25,721.25
63,0.25,721.5
66,0.25,721.75
67,0.25,722.0
70,0.25,722.25
63,0.25,722.5
66,0.25,722.75
67,0.25,723.0
70,0.25,723.25
63,0.25,723.5
66,0.25,723.75
67,0.25,724.0
70,0.25,724.25
63,0.25,724.5
66,0.25,724.75
68,0.25,725.0
72,0.25,725.25
63,0.25,725.5
67,0.25,725.75
69,0.25,726.0
72,0.25,726.25
65,0.25,726.5
69,0.25,726.75
70,0.25,727.0
77,0.25,727.25
65,0.25,727.5
69,0.25,727.75
71,0.25,728.0
65,0.25,728.25
77,0.25,728.5
71,0.25,728.75
72,1.0,729.0
r,0.5,730.0
89,0.25,730.5
r,0.25,730.75
89,0.5,731.0
88,0.25,731.5
r,0.75,731.75
83,0.25,732.5
r,0.25,732.75
84,0.75,733.0
r,7/12,733.75
r,1/6,2203/3
89,0.25,734.5
r,0.25,734.75
89,0.25,735.0
88,0.25,735.25
86,0.25,735.5
84,0.25,735.75
r,1/3,736.0
r,1/6,2209/3
83,0.25,736.5
r,0.25,736.75
84,0.75,737.0
r,7/12,737.75
r,1/6,2215/3
83,0.25,738.5
r,0.25,738.75
84,0.75,739.0
r,7/12,739.75
r,1/6,2221/3
83,0.25,740.5
r,0.25,740.75
84,0.75,741.0
r,1.25,741.75
r,0.75,743.0
r,11/12,743.75
r,1/12,2234/3
r,0.25,744.75
74,0.5,745.0
70,0.25,745.5
r,0.25,745.75
67,0.25,746.0
r,0.25,746.25
69,0.25,746.5
70,0.25,746.5
69,0.25,746.5
67,0.25,746.75
69,0.25,746.75
74,0.5,747.0
70,0.25,747.5
r,0.25,747.75
67,0.25,748.0
r,0.25,748.25
69,0.25,748.5
70,0.25,748.5
69,0.25,748.5
67,0.25,748.75
69,0.25,748.75
70,0.25,749.0
r,0.75,749.25
67,0.25,750.0
r,0.5,750.25
r,0.25,750.75
69,1/3,751.0
r,2/3,2254/3
r,1/3,752.0
r,1/3,2257/3
84,0.25,2258/3
r,1/12,9035/12
85,0.25,753.0
r,5/12,753.25
82,0.25,2261/3
r,1/12,9047/12
79,0.25,754.0
r,5/12,754.25
80,0.25,2264/3
r,1/12,9059/12
85,0.25,755.0
r,5/12,755.25
82,0.25,2267/3
r,1/12,9071/12
79,0.25,756.0
r,5/12,756.25
80,0.25,2270/3
r,1/12,9083/12
82,0.25,757.0
r,0.75,757.25
79,0.25,758.0
r,5/12,758.25
r,1/12,2276/3
r,0.25,758.75
77,0.25,759.0
r,1.75,759.25
65,0.25,761.0
r,0.75,761.25
r,1.0,762.0
r,0.25,763.0
64,0.25,763.25
55,0.25,763.25
r,0.25,763.5
58,0.25,763.75
67,0.25,763.75
r,0.25,764.0
57,0.25,764.25
65,0.25,764.25
r,0.25,764.5
69,0.25,764.75
65,0.25,764.75
r,0.25,765.0
70,0.25,765.25
64,0.25,765.25
r,0.25,765.5
76,0.25,765.75
70,0.25,765.75
r,0.25,766.0
77,0.25,766.25
69,0.25,766.25
r,0.25,766.5
81,0.25,766.75
77,0.25,766.75
r,0.25,767.0
76,0.25,767.25
82,0.25,767.25
r,0.25,767.5
79,0.25,767.75
84,0.25,767.75
76,0.25,767.75
r,0.25,768.0
77,0.25,768.25
81,0.25,768.25
84,0.25,768.25
r,0.25,768.5
81,0.25,768.75
84,0.25,768.75
89,0.25,768.75
r,0.25,769.0
84,0.25,769.25
79,0.25,769.25
88,0.25,769.25
r,0.25,769.5
76,0.25,769.75
84,0.25,769.75
79,0.25,769.75
r,0.25,770.0
84,0.25,770.25
81,0.25,770.25
77,0.25,770.25
r,0.25,770.5
81,0.25,770.75
89,0.25,770.75
84,0.25,770.75
r,0.5,771.0
86,0.25,771.5
85,0.25,771.5
88,0.25,771.75
86,0.25,771.75
r,0.5,772.0
82,0.25,772.5
81,0.25,772.5
84,0.25,772.75
82,0.25,772.75
r,0.5,773.0
79,0.25,773.5
78,0.25,773.5
81,0.25,773.75
79,0.25,773.75
r,0.5,774.0
74,0.25,774.5
73,0.25,774.5
76,0.25,774.75
74,0.25,774.75
r,0.5,775.0
67,1.0,775.5
69,0.25,776.5
70,0.25,776.75
72,1.25,777.0
74,0.25,778.25
72,0.25,778.25
70,0.25,778.5
69,0.25,778.5
67,0.25,778.75
65,0.25,778.75
r,0.5,779.0
79,1.0,779.5
81,0.25,780.5
83,0.25,780.75
84,1.0,781.0
86,0.25,782.0
84,0.25,782.0
r,1/12,782.25
83,0.25,2347/3
84,0.25,2347/3
r,1/12,9391/12
86,0.25,2348/3
88,0.25,2348/3
r,1/12,9395/12
89,0.25,783.0
r,0.75,783.25
72,0.25,784.0
84,0.25,784.0
r,0.25,784.25
84,0.25,784.5
72,0.25,784.5
r,0.25,784.75
69,0.25,785.0
81,0.25,785.0
r,0.75,785.25
77,0.25,786.0
89,0.25,786.0
r,0.25,786.25
89,0.25,786.5
77,0.25,786.5
r,0.25,786.75
74,0.25,787.0
86,0.25,787.0
r,0.75,787.25
47,0.25,788.0
r,0.25,788.25
47,0.25,788.5
r,0.25,788.75
47,0.25,789.0
48,0.25,789.0
50,0.25,789.25
48,0.25,789.25
50,0.25,789.5
48,0.25,789.5
50,0.25,789.75
48,0.25,789.75
50,0.25,790.0
48,0.25,790.0
50,0.25,790.25
48,0.25,790.25
50,0.25,790.5
48,0.25,790.5
47,0.25,790.75
48,0.25,790.75
41,0.25,791.0
r,0.5,791.25
72,0.25,791.75
84,0.25,791.75
r,1/3,792.0
72,0.25,2377/3
84,0.25,2377/3
r,1/6,9511/12
69,0.25,792.75
81,0.25,792.75
r,0.75,793.0
77,0.25,793.75
89,0.25,793.75
r,1/3,794.0
77,0.25,2383/3
89,0.25,2383/3
r,1/6,9535/12
74,0.25,794.75
86,0.25,794.75
r,1.0,795.0
47,0.25,796.0
r,0.25,796.25
47,0.25,796.5
r,0.25,796.75
47,0.25,797.0
48,0.25,797.0
50,0.25,797.25
48,0.25,797.25
50,0.25,797.5
48,0.25,797.5
50,0.25,797.75
48,0.25,797.75
50,0.25,798.0
48,0.25,798.0
50,0.25,798.25
48,0.25,798.25
50,0.25,798.5
48,0.25,798.5
47,0.25,798.75
48,0.25,798.75
41,0.25,799.0
r,0.75,799.25
83,0.25,800.0
r,0.25,800.25
83,0.25,800.5
r,0.25,800.75
83,0.25,801.0
84,0.25,801.0
86,0.25,801.25
84,0.25,801.25
86,0.25,801.5
84,0.25,801.5
86,0.25,801.75
84,0.25,801.75
86,0.25,802.0
84,0.25,802.0
86,0.25,802.25
84,0.25,802.25
86,0.25,802.5
84,0.25,802.5
83,0.25,802.75
84,0.25,802.75
77,0.25,803.0
89,0.25,803.0
r,0.75,803.25
71,0.25,804.0
r,0.25,804.25
71,0.25,804.5
r,0.25,804.75
71,0.25,805.0
72,0.25,805.0
74,0.25,805.25
72,0.25,805.25
74,0.25,805.5
72,0.25,805.5
74,0.25,805.75
72,0.25,805.75
74,0.25,806.0
72,0.25,806.0
74,0.25,806.25
72,0.25,806.25
74,0.25,806.5
72,0.25,806.5
71,0.25,806.75
72,0.25,806.75
77,0.25,807.0
65,0.25,807.0
r,0.75,807.25
72,0.25,808.0
60,0.25,808.0
r,0.25,808.25
r,0.5,808.5
53,1/3,809.0
65,1/3,809.0
r,2/3,2428/3
r,1.0,810.0
r,2.0,811.0
48,1.0,813.0
53,1.0,814.0
56,1.0,815.0
52,1.0,816.0
53,1.0,817.0
56,1.0,818.0
60,1.0,819.0
61,1.0,820.0
58,1.0,821.0
64,1.0,822.0
65,1.0,823.0
60,1.0,824.0
67,1.0,825.0
68,2.0,826.0
r,1.0,826.0
65,1.0,827.0
70,1.0,828.0
r,1.0,828.0
72,2.0,829.0
75,0.5,831.0
73,0.5,831.5
72,2.0,832.0
70,1.0,834.0
68,1.0,835.0
r,0.5,836.0
r,0.5,836.5
48,1.0,837.0
53,1.0,838.0
56,1.0,839.0
52,1.0,840.0
53,1.0,841.0
56,1.0,842.0
60,1.0,843.0
61,1.0,844.0
58,1.0,845.0
64,1.0,846.0
65,1.0,847.0
60,1.0,848.0
67,1.0,849.0
68,2.0,850.0
r,1.0,850.0
65,1.0,851.0
70,1.0,852.0
r,1.0,852.0
72,2.0,853.0
75,0.5,855.0
73,0.5,855.5
72,2.0,856.0
70,1.0,858.0
68,1.0,859.0
r,0.5,860.0
r,0.5,860.5
72,0.5,861.0
r,0.5,861.5
72,1.0,862.0
73,0.5,863.0
72,0.5,863.5
73,0.5,864.0
r,0.5,864.5
73,0.5,865.0
r,1.5,865.5
73,0.5,867.0
r,0.5,867.5
73,1.0,868.0
75,0.5,869.0
73,0.5,869.5
75,0.5,870.0
r,0.5,870.5
75,0.5,871.0
r,1.5,871.5
75,0.5,873.0
r,0.5,873.5
75,1.0,874.0
77,0.5,875.0
75,0.5,875.5
77,0.5,876.0
r,0.5,876.5
77,2.0,877.0
77,0.5,879.0
r,0.5,879.5
77,0.25,880.0
79,0.25,880.0
r,1/12,880.25
77,0.25,2641/3
79,0.25,2641/3
r,1/12,10567/12
77,0.25,2642/3
79,0.25,2642/3
r,1/12,10571/12
77,0.25,881.0
79,0.25,881.0
r,1/12,881.25
77,0.25,2644/3
76,0.25,2644/3
r,1/6,10579/12
77,0.25,881.75
79,0.5,882.0
r,0.5,882.5
72,1.5,883.0
r,0.5,884.5
72,1.0,885.0
77,1.0,886.0
80,1.0,887.0
76,1.0,888.0
77,1.0,889.0
80,1.0,890.0
84,1.0,891.0
85,1.0,892.0
82,1.0,893.0
88,1.0,894.0
89,1.0,895.0
84,1.0,896.0
80,1.0,897.0
82,1.0,898.0
85,1.0,899.0
79,1.0,900.0
80,1.5,901.0
r,0.5,902.5
80,1.0,903.0
80,2.0,904.0
79,1.0,906.0
80,2.0,907.0
79,1.0,909.0
77,1.0,910.0
79,1.0,911.0
76,1.0,912.0
77,1.0,913.0
72,1.0,914.0
68,1.0,915.0
68,2.0,916.0
67,1.0,918.0
68,2.0,919.0
67,1.0,921.0
65,1.0,922.0
67,1.0,923.0
64,1.0,924.0
65,1.0,925.0
r,0.5,926.0
r,0.5,926.5
60,1.0,927.0
64,2.0,928.0
65,1.0,930.0
67,2.0,931.0
68,1.0,933.0
72,1.5,934.0
70,0.5,935.5
68,0.5,936.0
67,0.5,936.5
70,0.5,937.0
68,0.5,937.5
67,0.5,938.0
65,0.5,938.5
72,0.25,939.0
73,0.25,939.0
r,1/12,939.25
72,0.25,2818/3
71,0.25,2818/3
r,1/6,11275/12
72,0.25,939.75
79,2.0,940.0
80,1.0,942.0
82,1.0,943.0
r,1.0,944.0
88,0.5,945.0
r,0.25,945.5
r,0.25,945.75
89,0.5,946.0
r,1.5,946.5
r,1.0,948.0
r,2.0,949.0
72,0.5,951.0
r,0.5,951.5
72,1.0,952.0
73,0.5,953.0
72,0.5,953.5
73,0.5,954.0
r,0.5,954.5
73,0.5,955.0
r,1.5,955.5
73,0.5,957.0
r,0.5,957.5
73,1.0,958.0
75,0.5,959.0
73,0.5,959.5
75,0.5,960.0
r,0.5,960.5
75,0.5,961.0
r,1.5,961.5
75,0.5,963.0
r,0.5,963.5
75,1.0,964.0
77,0.5,965.0
75,0.5,965.5
77,0.5,966.0
r,0.5,966.5
77,2.0,967.0
77,0.5,969.0
r,0.5,969.5
77,0.25,970.0
79,0.25,970.0
r,1/12,970.25
77,0.25,2911/3
79,0.25,2911/3
r,1/12,11647/12
77,0.25,2912/3
79,0.25,2912/3
r,1/12,11651/12
77,0.25,971.0
79,0.25,971.0
r,1/12,971.25
77,0.25,2914/3
76,0.25,2914/3
r,1/6,11659/12
77,0.25,971.75
79,0.5,972.0
r,0.5,972.5
72,1.5,973.0
r,0.5,974.5
72,1.0,975.0
77,1.0,976.0
80,1.0,977.0
76,1.0,978.0
77,1.0,979.0
80,1.0,980.0
84,1.0,981.0
85,1.0,982.0
82,1.0,983.0
88,1.0,984.0
89,1.0,985.0
84,1.0,986.0
80,1.0,987.0
82,1.0,988.0
85,1.0,989.0
79,1.0,990.0
80,1.5,991.0
r,0.5,992.5
80,1.0,993.0
80,2.0,994.0
79,1.0,996.0
80,2.0,997.0
79,1.0,999.0
77,1.0,1000.0
79,1.0,1001.0
76,1.0,1002.0
77,1.0,1003.0
72,1.0,1004.0
68,1.0,1005.0
68,2.0,1006.0
67,1.0,1008.0
68,2.0,1009.0
67,1.0,1011.0
65,1.0,1012.0
67,1.0,1013.0
64,1.0,1014.0
65,1.0,1015.0
r,0.5,1016.0
r,0.5,1016.5
60,1.0,1017.0
64,2.0,1018.0
65,1.0,1020.0
67,2.0,1021.0
68,1.0,1023.0
72,1.5,1024.0
70,0.5,1025.5
68,0.5,1026.0
67,0.5,1026.5
70,0.5,1027.0
68,0.5,1027.5
67,0.5,1028.0
65,0.5,1028.5
72,0.25,1029.0
73,0.25,1029.0
r,1/12,1029.25
72,0.25,3088/3
71,0.25,3088/3
r,1/6,12355/12
72,0.25,1029.75
79,2.0,1030.0
80,1.0,1032.0
82,1.0,1033.0
r,1.0,1034.0
88,0.5,1035.0
r,0.25,1035.5
r,0.25,1035.75
89,0.5,1036.0
r,1.5,1036.5
r,1.0,1038.0
r,2.0,1039.0
65,0.75,1041.0
r,0.25,1041.75
65,1.5,1042.0
r,0.5,1043.5
65,0.75,1044.0
r,0.25,1044.75
65,1.5,1045.0
r,0.5,1046.5
65,0.75,1047.0
r,0.25,1047.75
65,3.0,1048.0
63,2.0,1051.0
63,0.25,1053.0
65,0.25,1053.25
63,0.25,1053.25
62,0.25,1053.25
63,0.25,1053.5
65,0.25,1053.75
66,1.5,1054.0
r,0.5,1055.5
66,0.75,1056.0
r,0.25,1056.75
66,1.5,1057.0
r,0.5,1058.5
66,0.75,1059.0
r,0.25,1059.75
66,3.0,1060.0
65,1.0,1063.0
r,1.0,1064.0
65,0.5,1065.0
67,0.5,1065.5
68,1.5,1066.0
r,0.5,1067.5
68,0.75,1068.0
r,0.25,1068.75
68,1.5,1069.0
r,0.5,1070.5
68,0.75,1071.0
r,0.25,1071.75
73,5.0,1072.0
72,0.75,1077.0
r,0.25,1077.75
72,1.0,1078.0
70,0.75,1079.0
r,0.25,1079.75
68,0.75,1080.0
r,0.25,1080.75
68,2.0,1081.0
67,0.75,1083.0
r,0.25,1083.75
70,3.0,1084.0
68,1.0,1087.0
r,1.0,1088.0
65,0.75,1089.0
r,0.25,1089.75
65,1.5,1090.0
r,0.5,1091.5
65,0.75,1092.0
r,0.25,1092.75
65,1.5,1093.0
r,0.5,1094.5
65,0.75,1095.0
r,0.25,1095.75
65,3.0,1096.0
63,1.0,1099.0
r,1.0,1100.0
63,0.5,1101.0
65,0.5,1101.5
66,1.5,1102.0
r,0.5,1103.5
66,0.75,1104.0
r,0.25,1104.75
66,1.5,1105.0
r,0.5,1106.5
66,0.75,1107.0
r,0.25,1107.75
66,3.0,1108.0
65,1.0,1111.0
r,1.0,1112.0
67,0.5,1113.0
68,0.5,1113.5
70,1.5,1114.0
r,0.5,1115.5
70,0.75,1116.0
r,0.25,1116.75
70,1.5,1117.0
r,0.5,1118.5
70,0.75,1119.0
r,0.25,1119.75
70,3.0,1120.0
68,1.0,1123.0
r,1.0,1124.0
68,0.5,1125.0
r,0.5,1125.5
65,0.5,1126.0
r,1.5,1126.5
65,0.5,1128.0
r,0.5,1128.5
63,0.5,1129.0
r,1.5,1129.5
63,0.5,1131.0
r,0.25,1131.5
r,0.25,1131.75
56,0.75,1132.0
r,2.25,1132.75
r,1.5,1135.0
r,0.5,1136.5
r,0.75,1137.0
r,0.25,1137.75
r,3.0,1138.0
r,2.5,1141.0
r,0.5,1143.5
r,2.0,1144.0
89,1.5,1146.0
87,0.5,1147.5
86,0.5,1148.0
83,0.5,1148.5
82,0.5,1149.0
80,0.5,1149.5
78,0.5,1150.0
r,2.5,1150.5
r,2.5,1153.0
r,0.5,1155.5
r,2.0,1156.0
87,1.5,1158.0
85,0.5,1159.5
84,0.5,1160.0
82,0.5,1160.5
80,0.5,1161.0
78,0.5,1161.5
77,1.5,1162.0
r,0.5,1163.5
77,0.75,1164.0
r,0.25,1164.75
77,1.5,1165.0
r,0.5,1166.5
77,0.75,1167.0
r,0.25,1167.75
77,3.0,1168.0
75,1.0,1171.0
r,1.0,1172.0
75,0.5,1173.0
77,0.5,1173.5
78,1.5,1174.0
r,0.5,1175.5
78,0.75,1176.0
r,0.25,1176.75
78,1.5,1177.0
r,0.5,1178.5
78,0.75,1179.0
r,0.25,1179.75
78,3.0,1180.0
77,1.0,1183.0
r,1.5,1184.0
r,0.5,1185.5
70,1.5,1186.0
r,0.5,1187.5
70,0.75,1188.0
r,0.25,1188.75
70,1.5,1189.0
r,0.5,1190.5
70,0.75,1191.0
r,0.25,1191.75
70,3.0,1192.0
68,1.0,1195.0
r,1.5,1196.0
r,0.5,1197.5
68,1.5,1198.0
r,0.5,1199.5
68,0.75,1200.0
r,0.25,1200.75
68,1.5,1201.0
r,0.5,1202.5
68,0.75,1203.0
r,0.25,1203.75
61,1.0,1204.0
r,2.0,1205.0
r,1.5,1207.0
r,0.5,1208.5
r,0.75,1209.0
r,0.25,1209.75
r,3.0,1210.0
r,2.5,1213.0
r,0.5,1215.5
r,1.75,1216.0
77,0.25,1217.75
89,1.5,1218.0
87,0.5,1219.5
86,0.5,1220.0
83,0.5,1220.5
82,0.5,1221.0
80,0.5,1221.5
78,0.5,1222.0
r,2.5,1222.5
r,2.5,1225.0
r,0.5,1227.5
r,1.75,1228.0
75,0.25,1229.75
87,1.5,1230.0
85,0.5,1231.5
84,0.5,1232.0
82,0.5,1232.5
80,0.5,1233.0
78,0.5,1233.5
77,1.5,1234.0
r,0.5,1235.5
77,0.75,1236.0
r,0.25,1236.75
77,1.5,1237.0
r,0.5,1238.5
77,0.75,1239.0
r,0.25,1239.75
77,3.0,1240.0
75,1.0,1243.0
r,1.0,1244.0
75,0.5,1245.0
77,0.5,1245.5
78,1.5,1246.0
r,0.5,1247.5
78,0.75,1248.0
r,0.25,1248.75
78,1.5,1249.0
r,0.5,1250.5
78,0.75,1251.0
r,0.25,1251.75
78,3.0,1252.0
77,1.0,1255.0
r,1.75,1256.0
r,0.25,1257.75
70,1.5,1258.0
r,0.5,1259.5
70,0.75,1260.0
r,0.25,1260.75
70,1.5,1261.0
r,0.5,1262.5
70,0.75,1263.0
r,0.25,1263.75
70,3.0,1264.0
69,2.75,1267.0
r,0.25,1269.75
68,1.5,1270.0
r,0.5,1271.5
68,0.75,1272.0
r,0.25,1272.75
68,1.5,1273.0
r,0.5,1274.5
68,0.75,1275.0
r,0.25,1275.75
61,1.0,1276.0
r,2.0,1277.0
61,1.5,1279.0
r,0.5,1280.5
61,0.75,1281.0
r,0.25,1281.75
61,1.5,1282.0
r,0.5,1283.5
61,0.75,1284.0
r,0.25,1284.75
60,6.0,1285.0
64,1.5,1291.0
r,0.5,1292.5
64,0.75,1293.0
r,0.25,1293.75
64,1.5,1294.0
r,0.5,1295.5
64,0.75,1296.0
r,0.25,1296.75
65,1.0,1297.0
56,1.0,1298.0
52,1.0,1299.0
53,1.0,1300.0
56,1.0,1301.0
60,1.0,1302.0
61,1.0,1303.0
58,1.0,1304.0
64,1.0,1305.0
65,1.0,1306.0
60,1.0,1307.0
67,1.0,1308.0
68,2.0,1309.0
r,1.0,1309.0
65,1.0,1310.0
70,1.0,1311.0
r,1.0,1311.0
72,2.0,1312.0
75,0.5,1314.0
73,0.5,1314.5
72,2.0,1315.0
70,1.0,1317.0
68,1.0,1318.0
r,0.5,1319.0
r,0.5,1319.5
r,0.5,1320.0
48,1.0,1320.5
53,1.0,1321.5
56,1.0,1322.5
52,1.0,1323.5
53,1.0,1324.5
56,1.0,1325.5
60,1.0,1326.5
61,1.0,1327.5
58,1.0,1328.5
64,1.0,1329.5
65,1.0,1330.5
60,1.0,1331.5
67,1.0,1332.5
68,1.0,1333.5
65,1.0,1334.5
70,1.0,1335.5
72,1.5,1336.0
r,0.5,1337.5
75,0.5,1338.0
73,0.5,1338.5
72,1.5,1339.0
73,0.5,1340.5
70,0.5,1341.0
72,0.5,1341.5
68,1.0,1342.0
r,0.5,1343.0
r,0.5,1343.5
72,0.5,1344.0
r,0.5,1344.5
72,1.0,1345.0
71,0.5,1346.0
72,0.5,1346.5
73,0.5,1347.0
r,0.5,1347.5
73,0.5,1348.0
r,1.5,1348.5
73,0.5,1350.0
r,0.5,1350.5
73,1.0,1351.0
72,0.5,1352.0
73,0.5,1352.5
75,0.5,1353.0
r,0.5,1353.5
75,0.5,1354.0
r,1.5,1354.5
75,0.5,1356.0
r,0.5,1356.5
75,1.0,1357.0
74,0.5,1358.0
75,0.5,1358.5
77,0.5,1359.0
r,0.5,1359.5
77,0.5,1360.0
r,1.5,1360.5
77,0.5,1362.0
r,0.5,1362.5
77,0.25,1363.0
79,0.25,1363.0
r,1/12,1363.25
77,0.25,4090/3
79,0.25,4090/3
r,1/12,16363/12
77,0.25,4091/3
79,0.25,4091/3
r,1/12,16367/12
77,0.25,1364.0
79,0.25,1364.0
r,1/12,1364.25
77,0.25,4093/3
76,0.25,4093/3
r,1/6,16375/12
77,0.25,1364.75
79,0.5,1365.0
r,0.5,1365.5
72,1.5,1366.0
r,0.5,1367.5
72,1.0,1368.0
77,1.0,1369.0
80,1.0,1370.0
76,1.5,1371.0
77,1.0,1372.5
80,1.0,1373.5
84,1.0,1374.5
85,1.0,1375.5
82,1.0,1376.5
88,1.0,1377.5
89,1.0,1378.5
84,1.0,1379.5
80,1.0,1380.5
82,1.0,1381.5
85,1.0,1382.5
79,1.0,1383.5
80,1.0,1384.5
80,1.0,1385.5
80,0.5,1386.5
80,2.0,1387.0
79,1.0,1389.0
80,2.0,1390.0
79,1.0,1392.0
77,1.0,1393.0
79,1.0,1394.0
76,1.0,1395.0
77,0.5,1396.0
75,0.5,1396.5
73,0.5,1397.0
72,0.5,1397.5
70,0.5,1398.0
68,0.5,1398.5
68,2.0,1399.0
67,1.0,1401.0
68,2.0,1402.0
67,1.0,1404.0
65,1.0,1405.0
67,1.0,1406.0
64,1.0,1407.0
65,1.0,1408.0
r,1.0,1409.0
60,1.0,1410.0
64,2.0,1411.0
65,1.0,1413.0
67,2.0,1414.0
68,1.0,1416.0
72,1.5,1417.0
70,0.5,1418.5
68,0.5,1419.0
67,0.5,1419.5
70,0.5,1420.0
68,0.5,1420.5
67,0.5,1421.0
65,0.5,1421.5
72,0.25,1422.0
73,0.25,1422.0
r,1/12,1422.25
72,0.25,4267/3
71,0.25,4267/3
r,1/6,17071/12
72,0.25,1422.75
79,2.0,1423.0
80,1.0,1425.0
82,1.0,1426.0
r,1.0,1427.0
88,0.5,1428.0
r,0.5,1428.5
89,0.5,1429.0
r,0.5,1429.5
r,2.0,1430.0
r,1.75,1432.0
r,0.25,1433.75
r,2.0,1434.0
r,2.0,1436.0
r,2.0,1438.0
r,1.75,1440.0
r,0.25,1441.75
r,2.0,1442.0
r,2.0,1444.0
r,2.0,1446.0
r,1.5,1448.0
67,0.25,1449.5
r,0.25,1449.75
72,0.25,1450.0
r,0.25,1450.25
72,0.25,1450.5
r,0.25,1450.75
72,0.25,1451.0
r,0.25,1451.25
67,0.25,1451.5
r,0.25,1451.75
76,0.25,1452.0
r,0.25,1452.25
76,0.25,1452.5
r,0.25,1452.75
76,0.25,1453.0
r,0.25,1453.25
72,0.25,1453.5
r,0.25,1453.75
79,0.25,1454.0
r,0.25,1454.25
79,0.25,1454.5
r,0.25,1454.75
79,0.25,1455.0
81,0.25,1455.25
79,0.25,1455.5
77,0.25,1455.75
76,0.25,1456.0
r,0.25,1456.25
76,0.25,1456.5
r,0.25,1456.75
76,0.25,1457.0
74,0.25,1457.25
76,0.25,1457.5
72,0.25,1457.75
81,0.25,1458.0
r,0.25,1458.25
81,0.25,1458.5
r,0.25,1458.75
81,0.25,1459.0
82,0.25,1459.25
81,0.25,1459.5
79,0.25,1459.75
77,0.25,1460.0
r,0.25,1460.25
77,0.25,1460.5
r,0.25,1460.75
77,0.25,1461.0
76,0.25,1461.25
77,0.25,1461.5
74,0.25,1461.75
89,0.25,1462.0
r,0.25,1462.25
89,0.25,1462.5
r,0.25,1462.75
88,0.25,1463.0
87,0.25,1463.25
88,0.25,1463.5
84,0.25,1463.75
89,0.25,1464.0
r,0.25,1464.25
89,0.25,1464.5
r,0.25,1464.75
88,0.25,1465.0
87,0.25,1465.25
88,0.25,1465.5
84,0.25,1465.75
86,0.25,1466.0
84,0.25,1466.25
83,0.25,1466.5
81,0.25,1466.75
79,0.25,1467.0
77,0.25,1467.25
76,0.25,1467.5
74,0.25,1467.75
72,0.25,1468.0
71,0.25,1468.25
72,0.25,1468.5
74,0.25,1468.75
76,0.25,1469.0
77,0.25,1469.25
79,0.25,1469.5
76,0.25,1469.75
77,0.25,1470.0
74,0.25,1470.25
77,0.25,1470.5
74,0.25,1470.75
76,0.25,1471.0
75,0.25,1471.25
76,0.25,1471.5
72,0.25,1471.75
77,0.25,1472.0
74,0.25,1472.25
77,0.25,1472.5
74,0.25,1472.75
76,0.25,1473.0
75,0.25,1473.25
76,0.25,1473.5
72,0.25,1473.75
81,0.25,1474.0
80,0.25,1474.25
81,0.25,1474.5
80,0.25,1474.75
81,0.25,1475.0
79,0.25,1475.25
77,0.25,1475.5
76,0.25,1475.75
74,0.25,1476.0
72,0.25,1476.25
71,0.25,1476.5
69,0.25,1476.75
67,0.25,1477.0
65,0.25,1477.25
64,0.25,1477.5
62,0.25,1477.75
60,0.25,1478.0
r,0.25,1478.25
55,0.25,1478.5
r,0.25,1478.75
55,0.25,1479.0
r,0.25,1479.25
60,0.25,1479.5
r,0.25,1479.75
55,0.25,1480.0
r,0.25,1480.25
55,0.25,1480.5
r,0.25,1480.75
55,0.25,1481.0
r,0.25,1481.25
60,0.25,1481.5
r,0.25,1481.75
55,0.25,1482.0
r,0.25,1482.25
62,0.25,1482.5
r,0.25,1482.75
62,0.25,1483.0
r,0.25,1483.25
62,0.25,1483.5
r,0.25,1483.75
62,0.25,1484.0
r,0.25,1484.25
62,0.25,1484.5
r,0.25,1484.75
62,0.25,1485.0
64,0.25,1485.25
62,0.25,1485.5
64,0.25,1485.75
60,0.25,1486.0
r,0.25,1486.25
55,0.25,1486.5
r,0.25,1486.75
55,0.25,1487.0
r,0.25,1487.25
60,0.25,1487.5
r,0.25,1487.75
55,0.25,1488.0
r,0.25,1488.25
55,0.25,1488.5
r,0.25,1488.75
55,0.25,1489.0
r,0.25,1489.25
60,0.25,1489.5
r,0.25,1489.75
55,0.25,1490.0
r,0.25,1490.25
62,0.25,1490.5
r,0.25,1490.75
62,0.25,1491.0
r,0.25,1491.25
62,0.25,1491.5
r,0.25,1491.75
62,0.25,1492.0
r,0.25,1492.25
62,0.25,1492.5
r,0.25,1492.75
62,0.25,1493.0
64,0.25,1493.25
62,0.25,1493.5
64,0.25,1493.75
60,0.25,1494.0
r,0.25,1494.25
55,0.25,1494.5
r,0.25,1494.75
60,0.25,1495.0
r,0.25,1495.25
55,0.25,1495.5
r,0.25,1495.75
60,0.75,1496.0
r,7/12,1496.75
r,5/12,4492/3
r,0.25,1497.75
r,2.0,1498.0
r,2.0,1500.0
r,2.0,1502.0
r,1.75,1504.0
r,0.25,1505.75
r,2.0,1506.0
r,2.0,1508.0
r,2.0,1510.0
r,1.5,1512.0
67,0.25,1513.5
r,0.25,1513.75
72,0.25,1514.0
r,0.25,1514.25
72,0.25,1514.5
r,0.25,1514.75
72,0.25,1515.0
r,0.25,1515.25
67,0.25,1515.5
r,0.25,1515.75
76,0.25,1516.0
r,0.25,1516.25
76,0.25,1516.5
r,0.25,1516.75
76,0.25,1517.0
r,0.25,1517.25
72,0.25,1517.5
r,0.25,1517.75
79,0.25,1518.0
r,0.25,1518.25
79,0.25,1518.5
r,0.25,1518.75
79,0.25,1519.0
81,0.25,1519.25
79,0.25,1519.5
77,0.25,1519.75
76,0.25,1520.0
r,0.25,1520.25
76,0.25,1520.5
r,0.25,1520.75
76,0.25,1521.0
74,0.25,1521.25
76,0.25,1521.5
72,0.25,1521.75
81,0.25,1522.0
r,0.25,1522.25
81,0.25,1522.5
r,0.25,1522.75
81,0.25,1523.0
82,0.25,1523.25
81,0.25,1523.5
79,0.25,1523.75
77,0.25,1524.0
r,0.25,1524.25
77,0.25,1524.5
r,0.25,1524.75
77,0.25,1525.0
76,0.25,1525.25
77,0.25,1525.5
74,0.25,1525.75
89,0.25,1526.0
r,0.25,1526.25
89,0.25,1526.5
r,0.25,1526.75
88,0.25,1527.0
87,0.25,1527.25
88,0.25,1527.5
84,0.25,1527.75
89,0.25,1528.0
r,0.25,1528.25
89,0.25,1528.5
r,0.25,1528.75
88,0.25,1529.0
87,0.25,1529.25
88,0.25,1529.5
84,0.25,1529.75
86,0.25,1530.0
84,0.25,1530.25
83,0.25,1530.5
81,0.25,1530.75
79,0.25,1531.0
77,0.25,1531.25
76,0.25,1531.5
74,0.25,1531.75
72,0.25,1532.0
71,0.25,1532.25
72,0.25,1532.5
74,0.25,1532.75
76,0.25,1533.0
77,0.25,1533.25
79,0.25,1533.5
76,0.25,1533.75
77,0.25,1534.0
74,0.25,1534.25
77,0.25,1534.5
74,0.25,1534.75
76,0.25,1535.0
75,0.25,1535.25
76,0.25,1535.5
72,0.25,1535.75
77,0.25,1536.0
74,0.25,1536.25
77,0.25,1536.5
74,0.25,1536.75
76,0.25,1537.0
75,0.25,1537.25
76,0.25,1537.5
72,0.25,1537.75
81,0.25,1538.0
80,0.25,1538.25
81,0.25,1538.5
80,0.25,1538.75
81,0.25,1539.0
79,0.25,1539.25
77,0.25,1539.5
76,0.25,1539.75
74,0.25,1540.0
72,0.25,1540.25
71,0.25,1540.5
69,0.25,1540.75
67,0.25,1541.0
65,0.25,1541.25
64,0.25,1541.5
62,0.25,1541.75
60,0.25,1542.0
r,0.25,1542.25
55,0.25,1542.5
r,0.25,1542.75
55,0.25,1543.0
r,0.25,1543.25
60,0.25,1543.5
r,0.25,1543.75
55,0.25,1544.0
r,0.25,1544.25
55,0.25,1544.5
r,0.25,1544.75
55,0.25,1545.0
r,0.25,1545.25
60,0.25,1545.5
r,0.25,1545.75
55,0.25,1546.0
r,0.25,1546.25
62,0.25,1546.5
r,0.25,1546.75
62,0.25,1547.0
r,0.25,1547.25
62,0.25,1547.5
r,0.25,1547.75
62,0.25,1548.0
r,0.25,1548.25
62,0.25,1548.5
r,0.25,1548.75
62,0.25,1549.0
64,0.25,1549.25
62,0.25,1549.5
64,0.25,1549.75
60,0.25,1550.0
r,0.25,1550.25
55,0.25,1550.5
r,0.25,1550.75
55,0.25,1551.0
r,0.25,1551.25
60,0.25,1551.5
r,0.25,1551.75
55,0.25,1552.0
r,0.25,1552.25
55,0.25,1552.5
r,0.25,1552.75
55,0.25,1553.0
r,0.25,1553.25
60,0.25,1553.5
r,0.25,1553.75
55,0.25,1554.0
r,0.25,1554.25
62,0.25,1554.5
r,0.25,1554.75
62,0.25,1555.0
r,0.25,1555.25
62,0.25,1555.5
r,0.25,1555.75
62,0.25,1556.0
r,0.25,1556.25
62,0.25,1556.5
r,0.25,1556.75
62,0.25,1557.0
64,0.25,1557.25
62,0.25,1557.5
64,0.25,1557.75
60,0.25,1558.0
r,0.25,1558.25
55,0.25,1558.5
r,0.25,1558.75
60,0.25,1559.0
r,0.25,1559.25
55,0.25,1559.5
r,0.25,1559.75
60,0.75,1560.0
r,7/12,1560.75
r,1/6,4684/3
51,0.25,1561.5
58,0.25,1561.75
56,0.25,1561.75
r,0.5,1562.0
56,0.25,1562.5
58,0.25,1562.75
56,0.25,1562.75
r,0.25,1563.0
55,0.25,1563.25
56,0.25,1563.5
58,0.25,1563.75
60,0.25,1564.0
r,0.25,1564.25
60,0.25,1564.5
61,0.25,1564.75
60,0.25,1564.75
r,0.25,1565.0
59,0.25,1565.25
60,0.25,1565.5
61,0.25,1565.75
63,0.25,1566.0
r,0.25,1566.25
63,0.25,1566.5
65,0.25,1566.75
63,0.25,1566.75
r,0.25,1567.0
62,0.25,1567.25
63,0.25,1567.5
65,0.25,1567.75
67,0.25,1568.0
r,0.25,1568.25
67,0.25,1568.5
r,0.25,1568.75
67,0.25,1569.0
63,0.25,1569.25
65,0.25,1569.5
67,0.25,1569.75
68,0.25,1570.0
r,0.25,1570.25
68,0.25,1570.5
r,0.25,1570.75
68,0.25,1571.0
r,0.25,1571.25
63,0.25,1571.5
r,0.25,1571.75
72,0.25,1572.0
r,0.25,1572.25
72,0.25,1572.5
r,0.25,1572.75
72,0.25,1573.0
r,0.25,1573.25
68,0.25,1573.5
r,0.25,1573.75
75,0.25,1574.0
r,0.25,1574.25
75,0.25,1574.5
r,0.25,1574.75
75,0.25,1575.0
77,0.25,1575.25
75,0.25,1575.5
74,0.25,1575.75
75,0.25,1576.0
r,0.25,1576.25
75,0.25,1576.5
r,0.25,1576.75
75,0.25,1577.0
77,0.25,1577.25
75,0.25,1577.5
73,0.25,1577.75
80,0.25,1578.0
72,0.25,1578.0
r,0.25,1578.25
80,0.25,1578.5
r,0.25,1578.75
80,0.25,1579.0
r,0.25,1579.25
75,0.25,1579.5
r,0.25,1579.75
84,0.25,1580.0
r,0.25,1580.25
84,0.25,1580.5
r,0.25,1580.75
84,0.25,1581.0
r,0.25,1581.25
80,0.25,1581.5
r,0.25,1581.75
87,0.25,1582.0
r,0.25,1582.25
87,0.25,1582.5
r,0.25,1582.75
87,0.25,1583.0
89,0.25,1583.25
87,0.25,1583.5
85,0.25,1583.75
84,0.25,1584.0
r,0.25,1584.25
84,0.25,1584.5
r,0.25,1584.75
84,0.25,1585.0
85,0.25,1585.25
84,0.25,1585.5
82,0.25,1585.75
81,0.25,1586.0
r,0.25,1586.25
81,0.25,1586.5
r,0.25,1586.75
81,0.25,1587.0
r,0.25,1587.25
82,0.25,1587.5
r,0.25,1587.75
84,1.0,1588.0
r,1.0,1589.0
85,0.25,1590.0
r,0.25,1590.25
85,0.25,1590.5
r,0.25,1590.75
85,0.25,1591.0
87,0.25,1591.25
85,0.25,1591.5
84,0.25,1591.75
82,0.25,1592.0
r,0.25,1592.25
82,0.25,1592.5
r,0.25,1592.75
82,0.25,1593.0
84,0.25,1593.25
82,0.25,1593.5
80,0.25,1593.75
79,0.25,1594.0
r,0.25,1594.25
79,0.25,1594.5
r,0.25,1594.75
79,0.25,1595.0
r,0.25,1595.25
80,0.25,1595.5
r,0.25,1595.75
82,2.0,1596.0
r,1.75,1598.0
r,0.25,1599.75
83,2.0,1600.0
84,0.25,1602.0
r,0.25,1602.25
84,0.25,1602.5
r,0.25,1602.75
84,0.25,1603.0
83,0.25,1603.25
84,0.25,1603.5
87,0.25,1603.75
78,2.0,1604.0
79,1.0,1606.0
r,0.75,1607.0
r,0.25,1607.75
78,0.25,1608.0
r,0.25,1608.25
78,0.25,1608.5
r,0.25,1608.75
78,0.25,1609.0
76,0.25,1609.25
78,0.25,1609.5
74,0.25,1609.75
79,0.25,1610.0
r,0.25,1610.25
79,0.25,1610.5
r,0.25,1610.75
79,0.25,1611.0
78,0.25,1611.25
79,0.25,1611.5
82,0.25,1611.75
73,2.0,1612.0
74,1.0,1614.0
r,0.75,1615.0
r,0.25,1615.75
73,0.25,1616.0
r,0.25,1616.25
73,0.25,1616.5
r,0.25,1616.75
73,0.25,1617.0
71,0.25,1617.25
73,0.25,1617.5
69,0.25,1617.75
74,0.25,1618.0
r,0.25,1618.25
74,0.25,1618.5
r,0.25,1618.75
74,0.25,1619.0
73,0.25,1619.25
74,0.25,1619.5
77,0.25,1619.75
68,2.0,1620.0
69,2.0,1622.0
68,2.0,1624.0
69,2.0,1626.0
68,2.0,1628.0
69,0.5,1630.0
81,0.25,1630.5
80,0.25,1630.75
81,0.25,1631.0
80,0.25,1631.25
81,0.25,1631.5
80,0.25,1631.75
81,0.25,1632.0
80,0.25,1632.25
81,0.25,1632.5
80,0.25,1632.75
81,0.25,1633.0
80,0.25,1633.25
81,0.25,1633.5
80,0.25,1633.75
81,0.25,1634.0
r,0.25,1634.25
81,0.25,1634.5
r,0.25,1634.75
81,0.25,1635.0
r,0.25,1635.25
81,0.25,1635.5
r,0.25,1635.75
81,0.25,1636.0
r,0.25,1636.25
81,0.25,1636.5
r,0.25,1636.75
81,0.25,1637.0
r,0.25,1637.25
81,0.25,1637.5
r,0.25,1637.75
81,0.25,1638.0
r,0.25,1638.25
83,0.25,1638.5
r,0.25,1638.75
85,0.25,1639.0
r,0.25,1639.25
86,0.25,1639.5
r,0.25,1639.75
88,0.25,1640.0
r,0.25,1640.25
85,0.25,1640.5
r,0.25,1640.75
86,0.25,1641.0
r,0.25,1641.25
88,0.25,1641.5
r,0.25,1641.75
81,0.25,1642.0
r,0.25,1642.25
81,0.25,1642.5
r,0.25,1642.75
81,0.25,1643.0
r,0.25,1643.25
81,0.25,1643.5
r,0.25,1643.75
81,0.25,1644.0
r,0.25,1644.25
81,0.25,1644.5
r,0.25,1644.75
81,0.25,1645.0
r,0.25,1645.25
81,0.25,1645.5
r,0.25,1645.75
81,0.25,1646.0
r,0.25,1646.25
83,0.25,1646.5
r,0.25,1646.75
85,0.25,1647.0
r,0.25,1647.25
86,0.25,1647.5
r,0.25,1647.75
88,0.25,1648.0
r,0.25,1648.25
85,0.25,1648.5
r,0.25,1648.75
86,0.25,1649.0
r,0.25,1649.25
88,0.25,1649.5
r,0.25,1649.75
81,0.25,1650.0
r,0.25,1650.25
81,0.25,1650.5
r,0.25,1650.75
83,0.25,1651.0
r,0.25,1651.25
84,0.25,1651.5
r,0.25,1651.75
86,0.25,1652.0
r,0.25,1652.25
83,0.25,1652.5
r,0.25,1652.75
84,0.25,1653.0
r,0.25,1653.25
86,0.25,1653.5
r,0.25,1653.75
79,0.25,1654.0
r,0.25,1654.25
79,0.25,1654.5
r,0.25,1654.75
81,0.25,1655.0
r,0.25,1655.25
82,0.25,1655.5
r,0.25,1655.75
84,0.25,1656.0
r,0.25,1656.25
81,0.25,1656.5
r,0.25,1656.75
82,0.25,1657.0
r,0.25,1657.25
84,0.25,1657.5
r,0.25,1657.75
77,0.25,1658.0
r,0.25,1658.25
77,0.25,1658.5
r,0.25,1658.75
79,0.25,1659.0
r,0.25,1659.25
81,0.25,1659.5
r,0.25,1659.75
82,0.25,1660.0
r,0.25,1660.25
82,0.25,1660.5
r,0.25,1660.75
82,0.25,1661.0
r,0.25,1661.25
82,0.25,1661.5
r,0.25,1661.75
82,0.25,1662.0
r,0.25,1662.25
82,0.25,1662.5
r,0.25,1662.75
82,0.25,1663.0
r,0.25,1663.25
82,0.25,1663.5
r,0.25,1663.75
82,0.25,1664.0
r,0.25,1664.25
82,0.25,1664.5
r,0.25,1664.75
82,0.25,1665.0
r,0.25,1665.25
82,0.25,1665.5
r,0.25,1665.75
82,0.25,1666.0
84,0.25,1666.25
86,0.25,1666.5
84,0.25,1666.75
82,0.25,1667.0
81,0.25,1667.25
79,0.25,1667.5
77,0.25,1667.75
76,0.25,1668.0
77,0.25,1668.25
79,0.25,1668.5
77,0.25,1668.75
76,0.25,1669.0
74,0.25,1669.25
72,0.25,1669.5
70,0.25,1669.75
69,0.25,1670.0
r,0.25,1670.25
84,0.25,1670.5
82,0.25,1670.75
81,0.25,1671.0
79,0.25,1671.25
77,0.25,1671.5
76,0.25,1671.75
77,0.25,1672.0
76,0.25,1672.25
74,0.25,1672.5
72,0.25,1672.75
70,0.25,1673.0
69,0.25,1673.25
67,0.25,1673.5
65,0.25,1673.75
64,0.25,1674.0
65,0.25,1674.25
67,0.25,1674.5
65,0.25,1674.75
64,0.25,1675.0
60,0.25,1675.25
62,0.25,1675.5
64,0.25,1675.75
65,0.25,1676.0
60,0.25,1676.25
65,0.25,1676.5
60,0.25,1676.75
65,0.25,1677.0
60,0.25,1677.25
67,0.25,1677.5
60,0.25,1677.75
69,0.25,1678.0
r,0.25,1678.25
65,0.25,1678.5
r,0.25,1678.75
65,0.25,1679.0
r,0.25,1679.25
60,0.25,1679.5
r,0.25,1679.75
69,0.25,1680.0
r,0.25,1680.25
69,0.25,1680.5
r,0.25,1680.75
69,0.25,1681.0
r,0.25,1681.25
65,0.25,1681.5
r,0.25,1681.75
72,0.25,1682.0
r,0.25,1682.25
72,0.25,1682.5
r,0.25,1682.75
72,0.25,1683.0
74,0.25,1683.25
72,0.25,1683.5
70,0.25,1683.75
69,0.25,1684.0
72,0.25,1684.25
67,0.25,1684.5
73,0.25,1684.75
66,0.25,1685.0
74,0.25,1685.25
69,0.25,1685.5
72,0.25,1685.75
70,0.25,1686.0
r,0.25,1686.25
86,0.25,1686.5
84,0.25,1686.75
82,0.25,1687.0
81,0.25,1687.25
79,0.25,1687.5
78,0.25,1687.75
79,0.25,1688.0
77,0.25,1688.25
75,0.25,1688.5
74,0.25,1688.75
72,0.25,1689.0
70,0.25,1689.25
69,0.25,1689.5
67,0.25,1689.75
66,0.25,1690.0
67,0.25,1690.25
69,0.25,1690.5
67,0.25,1690.75
66,0.25,1691.0
62,0.25,1691.25
64,0.25,1691.5
66,0.25,1691.75
67,0.25,1692.0
62,0.25,1692.25
67,0.25,1692.5
62,0.25,1692.75
67,0.25,1693.0
62,0.25,1693.25
69,0.25,1693.5
62,0.25,1693.75
70,0.25,1694.0
r,0.25,1694.25
67,0.25,1694.5
r,0.25,1694.75
67,0.25,1695.0
r,0.25,1695.25
62,0.25,1695.5
r,0.25,1695.75
70,0.25,1696.0
r,0.25,1696.25
70,0.25,1696.5
r,0.25,1696.75
70,0.25,1697.0
r,0.25,1697.25
67,0.25,1697.5
r,0.25,1697.75
74,0.25,1698.0
r,0.25,1698.25
74,0.25,1698.5
r,0.25,1698.75
74,0.25,1699.0
75,0.25,1699.25
74,0.25,1699.5
72,0.25,1699.75
70,0.25,1700.0
74,0.25,1700.25
76,0.25,1700.5
70,0.25,1700.75
77,0.25,1701.0
69,0.25,1701.25
75,0.25,1701.5
72,0.25,1701.75
74,0.25,1702.0
r,0.25,1702.25
89,0.25,1702.5
87,0.25,1702.75
86,0.25,1703.0
84,0.25,1703.25
82,0.25,1703.5
81,0.25,1703.75
82,0.25,1704.0
81,0.25,1704.25
79,0.25,1704.5
77,0.25,1704.75
75,0.25,1705.0
74,0.25,1705.25
72,0.25,1705.5
70,0.25,1705.75
69,0.25,1706.0
70,0.25,1706.25
72,0.25,1706.5
70,0.25,1706.75
69,0.25,1707.0
65,0.25,1707.25
67,0.25,1707.5
69,0.25,1707.75
70,0.5,1708.0
r,0.25,1708.0
65,0.25,1708.25
70,0.5,1708.5
r,0.25,1708.5
65,0.25,1708.75
70,0.5,1709.0
r,0.25,1709.0
65,0.25,1709.25
72,0.5,1709.5
r,0.25,1709.5
65,0.25,1709.75
73,0.5,1710.0
r,0.75,1710.0
70,0.5,1710.5
82,0.25,1710.75
70,0.5,1711.0
r,0.25,1711.0
82,0.25,1711.25
65,0.5,1711.5
r,0.25,1711.5
77,0.25,1711.75
73,0.5,1712.0
r,0.25,1712.0
85,0.25,1712.25
73,0.5,1712.5
r,0.25,1712.5
85,0.25,1712.75
73,0.5,1713.0
r,0.25,1713.0
85,0.25,1713.25
70,0.5,1713.5
r,0.25,1713.5
82,0.25,1713.75
77,0.5,1714.0
r,0.25,1714.0
89,0.25,1714.25
77,0.5,1714.5
r,0.25,1714.5
89,0.25,1714.75
77,0.5,1715.0
r,0.25,1715.0
89,0.25,1715.25
75,0.5,1715.5
r,0.25,1715.5
87,0.25,1715.75
73,0.5,1716.0
r,0.25,1716.0
85,0.25,1716.25
73,0.5,1716.5
r,0.25,1716.5
85,0.25,1716.75
73,0.5,1717.0
r,0.25,1717.0
85,0.25,1717.25
70,0.5,1717.5
r,0.25,1717.5
82,0.25,1717.75
77,0.5,1718.0
r,0.25,1718.0
89,0.25,1718.25
77,0.5,1718.5
r,0.25,1718.5
89,0.25,1718.75
77,0.5,1719.0
r,0.25,1719.0
89,0.25,1719.25
75,0.5,1719.5
r,0.25,1719.5
87,0.25,1719.75
73,0.5,1720.0
r,0.25,1720.0
85,0.25,1720.25
73,0.5,1720.5
r,0.25,1720.5
85,0.25,1720.75
73,0.5,1721.0
r,0.25,1721.0
85,0.25,1721.25
72,0.5,1721.5
r,0.25,1721.5
84,0.25,1721.75
70,0.5,1722.0
r,0.25,1722.0
82,0.25,1722.25
70,0.5,1722.5
r,0.25,1722.5
82,0.25,1722.75
70,0.5,1723.0
r,0.25,1723.0
82,0.25,1723.25
68,0.5,1723.5
r,0.25,1723.5
80,0.25,1723.75
66,0.5,1724.0
r,0.25,1724.0
78,0.25,1724.25
66,0.5,1724.5
r,0.25,1724.5
78,0.25,1724.75
66,0.5,1725.0
r,0.25,1725.0
78,0.25,1725.25
65,0.5,1725.5
r,0.25,1725.5
77,0.25,1725.75
64,0.5,1726.0
r,0.25,1726.0
76,0.25,1726.25
64,0.5,1726.5
r,0.25,1726.5
76,0.25,1726.75
64,0.5,1727.0
r,0.25,1727.0
76,0.25,1727.25
67,0.5,1727.5
r,0.25,1727.5
79,0.25,1727.75
65,0.5,1728.0
r,0.25,1728.0
77,0.25,1728.25
68,0.5,1728.5
r,0.25,1728.5
80,0.25,1728.75
67,0.5,1729.0
r,0.25,1729.0
79,0.25,1729.25
70,0.5,1729.5
r,0.25,1729.5
82,0.25,1729.75
68,0.5,1730.0
r,0.25,1730.0
80,0.25,1730.25
72,0.5,1730.5
r,0.25,1730.5
84,0.25,1730.75
69,0.5,1731.0
r,0.25,1731.0
81,0.25,1731.25
72,0.5,1731.5
r,0.25,1731.5
84,0.25,1731.75
70,0.5,1732.0
r,0.25,1732.0
82,0.25,1732.25
73,0.5,1732.5
r,0.25,1732.5
85,0.25,1732.75
72,0.5,1733.0
r,0.25,1733.0
84,0.25,1733.25
75,0.5,1733.5
r,0.25,1733.5
87,0.25,1733.75
73,0.5,1734.0
r,0.25,1734.0
85,0.25,1734.25
73,0.5,1734.5
r,0.25,1734.5
85,0.25,1734.75
73,0.5,1735.0
r,0.25,1735.0
85,0.25,1735.25
72,0.5,1735.5
r,0.25,1735.5
84,0.25,1735.75
71,0.5,1736.0
r,0.25,1736.0
83,0.25,1736.25
71,0.5,1736.5
r,0.25,1736.5
83,0.25,1736.75
71,0.5,1737.0
r,0.25,1737.0
83,0.25,1737.25
77,0.5,1737.5
r,0.25,1737.5
89,0.25,1737.75
76,0.5,1738.0
r,0.25,1738.0
88,0.25,1738.25
76,0.5,1738.5
r,0.25,1738.5
88,0.25,1738.75
76,0.5,1739.0
r,0.25,1739.0
88,0.25,1739.25
70,0.5,1739.5
r,0.25,1739.5
82,0.25,1739.75
69,0.5,1740.0
r,0.25,1740.0
81,0.25,1740.25
69,0.5,1740.5
r,0.25,1740.5
81,0.25,1740.75
69,0.5,1741.0
r,0.25,1741.0
81,0.25,1741.25
75,0.5,1741.5
r,0.25,1741.5
87,0.25,1741.75
74,0.5,1742.0
86,0.25,1742.5
85,0.25,1742.75
86,0.25,1743.0
84,0.25,1743.25
82,0.25,1743.5
81,0.25,1743.75
79,0.25,1744.0
77,0.25,1744.25
76,0.25,1744.5
74,0.25,1744.75
72,0.25,1745.0
70,0.25,1745.25
69,0.25,1745.5
67,0.25,1745.75
65,0.25,1746.0
r,0.25,1746.25
60,0.25,1746.5
r,0.25,1746.75
60,0.25,1747.0
r,0.25,1747.25
65,0.25,1747.5
r,0.25,1747.75
60,0.25,1748.0
r,0.25,1748.25
60,0.25,1748.5
r,0.25,1748.75
60,0.25,1749.0
r,0.25,1749.25
65,0.25,1749.5
r,0.25,1749.75
60,0.25,1750.0
r,0.25,1750.25
67,0.25,1750.5
r,0.25,1750.75
67,0.25,1751.0
r,0.25,1751.25
67,0.25,1751.5
r,0.25,1751.75
67,0.25,1752.0
r,0.25,1752.25
67,0.25,1752.5
r,0.25,1752.75
67,0.25,1753.0
69,0.25,1753.25
67,0.25,1753.5
69,0.25,1753.75
65,0.25,1754.0
r,0.25,1754.25
60,0.25,1754.5
r,0.25,1754.75
60,0.25,1755.0
r,0.25,1755.25
65,0.25,1755.5
r,0.25,1755.75
60,0.25,1756.0
r,0.25,1756.25
60,0.25,1756.5
r,0.25,1756.75
60,0.25,1757.0
r,0.25,1757.25
65,0.25,1757.5
r,0.25,1757.75
60,0.25,1758.0
r,0.25,1758.25
67,0.25,1758.5
r,0.25,1758.75
67,0.25,1759.0
r,0.25,1759.25
67,0.25,1759.5
r,0.25,1759.75
67,0.25,1760.0
r,0.25,1760.25
67,0.25,1760.5
r,0.25,1760.75
67,0.25,1761.0
69,0.25,1761.25
67,0.25,1761.5
69,0.25,1761.75
65,0.25,1762.0
r,0.25,1762.25
84,0.25,1762.5
r,0.25,1762.75
84,0.25,1763.0
r,0.25,1763.25
84,0.25,1763.5
r,0.25,1763.75
84,0.25,1764.0
r,0.25,1764.25
84,0.25,1764.5
r,0.25,1764.75
84,0.25,1765.0
r,0.25,1765.25
84,0.25,1765.5
r,0.25,1765.75
84,0.25,1766.0
r,0.25,1766.25
84,0.25,1766.5
r,0.25,1766.75
84,0.25,1767.0
r,0.25,1767.25
84,0.25,1767.5
r,0.25,1767.75
84,0.25,1768.0
r,0.25,1768.25
84,0.25,1768.5
r,0.25,1768.75
84,0.25,1769.0
r,0.25,1769.25
84,0.25,1769.5
r,0.25,1769.75
84,0.25,1770.0
r,0.25,1770.25
84,0.25,1770.5
r,0.25,1770.75
84,0.25,1771.0
r,0.25,1771.25
84,0.25,1771.5
r,0.25,1771.75
84,0.25,1772.0
r,0.25,1772.25
84,0.25,1772.5
r,0.25,1772.75
84,0.25,1773.0
r,0.25,1773.25
84,0.25,1773.5
r,0.25,1773.75
84,0.25,1774.0
r,0.25,1774.25
84,0.25,1774.5
r,0.25,1774.75
84,0.25,1775.0
r,0.25,1775.25
84,0.25,1775.5
r,0.25,1775.75
84,0.25,1776.0
r,0.25,1776.25
84,0.25,1776.5
r,0.25,1776.75
84,0.25,1777.0
r,0.25,1777.25
84,0.25,1777.5
r,0.25,1777.75
84,0.25,1778.0
r,0.25,1778.25
84,0.25,1778.5
r,0.25,1778.75
84,0.25,1779.0
r,0.25,1779.25
84,0.25,1779.5
r,0.25,1779.75
84,0.25,1780.0
r,0.25,1780.25
84,0.25,1780.5
r,0.25,1780.75
86,0.25,1781.0
r,0.25,1781.25
88,0.25,1781.5
r,0.25,1781.75
89,0.25,1782.0
r,0.25,1782.25
84,0.25,1782.5
r,0.25,1782.75
84,0.25,1783.0
r,0.25,1783.25
84,0.25,1783.5
r,0.25,1783.75
84,0.25,1784.0
r,0.25,1784.25
84,0.25,1784.5
r,0.25,1784.75
84,0.25,1785.0
r,0.25,1785.25
84,0.25,1785.5
r,0.25,1785.75
77,0.25,1786.0
89,0.25,1786.0
r,0.25,1786.25
76,0.25,1786.5
88,0.25,1786.5
r,0.25,1786.75
74,0.25,1787.0
86,0.25,1787.0
r,0.25,1787.25
84,0.25,1787.5
72,0.25,1787.5
r,0.25,1787.75
82,0.25,1788.0
70,0.25,1788.0
r,0.25,1788.25
81,0.25,1788.5
69,0.25,1788.5
r,0.25,1788.75
67,0.25,1789.0
79,0.25,1789.0
r,0.25,1789.25
72,0.25,1789.5
84,0.25,1789.5
r,0.25,1789.75
65,0.25,1790.0
77,0.25,1790.0
r,0.25,1790.25
64,0.25,1790.5
76,0.25,1790.5
r,0.25,1790.75
62,0.25,1791.0
74,0.25,1791.0
r,0.25,1791.25
60,0.25,1791.5
72,0.25,1791.5
r,0.25,1791.75
70,0.25,1792.0
58,0.25,1792.0
r,0.25,1792.25
57,0.25,1792.5
69,0.25,1792.5
r,0.25,1792.75
55,0.25,1793.0
67,0.25,1793.0
r,0.25,1793.25
60,0.25,1793.5
72,0.25,1793.5
r,0.25,1793.75
53,0.75,1794.0
65,0.75,1794.0
r,1.25,1794.75
