r,1.0,0.0
r,1/3,1.0
r,1/6,4/3
44,1.25,1.5
r,0.25,2.75
46,4/3,3.0
r,1/6,13/3
r,0.5,4.5
48,0.5,5.0
43,0.5,5.5
44,0.5,6.0
39,0.25,6.5
r,0.25,6.75
r,0.5,7.0
53,1.0,7.5
r,0.5,7.5
65,0.5,8.0
63,0.5,8.5
r,0.5,8.5
62,0.5,9.0
61,0.5,9.5
60,0.5,10.0
53,0.5,10.5
55,0.5,11.0
56,0.5,11.5
51,0.75,12.0
r,0.25,12.75
r,0.5,13.0
44,1.25,13.5
r,0.25,14.75
46,1.25,15.0
r,0.25,16.25
r,0.5,16.5
48,0.5,17.0
43,0.5,17.5
44,0.5,18.0
39,0.25,18.5
r,0.25,18.75
r,0.5,19.0
53,1.0,19.5
r,0.5,19.5
65,0.5,20.0
63,0.5,20.5
r,0.5,20.5
62,0.5,21.0
61,0.5,21.5
60,0.5,22.0
r,0.5,22.5
51,0.5,23.0
39,0.5,23.5
44,0.25,24.0
r,0.25,24.25
32,0.25,24.5
r,0.25,24.75
65,1.5,25.0
63,0.5,26.5
63,0.25,27.0
61,0.25,27.25
60,0.25,27.5
58,0.25,27.75
63,1.5,28.0
61,0.5,29.5
61,0.25,30.0
60,0.25,30.25
58,0.25,30.5
56,0.25,30.75
r,0.5,31.0
56,1.0,31.5
55,0.5,32.5
56,0.5,33.0
52,0.5,33.5
53,0.25,34.0
56,0.25,34.25
46,1.0,34.5
47,0.5,35.5
48,0.5,36.0
44,0.5,36.5
45,0.5,37.0
46,1.0,37.5
34,0.5,38.5
39,0.25,39.0
r,0.25,39.25
41,0.25,39.5
r,0.25,39.75
43,0.25,40.0
r,0.25,40.25
44,1.5,40.5
46,4/3,42.0
r,1/6,130/3
r,0.5,43.5
48,0.5,44.0
43,0.5,44.5
44,0.5,45.0
39,0.25,45.5
r,0.25,45.75
r,0.5,46.0
41,1.0,46.5
r,0.5,46.5
53,0.5,47.0
51,0.5,47.5
r,0.5,47.5
50,0.5,48.0
49,0.5,48.5
48,1/3,49.0
r,1/6,148/3
r,0.25,49.5
r,0.25,49.75
51,0.5,50.0
39,0.5,50.5
44,0.25,51.0
r,0.25,51.25
32,0.25,51.5
r,0.25,51.75
r,0.5,52.0
r,1.0,52.5
r,0.5,53.5
32,1.5,54.0
34,1.5,55.5
36,1.0,57.0
43,0.5,58.0
44,0.5,58.5
39,1/3,59.0
r,2/3,178/3
41,1.0,60.0
r,0.5,60.0
53,0.5,60.5
51,0.5,61.0
r,0.5,61.0
50,0.5,61.5
49,0.5,62.0
48,0.5,62.5
41,0.5,63.0
43,0.5,63.5
44,0.5,64.0
39,0.75,64.5
r,0.25,65.25
r,0.5,65.5
32,1.5,66.0
34,1.5,67.5
36,0.5,69.0
r,0.5,69.5
43,0.25,70.0
r,1/12,70.25
r,1/6,211/3
44,0.5,70.5
39,0.5,71.0
r,0.5,71.5
41,1.0,72.0
r,0.5,72.0
53,0.5,72.5
51,0.5,73.0
r,0.5,73.0
50,0.5,73.5
49,0.5,74.0
48,0.5,74.5
51,1.0,75.0
39,0.5,76.0
44,0.25,76.5
r,0.25,76.75
32,0.25,77.0
r,0.25,77.25
65,2/3,77.5
53,0.25,78.0
57,0.25,78.0
r,0.5,78.0
r,1/12,78.25
60,0.25,235/3
65,0.75,78.5
r,2/3,943/12
63,0.25,79.25
r,0.25,79.25
63,0.25,79.5
61,0.25,79.5
60,0.25,79.75
58,0.25,79.75
57,0.25,80.0
58,0.25,80.0
61,0.25,80.25
58,0.25,80.25
46,0.5,80.5
63,0.25,81.0
51,0.25,81.0
55,0.25,81.25
58,0.25,81.25
63,0.75,81.5
61,0.25,82.25
61,0.25,82.5
60,0.25,82.5
58,0.25,82.75
56,0.25,82.75
55,0.25,83.0
56,0.25,83.0
60,0.25,83.25
56,0.25,83.25
44,0.5,83.5
56,0.5,84.0
56,0.5,84.5
55,0.5,85.0
56,0.5,85.5
52,0.5,86.0
53,0.5,86.5
34,0.25,87.0
39,0.25,87.0
r,0.75,87.0
r,1/12,87.25
43,0.25,262/3
46,0.25,262/3
r,1/12,1051/12
51,0.25,263/3
55,0.25,263/3
57,0.25,87.75
r,1/12,1055/12
59,1/3,88.0
r,0.5,88.0
r,1/6,265/3
r,1/6,88.5
r,0.25,88.5
36,0.25,266/3
39,0.25,266/3
43,0.25,88.75
48,0.25,88.75
r,1/12,1067/12
51,0.25,89.0
55,0.25,89.0
r,0.5,89.0
r,1/12,89.25
60,0.25,268/3
57,0.5,89.5
r,5/12,1075/12
34,0.25,90.0
39,0.25,90.0
r,0.75,90.0
r,1/12,90.25
43,0.25,271/3
46,0.25,271/3
r,1/12,1087/12
51,0.25,272/3
55,0.25,272/3
57,0.25,90.75
58,0.25,90.75
r,1/3,1091/12
r,0.5,91.0
46,0.25,91.25
51,0.25,91.5
39,0.25,91.75
41,0.25,92.0
39,0.25,92.25
43,0.25,92.5
39,0.25,92.75
32,1.5,93.0
34,1.5,94.5
36,0.5,96.0
r,0.5,96.5
43,0.25,97.0
r,1/12,97.25
r,1/6,292/3
44,0.5,97.5
39,0.5,98.0
r,0.5,98.5
41,1.0,99.0
r,0.5,99.0
53,0.5,99.5
51,0.5,100.0
r,0.5,100.0
50,0.5,100.5
49,0.5,101.0
48,0.5,101.5
51,1.0,102.0
39,0.5,103.0
44,0.25,103.5
r,0.25,103.75
32,0.25,104.0
r,0.25,104.25
r,0.5,104.5
r,1.0,105.0
51,0.25,106.0
39,0.25,106.0
51,0.25,106.25
39,0.25,106.25
51,0.25,106.5
39,0.25,106.5
56,0.25,106.75
44,0.25,106.75
56,0.25,107.0
44,0.25,107.0
56,0.25,107.25
44,0.25,107.25
56,0.25,107.5
44,0.25,107.5
56,0.25,107.75
44,0.25,107.75
56,0.25,108.0
44,0.25,108.0
55,0.25,108.25
43,0.25,108.25
55,0.25,108.5
43,0.25,108.5
53,0.25,108.75
41,0.25,108.75
55,0.25,109.0
43,0.25,109.0
39,0.25,109.25
51,0.25,109.25
39,0.25,109.5
51,0.25,109.5
56,0.25,109.75
44,0.25,109.75
39,0.25,110.0
51,0.25,110.0
56,0.25,110.25
44,0.25,110.25
39,0.25,110.5
51,0.25,110.5
58,0.25,110.75
46,0.25,110.75
39,0.25,111.0
51,0.25,111.0
60,0.25,111.25
48,0.25,111.25
39,0.25,111.5
51,0.25,111.5
58,0.25,111.75
46,0.25,111.75
60,0.25,111.75
58,0.25,112.0
57,0.25,112.0
58,0.25,112.25
60,0.25,112.25
49,1/3,112.5
r,0.25,112.5
61,0.25,112.75
r,1/6,677/6
53,1/3,113.0
r,0.25,113.0
61,0.25,113.25
r,1/6,340/3
51,1/3,113.5
r,0.25,113.5
60,0.25,113.75
r,1/6,683/6
50,1/3,114.0
r,0.25,114.0
65,0.25,114.25
r,1/6,343/3
49,1/3,114.5
r,0.25,114.5
58,0.25,114.75
r,1/6,689/6
48,1/3,115.0
r,0.25,115.0
63,0.25,115.25
r,1/6,346/3
41,1/3,115.5
r,0.25,115.5
56,0.25,115.75
r,1/6,695/6
43,1/3,116.0
r,0.25,116.0
61,0.25,116.25
r,1/6,349/3
44,1/3,116.5
r,0.25,116.5
60,0.25,116.75
r,1/6,701/6
39,1/3,117.0
r,0.25,117.0
57,0.25,117.25
r,1/6,352/3
39,1/3,117.5
r,0.25,117.5
58,0.25,117.75
r,1/6,707/6
51,0.25,118.0
39,0.25,118.0
r,0.5,118.0
51,0.25,118.25
39,0.25,118.25
51,0.25,118.5
39,0.25,118.5
56,0.25,118.75
44,0.25,118.75
56,0.25,119.0
44,0.25,119.0
56,0.25,119.25
44,0.25,119.25
56,0.25,119.5
44,0.25,119.5
56,0.25,119.75
44,0.25,119.75
56,0.25,120.0
44,0.25,120.0
46,0.25,120.25
55,0.25,120.25
46,0.25,120.5
55,0.25,120.5
53,0.25,120.75
46,0.25,120.75
55,0.25,121.0
46,0.25,121.0
46,0.25,121.25
51,0.25,121.25
48,0.25,121.5
51,0.25,121.5
r,0.75,121.5
56,0.25,121.75
51,1/3,122.0
48,1/3,122.0
56,0.25,122.25
r,1/6,367/3
51,1/3,122.5
43,1/3,122.5
r,0.25,122.5
58,0.25,122.75
r,1/6,737/6
51,1/3,123.0
44,1/3,123.0
r,0.25,123.0
60,0.25,123.25
r,1/6,370/3
51,1/3,123.5
39,1/3,123.5
r,0.25,123.5
58,0.25,123.75
60,0.25,123.75
r,1/6,743/6
58,0.25,124.0
57,0.25,124.0
r,0.5,124.0
58,0.25,124.25
60,0.25,124.25
49,1/3,124.5
r,0.25,124.5
61,0.25,124.75
r,1/6,749/6
53,1/3,125.0
r,0.25,125.0
61,0.25,125.25
r,1/6,376/3
51,1/3,125.5
r,0.25,125.5
60,0.25,125.75
r,1/6,755/6
50,1/3,126.0
r,0.25,126.0
65,0.25,126.25
r,1/6,379/3
49,1/3,126.5
r,0.25,126.5
58,0.25,126.75
r,1/6,761/6
48,1/3,127.0
r,0.25,127.0
63,0.25,127.25
r,1/6,382/3
51,1/3,127.5
r,0.25,127.5
56,0.25,127.75
r,1/6,767/6
39,1/3,128.0
r,0.25,128.0
60,0.25,128.25
r,1/6,385/3
39,1/3,128.5
r,0.25,128.5
58,0.25,128.75
r,1/6,773/6
44,1/3,129.0
r,0.25,129.0
56,0.25,129.25
r,1/6,388/3
32,0.25,129.5
r,0.75,129.5
r,0.25,129.75
45,1/3,130.0
60,0.25,130.25
r,1/6,391/3
45,1/3,130.5
r,0.25,130.5
60,0.25,130.75
r,1/6,785/6
43,1/3,131.0
r,0.25,131.0
58,0.25,131.25
r,1/6,394/3
45,1/3,131.5
r,0.25,131.5
60,0.25,131.75
r,1/6,791/6
46,1/3,132.0
r,0.25,132.0
61,0.25,132.25
r,1/6,397/3
49,1/3,132.5
r,0.25,132.5
65,0.25,132.75
r,1/6,797/6
46,0.25,133.0
34,0.25,133.0
r,0.5,133.0
44,0.25,133.25
32,0.25,133.25
43,0.25,133.5
31,0.25,133.5
r,0.75,133.5
58,0.25,133.75
41,1/3,134.0
56,0.25,134.25
r,1/6,403/3
43,1/3,134.5
r,0.25,134.5
58,0.25,134.75
r,1/6,809/6
44,1/3,135.0
r,0.25,135.0
60,0.25,135.25
r,1/6,406/3
48,1/3,135.5
r,0.25,135.5
63,0.25,135.75
r,1/6,815/6
48,1/3,136.0
r,0.25,136.0
51,0.25,136.25
r,1/6,409/3
48,1/3,136.5
r,0.25,136.5
51,0.25,136.75
r,1/6,821/6
47,1/3,137.0
r,0.25,137.0
50,0.25,137.25
r,1/6,412/3
46,1/3,137.5
r,0.25,137.5
52,0.25,137.75
r,1/6,827/6
44,1/3,138.0
r,0.25,138.0
53,0.25,138.25
r,1/6,415/3
43,1/3,138.5
r,0.25,138.5
55,0.25,138.75
r,1/6,833/6
41,1/3,139.0
r,0.25,139.0
56,0.25,139.25
53,0.25,139.25
r,1/6,418/3
46,1/3,139.5
r,0.25,139.5
51,0.25,139.75
r,1/6,839/6
46,1/3,140.0
r,0.25,140.0
51,0.25,140.25
r,1/6,421/3
47,1/3,140.5
r,0.25,140.5
50,0.25,140.75
r,1/6,845/6
48,1/3,141.0
r,0.25,141.0
51,0.25,141.25
r,1/6,424/3
48,1/3,141.5
r,0.25,141.5
51,0.25,141.75
r,1/6,851/6
45,1/3,142.0
r,0.25,142.0
55,0.25,142.25
53,0.25,142.25
r,1/6,427/3
46,1/3,142.5
r,0.25,142.5
51,0.25,142.75
r,1/6,857/6
46,1/3,143.0
r,0.25,143.0
51,0.25,143.25
r,1/6,430/3
34,1/3,143.5
r,0.25,143.5
50,0.25,143.75
r,1/6,863/6
39,1/3,144.0
r,0.25,144.0
51,0.25,144.25
r,1/6,433/3
41,1/3,144.5
r,0.25,144.5
51,0.25,144.75
r,1/6,869/6
43,1/3,145.0
r,0.25,145.0
51,0.25,145.25
r,1/6,436/3
44,0.25,145.5
51,0.25,145.5
44,0.25,145.75
56,0.25,145.75
44,0.25,146.0
56,0.25,146.0
44,0.25,146.25
56,0.25,146.25
44,0.25,146.5
56,0.25,146.5
44,0.25,146.75
56,0.25,146.75
44,0.25,147.0
56,0.25,147.0
55,0.25,147.25
46,0.25,147.25
55,0.25,147.5
46,0.25,147.5
46,0.25,147.75
53,0.25,147.75
46,0.25,148.0
55,0.25,148.0
51,0.25,148.25
46,0.25,148.25
51,1/3,148.5
48,1/3,148.5
r,0.25,148.5
56,0.25,148.75
r,1/6,893/6
48,0.25,149.0
51,0.25,149.0
r,1.0,149.0
56,0.25,149.25
43,0.25,149.5
51,0.25,149.5
58,0.25,149.75
44,0.25,150.0
51,0.25,150.0
60,0.25,150.25
39,0.25,150.5
51,0.25,150.5
58,0.25,150.75
60,0.25,150.75
58,0.25,151.0
57,0.25,151.0
58,0.25,151.25
60,0.25,151.25
49,1/3,151.5
r,0.25,151.5
61,0.25,151.75
r,1/6,911/6
53,1/3,152.0
r,0.25,152.0
61,0.25,152.25
r,1/6,457/3
51,1/3,152.5
r,0.25,152.5
60,0.25,152.75
r,1/6,917/6
50,1/3,153.0
r,0.25,153.0
65,0.25,153.25
r,1/6,460/3
49,1/3,153.5
r,0.25,153.5
58,0.25,153.75
r,1/6,923/6
48,1/3,154.0
r,0.25,154.0
63,0.25,154.25
r,1/6,463/3
51,1/3,154.5
r,0.25,154.5
56,0.25,154.75
r,1/6,929/6
39,1/3,155.0
r,0.25,155.0
60,0.25,155.25
r,1/6,466/3
39,1/3,155.5
r,0.25,155.5
58,0.25,155.75
r,1/6,935/6
44,1/3,156.0
r,0.25,156.0
56,0.25,156.25
r,1/6,469/3
32,0.25,156.5
r,1.0,156.5
r,0.75,156.75
r,1.0,157.5
r,0.25,158.5
r,0.25,158.75
44,0.25,159.0
r,0.25,159.25
44,0.25,159.5
r,0.25,159.75
44,0.25,160.0
r,0.25,160.25
46,0.25,160.5
r,0.25,160.75
46,0.25,161.0
r,0.25,161.25
46,0.25,161.5
r,0.25,161.75
47,0.25,162.0
r,0.25,162.25
47,0.25,162.5
r,0.25,162.75
47,0.25,163.0
r,0.25,163.25
49,0.25,163.5
r,0.25,163.75
49,0.25,164.0
r,0.25,164.25
49,0.25,164.5
r,0.25,164.75
51,0.25,165.0
r,0.25,165.25
51,0.25,165.5
r,0.25,165.75
51,0.25,166.0
r,0.25,166.25
52,0.25,166.5
r,0.25,166.75
52,0.25,167.0
r,0.25,167.25
52,0.25,167.5
r,0.25,167.75
53,0.25,168.0
r,0.25,168.25
53,0.25,168.5
r,0.25,168.75
53,0.25,169.0
r,1/12,169.25
r,1/6,508/3
51,0.75,169.5
r,1/12,170.25
r,1/6,511/3
r,0.25,170.5
r,0.25,170.75
32,1.5,171.0
34,1.25,172.5
r,0.25,173.75
35,1.5,174.0
37,1.5,175.5
39,1.25,177.0
r,1/12,178.25
r,1/6,535/3
40,1.25,178.5
r,0.25,179.75
51,0.25,180.0
r,0.25,180.25
39,0.25,180.5
r,0.25,180.75
39,0.25,181.0
r,1/12,181.25
r,1/6,544/3
44,0.25,181.5
r,0.25,181.75
32,0.25,182.0
r,1/12,182.25
r,1/6,547/3
r,0.5,182.5
r,0.5,183.0
r,1.0,183.0
60,1.0,183.5
56,0.5,184.0
61,0.5,184.5
49,0.25,185.0
r,1/12,185.25
r,1/6,556/3
r,0.5,185.5
r,0.5,186.0
r,1.0,186.0
55,1.0,186.5
51,0.5,187.0
56,0.5,187.5
44,0.25,188.0
r,1/12,188.25
r,1/6,565/3
r,1/6,188.5
r,1/3,566/3
38,1.25,189.0
r,0.25,190.25
39,1.25,190.5
r,0.25,191.75
34,0.75,192.0
r,0.25,192.75
34,0.25,193.0
r,0.25,193.25
35,0.75,193.5
r,0.25,194.25
33,0.25,194.5
r,0.25,194.75
34,0.75,195.0
r,0.25,195.75
34,0.25,196.0
r,0.25,196.25
39,0.5,196.5
37,0.5,197.0
34,0.5,197.5
32,1.25,198.0
r,1/12,199.25
r,1/6,598/3
34,1.25,199.5
r,0.25,200.75
35,1.5,201.0
37,1.5,202.5
39,1.25,204.0
r,1/12,205.25
r,1/6,616/3
40,1.25,205.5
r,0.25,206.75
51,0.25,207.0
r,0.25,207.25
39,0.25,207.5
r,0.25,207.75
39,0.25,208.0
r,0.25,208.25
44,0.25,208.5
r,0.25,208.75
32,0.25,209.0
r,0.25,209.25
r,0.5,209.5
r,1.0,210.0
r,0.5,211.0
48,0.25,211.5
44,0.25,211.5
r,0.75,211.75
56,0.25,212.5
60,0.25,212.5
r,0.25,212.75
61,0.25,213.0
58,0.25,213.0
r,0.75,213.25
49,0.25,214.0
46,0.25,214.0
r,0.25,214.25
51,0.25,214.5
48,0.25,214.5
r,0.75,214.75
60,0.25,215.5
63,0.25,215.5
r,0.25,215.75
65,0.25,216.0
62,0.25,216.0
r,0.25,216.25
67,0.25,216.5
63,0.25,216.5
r,0.25,216.75
56,0.25,217.0
53,0.25,217.0
r,0.25,217.25
58,0.25,217.5
55,0.25,217.5
r,0.25,217.75
56,0.25,218.0
60,0.25,218.0
r,0.25,218.25
68,0.25,218.5
62,0.25,218.5
r,0.25,218.75
67,0.25,219.0
70,0.25,219.0
61,0.25,219.0
r,0.25,219.25
72,0.25,219.5
60,0.25,219.5
68,0.25,219.5
r,0.25,219.75
41,0.5,220.0
43,0.5,220.5
44,0.5,221.0
38,0.5,221.5
39,0.5,222.0
51,0.25,222.5
r,0.25,222.75
r,0.5,223.0
44,0.25,223.5
32,0.25,223.5
r,0.75,223.75
60,0.25,224.5
56,0.25,224.5
60,0.25,224.75
56,0.25,224.75
61,0.25,225.0
58,0.25,225.0
r,0.75,225.25
49,0.25,226.0
46,0.25,226.0
49,0.25,226.25
46,0.25,226.25
51,0.25,226.5
48,0.25,226.5
r,0.75,226.75
60,0.25,227.5
63,0.25,227.5
60,0.25,227.75
63,0.25,227.75
65,0.25,228.0
62,0.25,228.0
65,0.25,228.25
62,0.25,228.25
67,0.25,228.5
63,0.25,228.5
r,0.25,228.75
56,0.25,229.0
53,0.25,229.0
56,0.25,229.25
53,0.25,229.25
55,0.25,229.5
58,0.25,229.5
55,0.25,229.75
58,0.25,229.75
60,0.25,230.0
56,0.25,230.0
r,0.25,230.25
68,0.25,230.5
62,0.25,230.5
62,0.25,230.75
68,0.25,230.75
61,0.25,231.0
70,0.25,231.0
67,0.25,231.0
61,0.25,231.25
70,0.25,231.25
67,0.25,231.25
72,0.25,231.5
60,0.25,231.5
68,0.25,231.5
r,0.25,231.75
53,0.25,232.0
53,0.25,232.25
51,0.25,232.5
r,0.75,232.75
39,0.25,233.5
39,0.25,233.75
44,0.25,234.0
r,0.25,234.25
32,0.25,234.5
r,0.25,234.75
49,0.25,235.0
46,0.25,235.0
r,0.25,235.25
45,0.25,235.5
48,0.25,235.5
r,0.75,235.75
65,0.25,236.5
57,0.25,236.5
r,0.25,236.75
65,0.25,237.0
58,0.25,237.0
r,0.75,237.25
47,0.25,238.0
44,0.25,238.0
r,0.25,238.25
43,0.25,238.5
46,0.25,238.5
r,0.75,238.75
63,0.25,239.5
55,0.25,239.5
r,0.25,239.75
63,0.25,240.0
56,0.25,240.0
r,0.5,240.25
r,0.25,240.75
44,0.25,241.0
r,0.25,241.25
43,0.25,241.5
r,0.25,241.75
31,0.25,242.0
r,1/12,242.25
r,1/6,727/3
48,0.25,242.5
r,0.25,242.75
53,0.25,243.0
r,0.25,243.25
41,0.25,243.5
r,0.25,243.75
57,0.25,244.0
r,0.25,244.25
58,0.25,244.5
r,0.25,244.75
46,0.25,245.0
r,1/12,245.25
r,1/6,736/3
47,0.25,245.5
r,0.25,245.75
48,0.25,246.0
r,0.25,246.25
36,0.25,246.5
r,0.25,246.75
57,0.25,247.0
r,0.25,247.25
58,0.25,247.5
r,0.25,247.75
46,0.25,248.0
r,1/12,248.25
r,1/6,745/3
34,0.25,248.5
r,0.25,248.75
39,0.25,249.0
49,0.25,249.25
48,0.25,249.25
46,0.25,249.5
44,0.25,249.5
43,0.25,249.75
41,0.25,249.75
39,0.25,250.0
37,0.25,250.0
36,0.25,250.25
34,0.25,250.25
32,0.5,250.5
r,0.5,251.0
56,0.25,251.5
60,0.25,251.5
56,0.25,251.75
60,0.25,251.75
58,0.25,252.0
61,0.25,252.0
r,0.75,252.25
46,0.25,253.0
49,0.25,253.0
46,0.25,253.25
49,0.25,253.25
48,0.25,253.5
51,0.25,253.5
r,0.75,253.75
63,0.25,254.5
60,0.25,254.5
63,0.25,254.75
60,0.25,254.75
62,0.25,255.0
65,0.25,255.0
62,0.25,255.25
65,0.25,255.25
63,0.25,255.5
67,0.25,255.5
r,0.25,255.75
53,0.25,256.0
56,0.25,256.0
53,0.25,256.25
56,0.25,256.25
58,0.25,256.5
55,0.25,256.5
58,0.25,256.75
55,0.25,256.75
56,0.25,257.0
60,0.25,257.0
r,0.25,257.25
62,0.25,257.5
68,0.25,257.5
68,0.25,257.75
62,0.25,257.75
67,0.25,258.0
70,0.25,258.0
61,0.25,258.0
67,0.25,258.25
70,0.25,258.25
61,0.25,258.25
68,0.25,258.5
60,0.25,258.5
72,0.25,258.5
r,0.25,258.75
53,0.25,259.0
53,0.25,259.25
51,0.25,259.5
r,0.75,259.75
39,0.25,260.5
39,0.25,260.75
44,0.25,261.0
r,0.25,261.25
32,0.25,261.5
r,0.25,261.75
r,0.5,262.0
r,1.0,262.5
r,0.25,263.5
r,0.25,263.75
44,0.5,264.0
44,0.5,264.5
44,0.5,265.0
46,0.5,265.5
46,0.5,266.0
46,0.5,266.5
48,0.5,267.0
48,0.5,267.5
43,0.5,268.0
44,0.5,268.5
39,0.5,269.0
42,0.5,269.5
41,0.5,270.0
53,0.5,270.5
51,0.5,271.0
50,0.5,271.5
49,0.5,272.0
48,0.5,272.5
41,0.5,273.0
43,0.5,273.5
44,0.5,274.0
39,0.25,274.5
51,0.25,274.5
51,0.25,274.75
51,0.25,274.75
r,0.25,275.0
53,0.25,275.25
51,0.25,275.25
49,0.25,275.5
48,0.25,275.5
46,0.25,275.75
44,0.5,276.0
48,0.5,276.5
48,0.5,277.0
46,0.5,277.5
49,0.5,278.0
49,0.5,278.5
48,0.5,279.0
48,0.5,279.5
43,0.5,280.0
44,0.5,280.5
39,0.5,281.0
42,0.5,281.5
41,0.5,282.0
53,0.5,282.5
51,0.5,283.0
50,0.5,283.5
49,0.5,284.0
48,0.5,284.5
39,0.5,285.0
39,0.5,285.5
39,0.5,286.0
44,0.5,286.5
44,0.5,287.0
r,0.25,287.5
r,0.25,287.75
57,0.5,288.0
55,0.5,288.5
57,0.5,289.0
58,0.5,289.5
46,0.5,290.0
r,0.25,290.5
r,0.25,290.75
55,0.5,291.0
53,0.5,291.5
55,0.5,292.0
56,0.5,292.5
44,0.5,293.0
r,0.25,293.5
r,0.25,293.75
48,0.5,294.0
r,0.25,294.0
60,0.25,294.25
47,0.5,294.5
r,0.25,294.5
59,0.25,294.75
46,0.5,295.0
r,0.25,295.0
58,0.25,295.25
44,0.5,295.5
r,0.25,295.5
56,0.25,295.75
43,0.5,296.0
r,0.25,296.0
55,0.25,296.25
41,0.5,296.5
r,0.25,296.5
53,0.25,296.75
46,0.5,297.0
r,0.25,297.0
58,0.25,297.25
46,0.5,297.5
r,0.25,297.5
58,0.25,297.75
47,0.5,298.0
r,0.25,298.0
59,0.25,298.25
48,0.5,298.5
r,0.25,298.5
60,0.25,298.75
44,0.5,299.0
r,0.25,299.0
56,0.25,299.25
45,0.5,299.5
r,0.25,299.5
57,0.25,299.75
46,0.5,300.0
r,0.25,300.0
58,0.25,300.25
46,0.5,300.5
r,0.25,300.5
58,0.25,300.75
34,0.5,301.0
r,0.25,301.0
46,0.5,301.25
39,0.5,301.5
r,0.25,301.5
51,0.25,301.75
41,0.5,302.0
r,0.25,302.0
53,0.25,302.25
43,0.5,302.5
r,0.25,302.5
55,0.25,302.75
44,0.5,303.0
48,0.5,303.5
48,0.5,304.0
46,0.5,304.5
49,0.5,305.0
49,0.5,305.5
48,0.5,306.0
48,0.5,306.5
43,0.5,307.0
44,0.5,307.5
39,0.5,308.0
42,0.5,308.5
41,0.5,309.0
53,0.5,309.5
51,0.5,310.0
50,0.5,310.5
49,0.5,311.0
48,0.5,311.5
39,0.5,312.0
39,0.5,312.5
39,0.5,313.0
44,0.5,313.5
r,0.75,314.0
r,0.25,314.75
r,0.5,315.0
51,0.25,315.5
39,0.25,315.5
r,0.25,315.75
56,0.25,316.0
44,0.25,316.0
r,0.25,316.25
r,0.5,316.5
39,0.25,317.0
51,0.25,317.0
r,0.25,317.25
58,0.25,317.5
46,0.25,317.5
r,0.25,317.75
r,0.5,318.0
39,0.25,318.5
51,0.25,318.5
r,0.25,318.75
55,0.25,319.0
43,0.25,319.0
r,0.25,319.25
r,0.5,319.5
39,0.25,320.0
51,0.25,320.0
r,0.25,320.25
44,0.25,320.5
56,0.25,320.5
r,0.25,320.75
r,0.5,321.0
51,0.25,321.5
39,0.25,321.5
r,0.25,321.75
56,0.25,322.0
44,0.25,322.0
r,0.25,322.25
r,0.5,322.5
51,0.25,323.0
39,0.25,323.0
r,0.25,323.25
46,0.25,323.5
58,0.25,323.5
r,0.25,323.75
r,0.5,324.0
51,0.25,324.5
39,0.25,324.5
r,0.25,324.75
43,0.25,325.0
55,0.25,325.0
r,1/12,325.25
r,1/6,976/3
r,0.5,325.5
51,0.5,326.0
56,0.5,326.5
r,0.5,327.0
39,0.5,327.5
43,0.5,328.0
r,0.5,328.5
51,0.5,329.0
56,0.5,329.5
r,0.5,330.0
39,0.5,330.5
43,0.5,331.0
r,0.5,331.5
r,1.0,331.5
44,1.5,332.0
39,0.5,332.5
36,0.5,333.0
44,0.5,333.5
39,0.5,333.5
36,0.5,334.0
44,0.5,334.0
44,2.5,334.5
32,2.5,334.5
r,0.5,338.0
r,1.5,338.5
r,1.5,340.0
r,1.0,341.5
r,0.5,342.5
65,1.5,343.0
63,0.25,344.5
r,0.75,344.75
55,0.25,345.5
r,0.25,345.75
56,0.25,346.0
r,0.25,346.25
53,0.25,346.5
r,0.25,346.75
58,0.25,347.0
r,0.25,347.25
51,0.25,347.5
r,0.25,347.75
r,0.5,348.0
r,0.5,348.5
70,1.5,349.0
68,0.25,350.5
r,0.75,350.75
60,0.25,351.5
r,0.25,351.75
61,0.25,352.0
r,0.25,352.25
58,0.25,352.5
r,0.25,352.75
63,0.25,353.0
r,0.25,353.25
56,0.25,353.5
r,0.5,353.75
r,0.25,354.25
r,0.5,354.5
65,1.5,355.0
63,0.25,356.5
r,0.25,356.75
65,0.25,357.0
r,0.25,357.25
67,0.25,357.5
r,0.25,357.75
56,0.25,358.0
r,0.25,358.25
53,0.25,358.5
r,0.25,358.75
58,0.25,359.0
r,0.25,359.25
51,0.25,359.5
r,0.5,359.75
r,0.25,360.25
r,0.5,360.5
70,1.5,361.0
68,0.25,362.5
r,0.25,362.75
70,0.25,363.0
r,0.25,363.25
72,0.25,363.5
r,0.25,363.75
61,0.25,364.0
r,0.25,364.25
58,0.25,364.5
r,0.25,364.75
63,0.25,365.0
r,0.25,365.25
56,0.25,365.5
r,0.25,365.75
r,0.5,366.0
r,0.5,366.5
32,0.25,367.0
r,1.25,367.25
32,0.25,368.5
r,1.25,368.75
32,0.25,370.0
r,0.5,370.25
r,0.25,370.75
32,0.25,371.0
r,0.25,371.25
32,0.5,371.5
34,0.25,372.0
r,0.25,372.25
r,0.5,372.5
34,0.25,373.0
r,1.25,373.25
34,0.25,374.5
r,1.25,374.75
34,0.25,376.0
r,0.5,376.25
r,0.25,376.75
34,0.25,377.0
r,0.25,377.25
35,0.5,377.5
36,0.25,378.0
r,0.25,378.25
r,0.5,378.5
36,0.25,379.0
r,1.25,379.25
36,0.25,380.5
r,7/12,380.75
r,1/6,1144/3
r,0.5,381.5
36,0.25,382.0
r,1.25,382.25
36,0.25,383.5
r,1.25,383.75
48,0.25,385.0
r,1.25,385.25
48,0.25,386.5
r,1.25,386.75
48,0.25,388.0
r,1.25,388.25
48,0.25,389.5
r,1.0,389.75
r,0.25,390.75
52,0.25,391.0
r,1.25,391.25
52,0.25,392.5
r,1.25,392.75
52,0.25,394.0
r,1.25,394.25
52,0.25,395.5
r,1.0,395.75
r,0.25,396.75
55,0.5,397.0
r,1.0,397.5
55,0.5,398.5
r,1.0,399.0
55,0.5,400.0
r,5/6,400.5
r,1/6,1204/3
55,0.5,401.5
r,1.0,402.0
r,0.5,403.0
55,0.5,403.5
r,0.5,404.0
r,0.5,404.5
55,0.5,405.0
r,0.25,405.5
r,0.25,405.75
r,0.5,406.0
55,0.5,406.5
r,1/3,407.0
r,1/6,1222/3
r,0.5,407.5
55,0.25,408.0
r,0.25,408.25
56,0.25,408.5
58,0.25,408.75
60,1.0,409.0
62,0.5,410.0
63,0.25,410.5
r,7/12,410.75
r,1/6,1234/3
64,1.0,411.5
65,0.25,412.5
r,0.25,412.75
62,0.25,413.0
r,0.25,413.25
63,0.25,413.5
r,7/12,413.75
r,1/6,1243/3
49,0.25,414.5
51,0.25,414.75
53,1.0,415.0
55,0.5,416.0
56,0.25,416.5
r,7/12,416.75
r,1/6,1252/3
57,1.0,417.5
58,0.25,418.5
r,0.25,418.75
55,0.25,419.0
r,0.25,419.25
44,0.25,419.5
48,0.25,419.75
49,0.25,420.0
51,0.25,420.25
53,0.25,420.5
55,0.25,420.75
56,0.25,421.0
55,0.25,421.25
56,0.25,421.5
53,0.25,421.75
58,0.25,422.0
56,0.25,422.25
55,0.25,422.5
53,0.25,422.75
51,0.25,423.0
50,0.25,423.25
48,0.25,423.5
46,0.25,423.75
44,0.25,424.0
43,0.25,424.25
44,0.25,424.5
48,0.25,424.75
46,0.25,425.0
44,0.25,425.25
43,0.25,425.5
39,0.25,425.75
43,0.25,426.0
44,0.25,426.25
46,0.25,426.5
48,0.25,426.75
49,0.25,427.0
48,0.25,427.25
49,0.25,427.5
46,0.25,427.75
51,0.25,428.0
49,0.25,428.25
48,0.25,428.5
46,0.25,428.75
44,0.25,429.0
43,0.25,429.25
41,0.25,429.5
39,0.25,429.75
37,0.25,430.0
36,0.25,430.25
37,0.25,430.5
41,0.25,430.75
39,0.25,431.0
37,0.25,431.25
36,0.25,431.5
39,0.25,431.75
44,0.25,432.0
43,0.25,432.25
41,0.25,432.5
39,0.25,432.75
37,0.25,433.0
34,0.25,433.25
37,0.25,433.5
34,0.25,433.75
39,0.25,434.0
37,0.25,434.25
36,0.25,434.5
39,0.25,434.75
44,0.25,435.0
43,0.25,435.25
41,0.25,435.5
39,0.25,435.75
37,0.25,436.0
34,0.25,436.25
37,0.25,436.5
34,0.25,436.75
39,0.25,437.0
39,0.25,437.25
32,0.25,437.5
36,0.25,437.75
39,0.25,438.0
37,0.25,438.25
36,0.25,438.5
34,0.25,438.75
32,0.25,439.0
36,0.25,439.25
39,0.25,439.5
37,0.25,439.75
36,0.25,440.0
34,0.25,440.25
32,0.25,440.5
36,0.25,440.75
39,0.25,441.0
37,0.25,441.25
36,0.25,441.5
34,0.25,441.75
32,1/3,442.0
r,1/6,1327/3
r,0.5,442.5
r,0.5,443.0
32,0.25,443.5
r,1.25,443.75
32,0.25,445.0
r,1.25,445.25
32,0.25,446.5
r,7/12,446.75
r,1/6,1342/3
32,0.25,447.5
r,0.25,447.75
32,0.5,448.0
34,0.25,448.5
r,0.25,448.75
r,0.5,449.0
34,0.25,449.5
r,1.25,449.75
34,0.25,451.0
r,1.25,451.25
34,0.25,452.5
r,7/12,452.75
r,1/6,1360/3
34,0.25,453.5
r,0.25,453.75
35,0.5,454.0
36,0.25,454.5
r,0.25,454.75
r,0.5,455.0
36,0.25,455.5
r,1.25,455.75
36,0.25,457.0
r,0.5,457.25
r,0.25,457.75
r,0.5,458.0
36,0.25,458.5
r,1.25,458.75
36,0.25,460.0
r,1.25,460.25
48,0.25,461.5
r,1.25,461.75
48,0.25,463.0
r,1.25,463.25
48,0.25,464.5
r,1.25,464.75
48,0.25,466.0
r,13/12,466.25
r,1/6,1402/3
52,0.25,467.5
r,1.25,467.75
52,0.25,469.0
r,1.25,469.25
52,0.25,470.5
r,1.25,470.75
52,0.25,472.0
r,13/12,472.25
r,1/6,1420/3
55,0.5,473.5
r,1.0,474.0
55,0.5,475.0
r,1.0,475.5
55,0.5,476.5
r,0.75,477.0
r,0.25,477.75
55,0.5,478.0
r,5/6,478.5
r,1/6,1438/3
r,0.5,479.5
55,0.5,480.0
r,0.5,480.5
r,0.5,481.0
55,0.5,481.5
r,1/3,482.0
r,1/6,1447/3
r,0.5,482.5
55,0.5,483.0
r,0.25,483.5
r,0.25,483.75
r,0.5,484.0
55,0.25,484.5
r,0.25,484.75
56,0.25,485.0
58,0.25,485.25
60,1.0,485.5
62,0.5,486.5
63,0.25,487.0
r,0.5,487.25
r,0.25,487.75
64,1.0,488.0
65,0.25,489.0
r,0.25,489.25
62,0.25,489.5
r,0.25,489.75
63,0.25,490.0
r,0.5,490.25
r,0.25,490.75
49,0.25,491.0
51,0.25,491.25
53,1.0,491.5
55,0.5,492.5
56,0.25,493.0
r,0.5,493.25
r,0.25,493.75
57,1.0,494.0
58,0.25,495.0
r,0.25,495.25
55,0.25,495.5
r,0.25,495.75
44,0.25,496.0
48,0.25,496.25
49,0.25,496.5
51,0.25,496.75
53,0.25,497.0
55,0.25,497.25
56,0.25,497.5
55,0.25,497.75
56,0.25,498.0
53,0.25,498.25
58,0.25,498.5
56,0.25,498.75
55,0.25,499.0
53,0.25,499.25
51,0.25,499.5
50,0.25,499.75
48,0.25,500.0
46,0.25,500.25
44,0.25,500.5
43,0.25,500.75
44,0.25,501.0
48,0.25,501.25
46,0.25,501.5
44,0.25,501.75
43,0.25,502.0
39,0.25,502.25
43,0.25,502.5
44,0.25,502.75
46,0.25,503.0
48,0.25,503.25
49,0.25,503.5
48,0.25,503.75
49,0.25,504.0
46,0.25,504.25
51,0.25,504.5
49,0.25,504.75
48,0.25,505.0
46,0.25,505.25
44,0.25,505.5
43,0.25,505.75
41,0.25,506.0
39,0.25,506.25
37,0.25,506.5
36,0.25,506.75
37,0.25,507.0
41,0.25,507.25
39,0.25,507.5
37,0.25,507.75
36,0.25,508.0
39,0.25,508.25
44,0.25,508.5
43,0.25,508.75
41,0.25,509.0
39,0.25,509.25
37,0.25,509.5
34,0.25,509.75
37,0.25,510.0
34,0.25,510.25
39,0.25,510.5
37,0.25,510.75
36,0.25,511.0
39,0.25,511.25
44,0.25,511.5
43,0.25,511.75
41,0.25,512.0
39,0.25,512.25
37,0.25,512.5
34,0.25,512.75
37,0.25,513.0
34,0.25,513.25
39,0.25,513.5
39,0.25,513.75
32,0.25,514.0
36,0.25,514.25
39,0.25,514.5
37,0.25,514.75
36,0.25,515.0
34,0.25,515.25
32,0.25,515.5
36,0.25,515.75
39,0.25,516.0
37,0.25,516.25
36,0.25,516.5
34,0.25,516.75
32,0.25,517.0
36,0.25,517.25
39,0.25,517.5
37,0.25,517.75
36,0.25,518.0
34,0.25,518.25
32,1/3,518.5
r,1/6,3113/6
r,0.5,519.0
r,0.5,519.5
37,1.5,520.0
36,1.5,521.5
39,1.5,523.0
37,1.5,524.5
41,1.5,526.0
42,1.0,527.5
41,0.5,528.5
42,1.0,529.0
43,0.5,530.0
44,0.5,530.5
r,1.0,531.0
37,1.5,532.0
36,1.5,533.5
39,1.5,535.0
37,1.5,536.5
41,1.5,538.0
42,1.0,539.5
41,0.5,540.5
42,1.0,541.0
43,0.5,542.0
44,0.5,542.5
r,1.0,543.0
44,1.5,544.0
46,1.5,545.5
48,1.5,547.0
49,1.5,548.5
49,1.5,550.0
51,1.5,551.5
53,1.5,553.0
54,1.5,554.5
54,1.5,556.0
56,1.5,557.5
53,1.5,559.0
54,1.5,560.5
55,1.5,562.0
56,1.5,563.5
44,1.5,565.0
r,1.0,565.0
56,0.5,566.0
49,0.5,566.5
r,0.25,567.0
r,0.75,567.25
44,1.5,568.0
46,1.5,569.5
48,1.5,571.0
49,1.5,572.5
49,1.5,574.0
51,1.5,575.5
53,1.5,577.0
54,1.5,578.5
54,1.5,580.0
56,1.5,581.5
53,1.5,583.0
54,1.5,584.5
55,1.5,586.0
56,1.5,587.5
44,1.5,589.0
r,1.0,589.0
56,0.5,590.0
49,0.5,590.5
r,0.25,591.0
r,0.25,591.25
49,0.25,591.5
51,0.25,591.75
53,1.0,592.0
55,0.5,593.0
56,0.25,593.5
r,0.25,593.75
r,0.5,594.0
56,0.25,594.5
58,0.25,594.75
60,1.0,595.0
62,0.5,596.0
63,0.75,596.5
r,0.25,597.25
r,0.25,597.5
r,0.25,597.75
65,1.5,598.0
63,0.25,599.5
r,0.75,599.75
55,0.25,600.5
r,0.25,600.75
56,0.25,601.0
r,0.25,601.25
53,0.25,601.5
r,0.25,601.75
58,0.25,602.0
r,0.25,602.25
51,0.25,602.5
r,0.25,602.75
r,0.5,603.0
r,0.5,603.5
70,1.5,604.0
68,0.25,605.5
r,0.75,605.75
60,0.25,606.5
r,0.25,606.75
61,0.25,607.0
r,0.25,607.25
58,0.25,607.5
r,0.25,607.75
63,0.25,608.0
r,0.25,608.25
56,0.25,608.5
r,0.5,608.75
r,0.25,609.25
r,0.5,609.5
65,1.5,610.0
63,0.25,611.5
r,0.25,611.75
65,0.25,612.0
r,0.25,612.25
67,0.25,612.5
r,0.25,612.75
56,0.25,613.0
r,0.25,613.25
53,0.25,613.5
r,0.25,613.75
58,0.25,614.0
r,0.25,614.25
51,0.25,614.5
r,0.5,614.75
r,0.25,615.25
r,0.5,615.5
70,1.5,616.0
68,0.25,617.5
r,0.25,617.75
70,0.25,618.0
r,0.25,618.25
72,0.25,618.5
r,0.25,618.75
61,0.25,619.0
r,0.25,619.25
58,0.25,619.5
r,0.25,619.75
63,0.25,620.0
r,0.25,620.25
56,0.25,620.5
r,0.25,620.75
r,0.5,621.0
r,0.5,621.5
32,0.25,622.0
r,0.25,622.25
44,0.25,622.5
r,0.75,622.75
32,0.25,623.5
r,0.25,623.75
44,0.25,624.0
r,0.75,624.25
32,0.25,625.0
r,0.25,625.25
44,0.25,625.5
r,0.25,625.75
32,0.25,626.0
r,0.25,626.25
32,0.5,626.5
34,0.25,627.0
r,0.25,627.25
r,0.5,627.5
34,0.25,628.0
r,1.25,628.25
34,0.25,629.5
r,1.25,629.75
34,0.25,631.0
r,0.5,631.25
r,0.25,631.75
34,0.25,632.0
r,0.25,632.25
35,0.5,632.5
36,0.25,633.0
r,0.25,633.25
r,0.5,633.5
36,0.25,634.0
r,1.25,634.25
36,0.25,635.5
r,7/12,635.75
r,1/6,1909/3
r,0.5,636.5
36,0.25,637.0
r,1.25,637.25
36,0.25,638.5
r,1.25,638.75
48,0.25,640.0
r,1.25,640.25
48,0.25,641.5
r,1.25,641.75
48,0.25,643.0
r,1.25,643.25
48,0.25,644.5
r,1.0,644.75
r,0.25,645.75
52,0.25,646.0
r,1.25,646.25
52,0.25,647.5
r,1.25,647.75
52,0.25,649.0
r,1.25,649.25
52,0.25,650.5
r,1.0,650.75
r,0.25,651.75
55,0.5,652.0
r,1.0,652.5
55,0.5,653.5
r,1.0,654.0
55,0.5,655.0
r,5/6,655.5
r,1/6,1969/3
55,0.5,656.5
r,1.0,657.0
r,0.5,658.0
55,0.5,658.5
r,0.5,659.0
r,0.5,659.5
55,0.5,660.0
r,0.25,660.5
r,0.25,660.75
r,0.5,661.0
55,0.5,661.5
r,1/3,662.0
r,1/6,1987/3
r,0.5,662.5
55,0.25,663.0
r,0.25,663.25
56,0.25,663.5
58,0.25,663.75
60,1.0,664.0
62,0.5,665.0
63,0.25,665.5
r,7/12,665.75
r,1/6,1999/3
64,1.0,666.5
65,0.25,667.5
r,0.25,667.75
62,0.25,668.0
r,0.25,668.25
63,0.25,668.5
r,7/12,668.75
r,1/6,2008/3
49,0.25,669.5
51,0.25,669.75
53,1.0,670.0
55,0.5,671.0
56,0.25,671.5
r,7/12,671.75
r,1/6,2017/3
57,1.0,672.5
58,0.25,673.5
r,0.25,673.75
55,0.25,674.0
r,0.25,674.25
44,0.25,674.5
48,0.25,674.75
49,0.25,675.0
51,0.25,675.25
53,0.25,675.5
55,0.25,675.75
56,0.25,676.0
55,0.25,676.25
56,0.25,676.5
53,0.25,676.75
58,0.25,677.0
56,0.25,677.25
55,0.25,677.5
53,0.25,677.75
51,0.25,678.0
50,0.25,678.25
48,0.25,678.5
46,0.25,678.75
44,0.25,679.0
43,0.25,679.25
44,0.25,679.5
48,0.25,679.75
46,0.25,680.0
44,0.25,680.25
43,0.25,680.5
39,0.25,680.75
43,0.25,681.0
44,0.25,681.25
46,0.25,681.5
48,0.25,681.75
49,0.25,682.0
48,0.25,682.25
49,0.25,682.5
46,0.25,682.75
51,0.25,683.0
49,0.25,683.25
48,0.25,683.5
46,0.25,683.75
44,0.25,684.0
43,0.25,684.25
41,0.25,684.5
39,0.25,684.75
37,0.25,685.0
36,0.25,685.25
37,0.25,685.5
41,0.25,685.75
39,0.25,686.0
37,0.25,686.25
36,0.25,686.5
39,0.25,686.75
44,0.25,687.0
43,0.25,687.25
41,0.25,687.5
39,0.25,687.75
37,0.25,688.0
34,0.25,688.25
37,0.25,688.5
34,0.25,688.75
39,0.25,689.0
37,0.25,689.25
36,0.25,689.5
39,0.25,689.75
44,0.25,690.0
43,0.25,690.25
41,0.25,690.5
39,0.25,690.75
37,0.25,691.0
34,0.25,691.25
37,0.25,691.5
34,0.25,691.75
39,0.25,692.0
39,0.25,692.25
32,0.25,692.5
36,0.25,692.75
39,0.25,693.0
37,0.25,693.25
36,0.25,693.5
34,0.25,693.75
32,0.25,694.0
36,0.25,694.25
39,0.25,694.5
37,0.25,694.75
36,0.25,695.0
34,0.25,695.25
32,0.25,695.5
36,0.25,695.75
39,0.25,696.0
37,0.25,696.25
36,0.25,696.5
34,0.25,696.75
32,0.25,697.0
r,0.75,697.25
r,0.5,698.0
r,1.5,698.5
r,1.5,700.0
r,1.5,701.5
r,2.0,703.0
r,1.75,705.0
r,0.25,706.75
32,2.0,707.0
32,2.0,709.0
39,0.5,711.0
r,0.25,711.5
39,0.25,711.75
43,0.5,712.0
r,0.25,712.5
46,0.25,712.75
51,2/3,713.0
r,1/3,2141/3
49,0.75,714.0
49,0.25,714.75
47,1.0,715.0
44,0.75,716.0
44,0.25,716.75
43,1.0,717.0
44,0.75,718.0
44,0.25,718.75
39,0.75,719.0
r,0.25,719.75
39,0.75,720.0
r,0.25,720.75
39,0.75,721.0
r,0.25,721.75
r,0.75,722.0
r,0.25,722.75
32,2.0,723.0
32,1.75,725.0
r,0.25,726.75
39,0.5,727.0
r,0.25,727.5
39,0.25,727.75
42,0.5,728.0
r,0.25,728.5
46,0.25,728.75
51,2/3,729.0
r,1/3,2189/3
47,0.75,730.0
47,0.25,730.75
44,1.0,731.0
40,0.75,732.0
40,0.25,732.75
42,1.0,733.0
30,0.75,734.0
30,0.25,734.75
35,0.75,735.0
r,0.25,735.75
35,0.75,736.0
r,0.25,736.75
35,0.75,737.0
r,0.25,737.75
r,0.75,738.0
r,0.25,738.75
35,2.0,739.0
35,2.0,741.0
30,0.75,743.0
30,0.25,743.75
34,0.75,744.0
37,0.25,744.75
42,2/3,745.0
r,1/3,2237/3
40,0.75,746.0
40,0.25,746.75
38,1.0,747.0
35,0.75,748.0
35,0.25,748.75
34,1.0,749.0
35,0.75,750.0
35,0.25,750.75
30,0.75,751.0
r,0.25,751.75
30,0.75,752.0
r,0.25,752.75
30,0.75,753.0
r,0.25,753.75
r,0.75,754.0
r,0.25,754.75
35,2.0,755.0
35,2.0,757.0
40,0.75,759.0
40,0.25,759.75
43,0.75,760.0
47,0.25,760.75
52,2/3,761.0
r,1/3,2285/3
43,0.75,762.0
43,0.25,762.75
45,1.0,763.0
45,0.75,764.0
45,0.25,764.75
45,1.0,765.0
45,0.75,766.0
45,0.25,766.75
38,0.75,767.0
r,0.25,767.75
38,0.75,768.0
r,0.25,768.75
38,0.75,769.0
r,0.25,769.75
50,0.75,770.0
50,0.25,770.75
50,1.0,771.0
50,1.0,772.0
50,1.0,773.0
50,1.0,774.0
51,1/3,775.0
r,5/12,2326/3
50,0.25,775.75
50,1.0,776.0
50,1.0,777.0
50,0.75,778.0
50,0.25,778.75
51,0.5,779.0
r,0.25,779.5
50,0.25,779.75
50,0.5,780.0
r,0.25,780.5
50,0.25,780.75
50,0.5,781.0
r,0.25,781.5
50,0.25,781.75
50,0.5,782.0
r,0.25,782.5
50,0.25,782.75
51,1/3,783.0
r,5/12,2350/3
r,1.25,783.75
r,1.0,785.0
r,0.5,786.0
r,0.25,786.5
r,0.25,786.75
32,2.0,787.0
32,2.0,789.0
39,0.5,791.0
r,0.25,791.5
39,0.25,791.75
43,0.5,792.0
r,0.25,792.5
46,0.25,792.75
51,2/3,793.0
r,1/3,2381/3
49,0.75,794.0
49,0.25,794.75
47,0.25,795.0
49,0.25,795.0
47,0.25,795.25
49,0.25,795.25
47,0.25,795.5
49,0.25,795.5
47,0.25,795.75
49,0.25,795.75
47,1/3,796.0
49,1/3,796.0
47,0.25,2389/3
46,0.25,2389/3
r,1/6,9559/12
44,0.25,796.75
43,1.0,797.0
44,0.75,798.0
44,0.25,798.75
39,0.75,799.0
r,0.25,799.75
39,0.75,800.0
r,0.25,800.75
39,0.75,801.0
r,0.25,801.75
r,0.75,802.0
r,0.25,802.75
32,2.0,803.0
32,2.0,805.0
37,0.75,807.0
37,0.25,807.75
40,0.75,808.0
44,0.25,808.75
49,2/3,809.0
r,1/12,2429/3
r,0.25,809.75
r,0.75,810.0
r,0.25,810.75
r,0.75,811.0
33,0.25,811.75
37,0.75,812.0
40,0.25,812.75
45,0.75,813.0
r,0.25,813.75
r,0.75,814.0
r,0.25,814.75
r,0.75,815.0
43,0.25,815.75
46,0.75,816.0
51,0.25,816.75
55,0.5,817.0
r,0.25,817.5
r,0.25,817.75
43,0.5,818.0
r,0.25,818.5
r,0.25,818.75
44,0.5,819.0
r,1.5,819.5
37,0.5,821.0
r,0.5,821.5
39,0.5,822.0
r,0.5,822.5
32,0.5,823.0
r,0.25,823.5
r,0.25,823.75
32,0.5,824.0
r,0.25,824.5
r,0.25,824.75
32,2/3,825.0
r,1/3,2477/3
r,1.0,826.0
32,0.25,827.0
32,0.25,827.25
32,0.25,827.5
32,0.25,827.75
32,0.25,828.0
32,0.25,828.25
32,0.25,828.5
32,0.25,828.75
32,0.25,829.0
r,0.5,829.25
56,0.25,829.75
60,0.25,830.0
r,0.75,830.25
32,0.25,831.0
32,0.25,831.25
32,0.25,831.5
32,0.25,831.75
32,0.25,832.0
32,0.25,832.25
32,0.25,832.5
32,0.25,832.75
32,0.25,833.0
r,0.5,833.25
56,0.25,833.75
60,0.25,834.0
r,0.75,834.25
46,0.25,835.0
34,0.25,835.0
r,0.5,835.25
63,0.25,835.75
r,1.0,836.0
46,0.25,837.0
34,0.25,837.0
r,0.5,837.25
62,0.25,837.75
r,0.75,838.0
46,0.25,838.75
51,0.25,839.0
r,0.75,839.25
39,0.25,840.0
r,0.75,840.25
39,0.25,841.0
r,1.75,841.25
32,0.25,843.0
32,0.25,843.25
32,0.25,843.5
32,0.25,843.75
32,0.25,844.0
32,0.25,844.25
32,0.25,844.5
32,0.25,844.75
32,0.25,845.0
r,0.5,845.25
56,0.25,845.75
60,0.25,846.0
r,0.75,846.25
32,0.25,847.0
32,0.25,847.25
32,0.25,847.5
32,0.25,847.75
32,0.25,848.0
32,0.25,848.25
32,0.25,848.5
32,0.25,848.75
32,0.25,849.0
r,0.5,849.25
56,0.25,849.75
60,0.25,850.0
r,0.75,850.25
34,0.25,851.0
46,0.25,851.0
r,0.5,851.25
63,0.25,851.75
r,1.0,852.0
34,0.25,853.0
46,0.25,853.0
r,0.5,853.25
62,0.25,853.75
r,0.75,854.0
46,0.25,854.75
51,0.25,855.0
r,0.75,855.25
39,0.25,856.0
r,0.75,856.25
39,0.25,857.0
r,1.25,857.25
r,0.5,858.5
39,0.25,859.0
39,0.25,859.25
39,0.25,859.5
39,0.25,859.75
39,0.25,860.0
39,0.25,860.25
39,0.25,860.5
39,0.25,860.75
39,0.25,861.0
r,0.5,861.25
55,0.25,861.75
58,0.25,862.0
r,0.75,862.25
39,0.25,863.0
39,0.25,863.25
39,0.25,863.5
39,0.25,863.75
39,0.25,864.0
39,0.25,864.25
39,0.25,864.5
39,0.25,864.75
39,0.25,865.0
r,0.5,865.25
67,0.25,865.75
70,0.25,866.0
r,0.75,866.25
44,0.25,867.0
32,0.25,867.0
r,0.5,867.25
68,0.25,867.75
r,1.0,868.0
39,0.25,869.0
27,0.25,869.0
r,0.5,869.25
67,0.25,869.75
r,1.0,870.0
56,0.25,871.0
r,0.75,871.25
44,0.25,872.0
r,0.5,872.25
r,0.25,872.75
32,0.25,873.0
r,1.75,873.25
39,0.25,875.0
39,0.25,875.25
39,0.25,875.5
39,0.25,875.75
39,0.25,876.0
39,0.25,876.25
39,0.25,876.5
39,0.25,876.75
39,0.25,877.0
r,1.75,877.25
39,0.25,879.0
39,0.25,879.25
39,0.25,879.5
39,0.25,879.75
39,0.25,880.0
39,0.25,880.25
39,0.25,880.5
39,0.25,880.75
39,0.25,881.0
r,0.5,881.25
67,0.25,881.75
70,0.25,882.0
r,0.75,882.25
32,0.25,883.0
44,0.25,883.0
r,0.5,883.25
68,0.25,883.75
r,1.0,884.0
27,0.25,885.0
39,0.25,885.0
r,0.5,885.25
67,0.25,885.75
r,1.0,886.0
56,0.25,887.0
r,0.75,887.25
44,0.25,888.0
r,0.5,888.25
r,0.25,888.75
32,0.25,889.0
r,0.25,889.25
r,0.5,889.5
r,0.75,890.0
r,0.25,890.75
32,2.0,891.0
32,2.0,893.0
39,0.5,895.0
r,0.25,895.5
39,0.25,895.75
43,0.5,896.0
r,0.25,896.5
46,0.25,896.75
51,2/3,897.0
r,1/3,2693/3
49,0.75,898.0
49,0.25,898.75
47,1.0,899.0
44,0.75,900.0
44,0.25,900.75
43,1.0,901.0
44,0.75,902.0
44,0.25,902.75
39,0.75,903.0
r,0.25,903.75
39,0.75,904.0
r,0.25,904.75
39,0.75,905.0
r,0.25,905.75
r,0.75,906.0
r,0.25,906.75
32,2.0,907.0
32,1.75,909.0
r,0.25,910.75
39,0.5,911.0
r,0.25,911.5
39,0.25,911.75
42,0.5,912.0
r,0.25,912.5
46,0.25,912.75
51,2/3,913.0
r,1/3,2741/3
47,0.75,914.0
47,0.25,914.75
44,1.0,915.0
40,0.75,916.0
40,0.25,916.75
42,1.0,917.0
30,0.75,918.0
30,0.25,918.75
35,0.75,919.0
r,0.25,919.75
35,0.75,920.0
r,0.25,920.75
35,0.75,921.0
r,0.25,921.75
r,0.75,922.0
r,0.25,922.75
35,2.0,923.0
35,2.0,925.0
30,0.75,927.0
30,0.25,927.75
34,0.75,928.0
37,0.25,928.75
42,2/3,929.0
r,1/3,2789/3
40,0.75,930.0
40,0.25,930.75
38,1.0,931.0
35,0.75,932.0
35,0.25,932.75
34,1.0,933.0
35,0.75,934.0
35,0.25,934.75
30,0.75,935.0
r,0.25,935.75
30,0.75,936.0
r,0.25,936.75
30,0.75,937.0
r,0.25,937.75
r,0.75,938.0
r,0.25,938.75
35,2.0,939.0
35,2.0,941.0
40,0.75,943.0
40,0.25,943.75
43,0.75,944.0
47,0.25,944.75
52,2/3,945.0
r,1/3,2837/3
43,0.75,946.0
43,0.25,946.75
45,1.0,947.0
45,0.75,948.0
45,0.25,948.75
45,1.0,949.0
45,0.75,950.0
45,0.25,950.75
38,0.75,951.0
r,0.25,951.75
38,0.75,952.0
r,0.25,952.75
38,0.75,953.0
r,0.25,953.75
50,0.75,954.0
50,0.25,954.75
50,1.0,955.0
50,1.0,956.0
50,1.0,957.0
50,1.0,958.0
51,1/3,959.0
r,5/12,2878/3
50,0.25,959.75
50,1.0,960.0
50,1.0,961.0
50,0.75,962.0
50,0.25,962.75
51,0.5,963.0
r,0.25,963.5
50,0.25,963.75
50,0.5,964.0
r,0.25,964.5
50,0.25,964.75
50,0.5,965.0
r,0.25,965.5
50,0.25,965.75
50,0.5,966.0
r,0.25,966.5
50,0.25,966.75
51,1/3,967.0
r,5/12,2902/3
r,1.25,967.75
r,1.0,969.0
r,0.5,970.0
r,0.25,970.5
r,0.25,970.75
32,2.0,971.0
32,2.0,973.0
39,0.5,975.0
r,0.25,975.5
39,0.25,975.75
43,0.5,976.0
r,0.25,976.5
46,0.25,976.75
51,2/3,977.0
r,1/3,2933/3
49,0.75,978.0
49,0.25,978.75
47,0.25,979.0
49,0.25,979.0
47,0.25,979.25
49,0.25,979.25
47,0.25,979.5
49,0.25,979.5
47,0.25,979.75
49,0.25,979.75
47,1/3,980.0
49,1/3,980.0
47,0.25,2941/3
46,0.25,2941/3
r,1/6,11767/12
44,0.25,980.75
43,1.0,981.0
44,0.75,982.0
44,0.25,982.75
39,0.75,983.0
r,0.25,983.75
39,0.75,984.0
r,0.25,984.75
39,0.75,985.0
r,0.25,985.75
r,0.75,986.0
r,0.25,986.75
32,2.0,987.0
32,2.0,989.0
37,0.75,991.0
37,0.25,991.75
40,0.75,992.0
44,0.25,992.75
49,2/3,993.0
r,1/12,2981/3
r,0.25,993.75
r,0.75,994.0
r,0.25,994.75
r,0.75,995.0
33,0.25,995.75
37,0.75,996.0
40,0.25,996.75
45,0.75,997.0
r,0.25,997.75
r,0.75,998.0
r,0.25,998.75
r,0.75,999.0
43,0.25,999.75
46,0.75,1000.0
51,0.25,1000.75
55,0.5,1001.0
r,0.25,1001.5
r,0.25,1001.75
43,0.5,1002.0
r,0.25,1002.5
r,0.25,1002.75
44,0.5,1003.0
r,1.5,1003.5
37,0.5,1005.0
r,0.5,1005.5
39,0.5,1006.0
r,0.5,1006.5
32,0.5,1007.0
r,0.5,1007.5
44,0.75,1008.0
44,0.25,1008.75
44,1.0,1009.0
44,1.0,1010.0
44,1.0,1011.0
44,1.0,1012.0
44,1.0,1013.0
44,1.0,1014.0
44,1.0,1015.0
44,0.75,1016.0
44,0.25,1016.75
44,1.0,1017.0
44,1.0,1018.0
44,1.0,1019.0
44,1.0,1020.0
44,1.0,1021.0
44,1.0,1022.0
44,1.0,1023.0
44,0.75,1024.0
44,0.25,1024.75
44,1.0,1025.0
44,0.75,1026.0
44,0.25,1026.75
44,4.0,1027.0
r,1.0,1027.0
32,0.75,1028.0
32,0.25,1028.75
32,1.0,1029.0
32,0.75,1030.0
32,0.25,1030.75
32,1.0,1031.0
32,0.75,1032.0
32,0.25,1032.75
32,1.0,1033.0
32,0.75,1034.0
32,0.25,1034.75
32,4.0,1035.0
r,2.0,1039.0
r,2.0,1041.0
r,2.0,1043.0
r,1.75,1045.0
r,0.25,1046.75
51,4.0,1047.0
r,1.0,1047.0
61,0.5,1048.0
60,0.5,1048.5
58,0.5,1049.0
56,0.5,1049.5
55,0.5,1050.0
53,0.5,1050.5
51,0.5,1051.0
49,0.5,1051.5
48,0.5,1052.0
44,0.5,1052.5
51,0.25,1053.0
r,0.25,1053.25
39,0.25,1053.5
r,0.25,1053.75
63,0.5,1054.0
65,0.5,1054.5
61,0.5,1055.0
63,0.5,1055.5
60,0.5,1056.0
61,0.5,1056.5
58,0.5,1057.0
60,0.5,1057.5
56,0.5,1058.0
58,0.5,1058.5
55,1/3,1059.0
r,5/12,3178/3
r,0.25,1059.75
55,0.5,1060.0
56,0.5,1060.5
58,0.5,1061.0
60,0.5,1061.5
61,0.5,1062.0
62,0.5,1062.5
63,0.5,1063.0
63,0.5,1063.5
63,0.5,1064.0
63,0.5,1064.5
56,0.25,1065.0
r,0.25,1065.25
44,0.25,1065.5
r,0.25,1065.75
58,0.5,1066.0
55,0.5,1066.5
52,0.5,1067.0
48,0.5,1067.5
50,0.5,1068.0
52,0.5,1068.5
53,0.5,1069.0
56,0.5,1069.5
46,0.5,1070.0
50,0.5,1070.5
53,0.5,1071.0
57,0.5,1071.5
56,0.5,1072.0
53,0.5,1072.5
55,0.5,1073.0
51,0.5,1073.5
61,0.5,1074.0
58,0.5,1074.5
55,0.5,1075.0
51,0.5,1075.5
53,0.5,1076.0
55,0.5,1076.5
56,0.5,1077.0
44,0.5,1077.5
46,0.5,1078.0
48,0.5,1078.5
49,0.5,1079.0
46,0.5,1079.5
51,0.5,1080.0
39,0.5,1080.5
44,0.25,1081.0
r,0.25,1081.25
32,0.25,1081.5
r,0.25,1081.75
48,0.5,1082.0
52,0.5,1082.5
55,0.5,1083.0
59,0.5,1083.5
58,0.5,1084.0
55,0.5,1084.5
56,0.5,1085.0
53,0.5,1085.5
68,0.5,1086.0
65,0.5,1086.5
62,0.5,1087.0
58,0.5,1087.5
60,0.5,1088.0
62,0.5,1088.5
63,0.5,1089.0
67,0.5,1089.5
39,0.5,1090.0
43,0.5,1090.5
46,0.5,1091.0
50,0.5,1091.5
49,0.5,1092.0
46,0.5,1092.5
48,0.5,1093.0
44,0.5,1093.5
43,0.5,1094.0
44,0.5,1094.5
41,0.5,1095.0
37,0.5,1095.5
39,0.5,1096.0
39,0.5,1096.5
32,0.25,1097.0
r,0.25,1097.25
44,0.25,1097.5
r,0.25,1097.75
60,0.5,1098.0
61,0.5,1098.5
58,0.5,1099.0
60,0.5,1099.5
56,0.5,1100.0
58,0.5,1100.5
55,0.25,1101.0
r,0.5,1101.25
r,0.25,1101.75
63,0.5,1102.0
60,0.5,1102.5
62,0.5,1103.0
59,0.5,1103.5
60,0.5,1104.0
57,0.5,1104.5
58,0.25,1105.0
r,0.25,1105.25
46,0.25,1105.5
r,0.25,1105.75
56,0.5,1106.0
53,0.5,1106.5
56,0.5,1107.0
53,0.5,1107.5
56,0.5,1108.0
53,0.5,1108.5
56,0.5,1109.0
53,0.5,1109.5
56,0.5,1110.0
53,0.5,1110.5
56,0.5,1111.0
53,0.5,1111.5
56,0.5,1112.0
53,0.5,1112.5
56,0.5,1113.0
53,0.5,1113.5
r,0.5,1114.0
46,0.25,1114.5
58,0.25,1114.5
r,0.25,1114.75
r,0.5,1115.0
50,0.25,1115.5
62,0.25,1115.5
r,0.75,1115.75
53,0.25,1116.5
65,0.25,1116.5
r,0.25,1116.75
50,0.25,1117.0
62,0.25,1117.0
r,0.25,1117.25
46,0.25,1117.5
58,0.25,1117.5
r,0.25,1117.75
r,0.5,1118.0
34,0.25,1118.5
46,0.25,1118.5
r,0.25,1118.75
r,0.5,1119.0
38,0.25,1119.5
50,0.25,1119.5
r,0.75,1119.75
41,0.25,1120.5
53,0.25,1120.5
r,0.25,1120.75
38,0.25,1121.0
50,0.25,1121.0
r,0.25,1121.25
34,0.25,1121.5
46,0.25,1121.5
r,0.25,1121.75
r,0.5,1122.0
53,0.25,1122.5
65,0.25,1122.5
r,0.25,1122.75
50,0.25,1123.0
62,0.25,1123.0
r,0.25,1123.25
46,0.25,1123.5
58,0.25,1123.5
r,0.25,1123.75
r,0.5,1124.0
34,0.25,1124.5
46,0.25,1124.5
r,0.25,1124.75
39,0.25,1125.0
51,0.25,1125.0
r,0.25,1125.25
43,1.5,1125.5
31,1.5,1125.5
44,1.0,1127.0
32,1.0,1127.0
46,1.0,1128.0
34,1.0,1128.0
48,0.25,1129.0
36,0.25,1129.0
r,0.25,1129.25
31,1.5,1129.5
43,1.5,1129.5
32,1.0,1131.0
44,1.0,1131.0
34,1.0,1132.0
46,1.0,1132.0
36,0.25,1133.0
48,0.25,1133.0
r,0.25,1133.25
43,1.5,1133.5
31,1.5,1133.5
44,1.0,1135.0
32,1.0,1135.0
46,1.0,1136.0
34,1.0,1136.0
39,2.0,1137.0
r,0.5,1137.0
51,1.5,1137.5
39,2.0,1139.0
r,0.5,1139.0
51,1.5,1139.5
39,2.0,1141.0
r,0.5,1141.0
51,1.5,1141.5
39,2.0,1143.0
51,2.0,1143.0
39,2.0,1145.0
51,2.0,1145.0
39,2.0,1147.0
51,4.0,1147.0
51,2.0,1149.0
51,4.0,1151.0
r,1.0,1151.0
61,0.5,1152.0
60,0.5,1152.5
58,0.5,1153.0
56,0.5,1153.5
55,0.5,1154.0
53,0.5,1154.5
51,0.5,1155.0
49,0.5,1155.5
48,0.5,1156.0
44,0.5,1156.5
51,0.25,1157.0
r,0.25,1157.25
39,0.25,1157.5
r,0.25,1157.75
63,0.5,1158.0
65,0.5,1158.5
61,0.5,1159.0
63,0.5,1159.5
60,0.5,1160.0
61,0.5,1160.5
58,0.5,1161.0
60,0.5,1161.5
56,0.5,1162.0
58,0.5,1162.5
55,1/3,1163.0
r,5/12,3490/3
r,0.25,1163.75
55,0.5,1164.0
56,0.5,1164.5
58,0.5,1165.0
60,0.5,1165.5
61,0.5,1166.0
62,0.5,1166.5
63,0.5,1167.0
63,0.5,1167.5
63,0.5,1168.0
63,0.5,1168.5
56,0.25,1169.0
r,0.25,1169.25
44,0.25,1169.5
r,0.25,1169.75
58,0.5,1170.0
55,0.5,1170.5
52,0.5,1171.0
48,0.5,1171.5
50,0.5,1172.0
52,0.5,1172.5
53,0.5,1173.0
56,0.5,1173.5
46,0.5,1174.0
50,0.5,1174.5
53,0.5,1175.0
57,0.5,1175.5
56,0.5,1176.0
53,0.5,1176.5
55,0.5,1177.0
51,0.5,1177.5
61,0.5,1178.0
58,0.5,1178.5
55,0.5,1179.0
51,0.5,1179.5
53,0.5,1180.0
55,0.5,1180.5
56,0.5,1181.0
44,0.5,1181.5
46,0.5,1182.0
48,0.5,1182.5
49,0.5,1183.0
46,0.5,1183.5
51,0.5,1184.0
39,0.5,1184.5
44,0.25,1185.0
r,0.25,1185.25
32,0.25,1185.5
r,0.25,1185.75
48,0.5,1186.0
52,0.5,1186.5
55,0.5,1187.0
59,0.5,1187.5
58,0.5,1188.0
55,0.5,1188.5
56,0.5,1189.0
53,0.5,1189.5
68,0.5,1190.0
65,0.5,1190.5
62,0.5,1191.0
58,0.5,1191.5
60,0.5,1192.0
62,0.5,1192.5
63,0.5,1193.0
67,0.5,1193.5
39,0.5,1194.0
43,0.5,1194.5
46,0.5,1195.0
50,0.5,1195.5
49,0.5,1196.0
46,0.5,1196.5
48,0.5,1197.0
44,0.5,1197.5
43,0.5,1198.0
44,0.5,1198.5
41,0.5,1199.0
37,0.5,1199.5
39,0.5,1200.0
39,0.5,1200.5
32,0.25,1201.0
r,0.25,1201.25
44,0.25,1201.5
r,0.25,1201.75
36,0.5,1202.0
36,0.5,1202.5
36,0.5,1203.0
36,0.5,1203.5
36,0.5,1204.0
36,0.5,1204.5
36,0.5,1205.0
36,0.5,1205.5
36,0.5,1206.0
36,0.5,1206.5
36,0.5,1207.0
36,0.5,1207.5
36,0.25,1208.0
r,0.25,1208.25
31,0.25,1208.5
r,0.25,1208.75
36,0.25,1209.0
r,0.25,1209.25
36,0.5,1209.5
36,0.5,1210.0
36,0.5,1210.5
36,0.5,1211.0
36,0.5,1211.5
36,0.5,1212.0
36,0.5,1212.5
36,0.5,1213.0
36,0.5,1213.5
36,0.5,1214.0
36,0.5,1214.5
36,0.5,1215.0
36,0.5,1215.5
38,0.25,1216.0
r,0.25,1216.25
38,0.25,1216.5
r,0.25,1216.75
31,0.25,1217.0
r,0.25,1217.25
31,0.5,1217.5
36,0.5,1218.0
36,0.5,1218.5
36,0.5,1219.0
36,0.5,1219.5
36,0.5,1220.0
36,0.5,1220.5
36,0.5,1221.0
36,0.5,1221.5
36,0.5,1222.0
36,0.5,1222.5
36,0.5,1223.0
36,0.5,1223.5
36,0.25,1224.0
r,0.25,1224.25
31,0.25,1224.5
r,0.25,1224.75
36,0.25,1225.0
r,0.25,1225.25
36,0.5,1225.5
36,0.5,1226.0
36,0.5,1226.5
36,0.5,1227.0
36,0.5,1227.5
36,0.5,1228.0
36,0.5,1228.5
36,0.5,1229.0
36,0.5,1229.5
36,0.5,1230.0
36,0.5,1230.5
36,0.5,1231.0
36,0.5,1231.5
38,0.25,1232.0
r,0.25,1232.25
38,0.25,1232.5
r,0.25,1232.75
31,0.25,1233.0
r,0.25,1233.25
31,0.5,1233.5
43,0.5,1234.0
43,0.5,1234.5
43,0.5,1235.0
43,0.5,1235.5
43,0.5,1236.0
38,0.25,1236.5
r,0.25,1236.75
43,0.25,1237.0
r,0.25,1237.25
43,0.5,1237.5
43,0.5,1238.0
41,0.5,1238.5
40,0.5,1239.0
41,0.5,1239.5
40,0.5,1240.0
36,0.25,1240.5
r,0.25,1240.75
41,0.25,1241.0
r,0.25,1241.25
41,0.5,1241.5
41,0.5,1242.0
41,0.5,1242.5
41,0.5,1243.0
41,0.5,1243.5
41,0.5,1244.0
36,0.25,1244.5
r,0.25,1244.75
41,0.25,1245.0
r,0.25,1245.25
41,0.5,1245.5
41,0.5,1246.0
39,0.5,1246.5
38,0.5,1247.0
39,0.5,1247.5
38,0.5,1248.0
34,0.25,1248.5
r,0.25,1248.75
39,0.25,1249.0
r,0.25,1249.25
39,0.5,1249.5
r,1.0,1250.0
r,2.0,1251.0
r,2.0,1253.0
r,2.0,1255.0
r,0.25,1257.0
r,0.25,1257.25
r,0.25,1257.5
r,0.25,1257.75
r,0.25,1258.0
r,0.75,1258.25
r,2.0,1259.0
r,1.75,1261.0
r,0.25,1262.75
51,4.0,1263.0
r,1.0,1263.0
61,0.5,1264.0
60,0.5,1264.5
58,0.5,1265.0
56,0.5,1265.5
55,0.5,1266.0
53,0.5,1266.5
51,0.5,1267.0
49,0.5,1267.5
48,0.5,1268.0
44,0.5,1268.5
51,0.25,1269.0
r,0.25,1269.25
39,0.25,1269.5
r,0.25,1269.75
63,0.5,1270.0
65,0.5,1270.5
61,0.5,1271.0
63,0.5,1271.5
60,0.5,1272.0
61,0.5,1272.5
58,0.5,1273.0
60,0.5,1273.5
56,0.5,1274.0
58,0.5,1274.5
55,1/3,1275.0
r,5/12,3826/3
r,0.25,1275.75
55,0.5,1276.0
56,0.5,1276.5
58,0.5,1277.0
60,0.5,1277.5
61,0.5,1278.0
62,0.5,1278.5
63,0.5,1279.0
63,0.5,1279.5
63,0.5,1280.0
63,0.5,1280.5
56,0.25,1281.0
r,0.25,1281.25
44,0.25,1281.5
r,0.25,1281.75
58,0.5,1282.0
55,0.5,1282.5
52,0.5,1283.0
48,0.5,1283.5
50,0.5,1284.0
52,0.5,1284.5
53,0.5,1285.0
56,0.5,1285.5
46,0.5,1286.0
50,0.5,1286.5
53,0.5,1287.0
57,0.5,1287.5
56,0.5,1288.0
53,0.5,1288.5
55,0.5,1289.0
51,0.5,1289.5
61,0.5,1290.0
58,0.5,1290.5
55,0.5,1291.0
51,0.5,1291.5
53,0.5,1292.0
55,0.5,1292.5
56,0.5,1293.0
44,0.5,1293.5
46,0.5,1294.0
48,0.5,1294.5
49,0.5,1295.0
46,0.5,1295.5
51,0.5,1296.0
39,0.5,1296.5
44,0.25,1297.0
r,0.25,1297.25
32,0.25,1297.5
r,0.25,1297.75
48,0.5,1298.0
52,0.5,1298.5
55,0.5,1299.0
59,0.5,1299.5
58,0.5,1300.0
55,0.5,1300.5
56,0.5,1301.0
53,0.5,1301.5
68,0.5,1302.0
65,0.5,1302.5
62,0.5,1303.0
58,0.5,1303.5
60,0.5,1304.0
62,0.5,1304.5
63,0.5,1305.0
67,0.5,1305.5
39,0.5,1306.0
43,0.5,1306.5
46,0.5,1307.0
50,0.5,1307.5
49,0.5,1308.0
46,0.5,1308.5
48,0.5,1309.0
44,0.5,1309.5
43,0.5,1310.0
44,0.5,1310.5
41,0.5,1311.0
37,0.5,1311.5
39,0.5,1312.0
39,0.5,1312.5
32,0.25,1313.0
r,0.25,1313.25
44,0.25,1313.5
r,0.25,1313.75
60,0.5,1314.0
61,0.5,1314.5
58,0.5,1315.0
60,0.5,1315.5
56,0.5,1316.0
58,0.5,1316.5
51,0.25,1317.0
r,0.25,1317.25
51,0.25,1317.5
39,0.25,1317.5
r,0.25,1317.75
63,0.5,1318.0
60,0.5,1318.5
62,0.5,1319.0
59,0.5,1319.5
60,0.5,1320.0
57,0.5,1320.5
58,0.25,1321.0
r,0.25,1321.25
58,0.25,1321.5
46,0.25,1321.5
r,0.25,1321.75
61,0.5,1322.0
63,0.5,1322.5
60,0.5,1323.0
61,0.5,1323.5
58,0.5,1324.0
60,0.5,1324.5
53,0.25,1325.0
r,0.25,1325.25
53,0.25,1325.5
41,0.25,1325.5
r,0.25,1325.75
65,0.5,1326.0
62,0.5,1326.5
63,0.5,1327.0
60,0.5,1327.5
62,0.5,1328.0
59,0.5,1328.5
60,0.25,1329.0
r,0.25,1329.25
45,0.25,1329.5
r,0.25,1329.75
46,0.25,1330.0
r,0.25,1330.25
58,0.25,1330.5
r,0.25,1330.75
43,0.25,1331.0
r,0.25,1331.25
55,0.25,1331.5
r,0.25,1331.75
44,0.25,1332.0
r,0.25,1332.25
56,0.25,1332.5
r,0.25,1332.75
39,0.25,1333.0
r,0.25,1333.25
51,0.25,1333.5
r,0.25,1333.75
49,0.5,1334.0
46,0.5,1334.5
49,0.5,1335.0
46,0.5,1335.5
49,0.5,1336.0
46,0.5,1336.5
49,0.5,1337.0
46,0.5,1337.5
49,0.5,1338.0
46,0.5,1338.5
49,0.5,1339.0
46,0.5,1339.5
49,0.5,1340.0
46,0.5,1340.5
49,0.5,1341.0
46,0.5,1341.5
r,0.5,1342.0
39,0.25,1342.5
51,0.25,1342.5
r,0.25,1342.75
r,0.5,1343.0
55,0.25,1343.5
43,0.25,1343.5
r,0.75,1343.75
46,0.25,1344.5
58,0.25,1344.5
r,0.25,1344.75
55,0.25,1345.0
43,0.25,1345.0
r,0.25,1345.25
39,0.25,1345.5
51,0.25,1345.5
r,0.25,1345.75
r,0.5,1346.0
51,0.25,1346.5
39,0.25,1346.5
r,0.25,1346.75
r,0.5,1347.0
55,0.25,1347.5
43,0.25,1347.5
r,0.75,1347.75
58,0.25,1348.5
46,0.25,1348.5
r,0.25,1348.75
43,0.25,1349.0
55,0.25,1349.0
r,0.25,1349.25
51,0.25,1349.5
39,0.25,1349.5
r,0.25,1349.75
r,0.5,1350.0
46,0.25,1350.5
58,0.25,1350.5
r,0.25,1350.75
43,0.25,1351.0
55,0.25,1351.0
r,0.25,1351.25
39,0.25,1351.5
51,0.25,1351.5
r,0.25,1351.75
r,0.5,1352.0
39,0.25,1352.5
51,0.25,1352.5
r,0.25,1352.75
44,0.25,1353.0
56,0.25,1353.0
r,0.25,1353.25
36,1.5,1353.5
48,1.5,1353.5
37,1.0,1355.0
49,1.0,1355.0
39,1.0,1356.0
51,1.0,1356.0
41,0.25,1357.0
53,0.25,1357.0
r,0.25,1357.25
48,1.5,1357.5
36,1.5,1357.5
49,1.0,1359.0
37,1.0,1359.0
51,1.0,1360.0
39,1.0,1360.0
53,0.25,1361.0
41,0.25,1361.0
r,0.25,1361.25
36,1.5,1361.5
48,1.5,1361.5
37,1.0,1363.0
49,1.0,1363.0
39,1.0,1364.0
51,1.0,1364.0
32,2.0,1365.0
r,0.5,1365.0
44,3.5,1365.5
44,2.0,1367.0
32,2.0,1369.0
r,0.5,1369.0
44,3.5,1369.5
44,2.0,1371.0
32,2.0,1373.0
r,0.5,1373.0
44,3.5,1373.5
44,2.0,1375.0
32,2.0,1377.0
r,0.5,1377.0
44,3.5,1377.5
44,2.0,1379.0
32,2.0,1381.0
r,0.5,1381.0
44,3.5,1381.5
44,2.0,1383.0
32,2.0,1385.0
r,0.5,1385.0
44,3.5,1385.5
44,2.0,1387.0
44,2.0,1389.0
32,2.0,1389.0
r,0.75,1391.0
r,0.5,1391.75
r,0.25,1392.25
r,0.25,1392.5
r,0.25,1392.75
44,2.0,1393.0
32,4.0,1393.0
