r,4.0,0.0,0
67,1.5,4.0,0
62,1.5,4.0,0
59,1.5,4.0,0
r,0.5,5.5,0
62,1/3,6.0,0
67,1/3,19/3,0
71,0.25,20/3,0
r,1/12,83/12,0
74,1/3,7.0,0
72,1/3,22/3,0
69,1/3,23/3,0
67,0.75,8.0,0
r,0.25,8.75,0
67,1.0,9.0,0
66,1.0,10.0,0
67,1.0,11.0,0
69,1.25,12.0,0
r,0.25,13.25,0
69,0.5,13.5,0
71,1.25,14.0,0
r,0.25,15.25,0
71,0.25,15.5,0
r,0.25,15.75,0
74,0.75,16.0,0
r,5/3,16.0,0
r,0.25,16.75,0
72,0.25,17.0,0
74,0.25,17.0,0
r,0.25,17.25,0
72,0.25,17.5,0
74,0.25,17.5,0
72,0.25,53/3,0
71,0.25,53/3,0
72,0.25,53/3,0
r,0.25,17.75,0
r,25/12,215/12,0
71,1.25,18.0,0
r,0.75,19.25,0
74,4/3,20.0,0
71,4/3,20.0,0
79,4/3,20.0,0
r,2/3,64/3,0
74,1/3,22.0,0
79,1/3,67/3,0
83,0.25,68/3,0
r,1/12,275/12,0
86,1/3,23.0,0
84,1/3,70/3,0
81,1/3,71/3,0
79,1.0,24.0,0
79,1.0,25.0,0
78,1.0,26.0,0
79,1.0,27.0,0
81,1.25,28.0,0
r,0.25,29.25,0
81,0.25,29.5,0
r,0.25,29.75,0
83,1.25,30.0,0
r,0.25,31.25,0
83,0.25,31.5,0
r,0.25,31.75,0
86,2/3,32.0,0
r,1/3,98/3,0
84,0.25,33.0,0
86,0.25,33.0,0
r,1/12,33.25,0
84,0.25,100/3,0
86,0.25,100/3,0
r,1/12,403/12,0
84,0.25,101/3,0
83,0.25,101/3,0
84,0.25,101/3,0
r,1/12,407/12,0
83,0.5,34.0,0
84,0.5,34.5,0
85,0.5,35.0,0
86,0.5,35.5,0
87,0.5,36.0,0
r,2.0,36.0,0
88,2/3,36.5,0
r,1/3,223/6,0
88,2/3,37.5,0
86,0.5,38.0,0
r,1/3,229/6,0
84,0.5,38.5,0
r,1.5,38.5,0
83,0.5,39.0,0
81,0.5,39.5,0
85,0.5,40.0,0
86,2/3,40.5,0
r,1/12,247/6,0
r,1/12,41.25,0
r,1/6,124/3,0
86,0.5,41.5,0
84,0.5,42.0,0
83,0.5,42.5,0
81,0.25,43.0,0
r,0.25,43.25,0
79,0.25,43.5,0
r,0.25,43.75,0
78,0.25,44.0,0
r,0.25,44.25,0
76,0.25,44.5,0
r,0.25,44.75,0
74,0.25,45.0,0
r,0.25,45.25,0
72,0.25,45.5,0
r,0.25,45.75,0
71,0.5,46.0,0
69,0.25,46.5,0
r,0.25,46.75,0
67,0.25,47.0,0
r,0.25,47.25,0
66,0.25,47.5,0
r,0.25,47.75,0
67,0.5,48.0,0
69,0.25,48.5,0
67,0.25,48.5,0
66,0.25,48.75,0
67,0.5,49.0,0
69,0.5,49.5,0
71,0.5,50.0,0
72,0.5,50.5,0
73,0.5,51.0,0
74,0.5,51.5,0
75,0.5,52.0,0
76,0.5,52.5,0
r,0.25,53.0,0
r,1/12,53.25,0
r,1/6,160/3,0
76,0.5,53.5,0
74,0.5,54.0,0
72,0.5,54.5,0
71,0.5,55.0,0
69,0.5,55.5,0
75,0.5,56.0,0
76,0.5,56.5,0
r,0.5,57.0,0
76,0.25,57.5,0
r,0.25,57.75,0
76,0.5,58.0,0
73,0.5,58.5,0
69,0.5,59.0,0
67,2/3,59.5,0
66,0.5,60.0,0
r,0.5,60.5,0
81,1/3,61.0,0
78,1/3,184/3,0
74,1/3,185/3,0
72,1.0,62.0,0
81,1/3,63.0,0
78,1/3,190/3,0
72,1/3,191/3,0
71,0.75,64.0,0
r,0.25,64.75,0
79,1/3,65.0,0
74,1/3,196/3,0
71,1/3,197/3,0
67,0.75,66.0,0
r,0.25,66.75,0
74,1/3,67.0,0
71,1/3,202/3,0
67,1/3,203/3,0
66,2/3,68.0,0
r,1/3,206/3,0
81,1/3,69.0,0
78,1/3,208/3,0
74,1/3,209/3,0
72,0.75,70.0,0
r,0.25,70.75,0
81,1/3,71.0,0
78,1/3,214/3,0
72,1/3,215/3,0
71,0.75,72.0,0
r,0.25,72.75,0
79,1/3,73.0,0
74,1/3,220/3,0
71,1/3,221/3,0
67,0.75,74.0,0
r,0.25,74.75,0
74,1/3,75.0,0
71,1/3,226/3,0
67,0.75,227/3,0
62,0.75,76.0,0
r,0.25,76.75,0
74,1/3,77.0,0
71,1/3,232/3,0
67,1/3,233/3,0
62,1.0,78.0,0
74,1/3,79.0,0
71,1/3,238/3,0
67,0.5,239/3,0
62,1.0,80.0,0
r,1.0,81.0,0
r,0.25,82.0,0
r,1/12,82.25,0
r,1/6,247/3,0
69,0.25,82.5,0
r,0.25,82.75,0
69,0.25,83.0,0
r,1/12,83.25,0
r,1/6,250/3,0
69,0.25,83.5,0
r,0.25,83.75,0
74,1.0,84.0,0
73,1.0,85.0,0
74,1.0,86.0,0
76,0.75,87.0,0
r,0.25,87.75,0
79,0.5,88.0,0
78,0.5,88.5,0
76,1.25,89.0,0
r,1/12,90.25,0
r,1/6,271/3,0
69,0.25,90.5,0
r,0.25,90.75,0
69,0.25,91.0,0
r,1/12,91.25,0
r,1/6,274/3,0
69,0.25,91.5,0
r,0.25,91.75,0
76,1.0,92.0,0
74,0.75,93.0,0
r,0.25,93.75,0
76,1.0,94.0,0
74,0.75,95.0,0
78,0.75,95.0,0
r,0.25,95.75,0
76,1.0,96.0,0
81,0.5,96.0,0
79,0.25,96.5,0
r,3.25,96.75,0
78,1.25,97.0,0
74,1.25,97.0,0
r,0.25,98.25,0
81,0.5,98.5,0
79,0.5,99.0,0
78,0.25,99.5,0
r,0.25,99.75,0
78,0.5,100.0,0
r,2.5,100.0,0
76,0.25,100.5,0
r,0.25,100.75,0
76,0.25,101.0,0
r,0.25,101.25,0
76,0.25,101.5,0
r,0.25,101.75,0
74,2/3,102.0,0
81,0.5,102.5,0
r,1/3,308/3,0
79,0.5,103.0,0
r,1.0,103.0,0
78,0.5,103.5,0
78,0.5,104.0,0
76,0.25,104.5,0
r,0.25,104.75,0
76,0.25,105.0,0
r,0.25,105.25,0
76,0.25,105.5,0
r,0.25,105.75,0
74,0.5,106.0,0
81,0.5,106.5,0
79,0.5,107.0,0
78,0.5,107.5,0
78,0.5,108.0,0
76,0.5,108.5,0
r,0.5,109.0,0
76,0.25,109.5,0
r,0.25,109.75,0
76,0.5,110.0,0
74,0.5,110.5,0
r,0.25,111.0,0
r,1/12,111.25,0
r,1/6,334/3,0
74,0.25,111.5,0
r,0.25,111.75,0
74,0.5,112.0,0
73,0.5,112.5,0
71,0.5,113.0,0
69,0.5,113.5,0
68,0.5,114.0,0
69,0.5,114.5,0
71,0.5,115.0,0
73,0.5,115.5,0
74,1.0,116.0,0
73,1.0,117.0,0
74,1.0,118.0,0
76,1.0,119.0,0
79,2/3,120.0,0
74,2/3,120.0,0
r,0.5,120.0,0
78,0.5,120.5,0
r,1/3,362/3,0
76,1.0,121.0,0
73,1.0,121.0,0
r,3.0,121.0,0
r,0.5,122.0,0
69,0.25,122.5,0
r,0.25,122.75,0
69,0.25,123.0,0
r,0.25,123.25,0
69,0.25,123.5,0
r,0.25,123.75,0
76,1.0,124.0,0
74,1.0,125.0,0
73,0.75,126.0,0
76,0.75,126.0,0
r,0.25,126.75,0
74,0.75,127.0,0
78,0.75,127.0,0
r,0.25,127.75,0
76,1.0,128.0,0
81,0.5,128.0,0
79,0.5,128.5,0
78,1.25,129.0,0
74,1.25,129.0,0
r,3.0,129.0,0
r,0.25,130.25,0
81,0.5,130.5,0
79,0.5,131.0,0
78,0.25,131.5,0
r,0.25,131.75,0
78,0.5,132.0,0
r,2.5,132.0,0
76,0.25,132.5,0
r,0.25,132.75,0
76,0.25,133.0,0
r,0.25,133.25,0
76,0.25,133.5,0
r,0.25,133.75,0
74,2/3,134.0,0
81,0.5,134.5,0
r,1/3,404/3,0
79,0.5,135.0,0
r,1.0,135.0,0
78,0.5,135.5,0
78,0.5,136.0,0
76,0.25,136.5,0
r,0.25,136.75,0
76,0.25,137.0,0
r,0.25,137.25,0
76,0.25,137.5,0
r,0.25,137.75,0
74,0.5,138.0,0
81,0.5,138.5,0
79,0.5,139.0,0
78,0.25,139.5,0
r,0.25,139.75,0
78,0.5,140.0,0
r,2.5,140.0,0
76,0.5,140.5,0
79,0.5,141.0,0
76,0.25,141.5,0
r,0.25,141.75,0
76,2/3,142.0,0
74,0.25,142.5,0
r,1/3,428/3,0
r,1.25,142.75,0
74,0.5,143.0,0
73,0.5,143.5,0
74,0.25,144.0,0
81,1/3,144.0,0
r,1/12,144.25,0
79,1/3,433/3,0
r,7/3,433/3,0
78,0.25,434/3,0
r,1/12,1739/12,0
76,1/3,145.0,0
74,1/3,436/3,0
73,1/3,437/3,0
71,1/3,146.0,0
69,2/3,439/3,0
67,1/3,440/3,0
66,1/3,147.0,0
r,1.0,147.0,0
64,1/3,442/3,0
62,0.5,443/3,0
61,2/3,148.0,0
r,1/3,446/3,0
61,2/3,149.0,0
r,1/3,449/3,0
61,2/3,150.0,0
r,1/3,452/3,0
61,2/3,151.0,0
r,1/3,455/3,0
62,1/3,152.0,0
r,2.0,152.0,0
64,1/3,457/3,0
66,0.25,458/3,0
r,1/12,1835/12,0
67,1/3,153.0,0
69,1/3,460/3,0
71,0.5,461/3,0
73,1/3,154.0,0
r,1/6,925/6,0
74,1/3,463/3,0
r,5/3,463/3,0
76,0.25,464/3,0
r,1/12,1859/12,0
78,1/3,155.0,0
79,1/3,466/3,0
81,1/3,467/3,0
79,0.5,156.0,0
r,0.5,156.5,0
79,0.5,157.0,0
r,0.5,157.5,0
79,2/3,158.0,0
r,1/3,476/3,0
79,0.75,159.0,0
r,0.25,159.75,0
78,1/3,160.0,0
81,1/3,160.0,0
r,8/3,160.0,0
79,1/3,481/3,0
78,1/3,482/3,0
76,1/3,161.0,0
74,1/3,484/3,0
73,1/3,485/3,0
71,1/3,162.0,0
69,0.5,487/3,0
67,0.5,488/3,0
r,1/6,977/6,0
66,0.5,163.0,0
r,1/6,979/6,0
64,1/3,490/3,0
r,1/6,163.5,0
62,1/3,491/3,0
r,1/3,491/3,0
60,0.75,164.0,0
r,0.25,164.75,0
60,2/3,165.0,0
r,1/3,497/3,0
60,0.5,166.0,0
r,0.5,166.5,0
60,0.5,167.0,0
r,0.5,167.5,0
59,1/3,168.0,0
r,10/3,168.0,0
64,1/3,505/3,0
67,1/3,506/3,0
71,1/3,169.0,0
67,1/3,508/3,0
64,1/3,509/3,0
62,0.75,170.0,0
r,0.25,170.75,0
66,0.5,171.0,0
64,0.5,514/3,0
r,0.5,171.5,0
r,1/6,1031/6,0
62,1/3,172.0,0
r,2.0,172.0,0
64,1/3,517/3,0
66,0.25,518/3,0
r,1/12,2075/12,0
67,1/3,173.0,0
69,1/3,520/3,0
71,0.5,521/3,0
73,1/3,174.0,0
r,1/6,1045/6,0
74,1/3,523/3,0
r,5/3,523/3,0
76,1/3,524/3,0
78,1/3,175.0,0
79,1/3,526/3,0
81,0.25,527/3,0
r,1/12,2111/12,0
79,3.0,176.0,0
83,3.0,176.0,0
r,1.0,179.0,0
81,1/3,180.0,0
78,1/3,180.0,0
r,2/3,541/3,0
76,1/3,181.0,0
79,1/3,181.0,0
r,2/3,544/3,0
74,0.25,182.0,0
78,0.25,182.0,0
r,0.75,182.25,0
73,1/3,183.0,0
76,1/3,183.0,0
r,2/3,550/3,0
81,1/3,184.0,0
r,8/3,184.0,0
79,1/3,553/3,0
78,0.25,554/3,0
r,1/12,2219/12,0
76,1/3,185.0,0
74,1/3,556/3,0
73,1/3,557/3,0
71,1/3,186.0,0
69,0.5,559/3,0
67,1/3,560/3,0
r,1/6,1121/6,0
66,0.5,187.0,0
r,1/3,187.0,0
64,1/3,562/3,0
r,1/6,187.5,0
62,1/3,563/3,0
r,1/3,563/3,0
71,3.0,188.0,0
67,3.0,188.0,0
r,1.0,191.0,0
66,1/3,192.0,0
69,1/3,192.0,0
r,2/3,577/3,0
64,1/3,193.0,0
67,1/3,193.0,0
r,2/3,580/3,0
66,1/3,194.0,0
62,1/3,194.0,0
r,2/3,583/3,0
61,1/3,195.0,0
64,1/3,195.0,0
r,2/3,586/3,0
62,2/3,196.0,0
r,1/3,590/3,0
81,1/3,197.0,0
78,1/3,592/3,0
74,1/3,593/3,0
73,0.75,198.0,0
r,0.25,198.75,0
79,1/3,199.0,0
76,1/3,598/3,0
73,0.25,599/3,0
r,1/12,2399/12,0
74,0.5,200.0,0
r,4/3,200.0,0
r,0.5,200.5,0
69,0.5,201.0,0
66,1/3,604/3,0
r,1/6,201.5,0
62,0.25,605/3,0
r,7/3,605/3,0
r,1/12,2423/12,0
61,0.75,202.0,0
r,0.25,202.75,0
67,1/3,203.0,0
64,1/3,610/3,0
61,0.5,611/3,0
62,2/3,204.0,0
r,1/3,614/3,0
67,1/3,205.0,0
64,1/3,616/3,0
61,1/3,617/3,0
62,2/3,206.0,0
r,1/3,620/3,0
67,1/3,207.0,0
64,1/3,622/3,0
61,1/3,623/3,0
62,1/3,208.0,0
r,1/6,625/3,0
r,1/6,208.5,0
r,1/12,626/3,0
r,0.25,208.75,0
54,0.5,209.0,0
62,0.5,209.0,0
57,0.5,209.0,0
r,1/6,209.5,0
r,1/12,629/3,0
r,0.25,209.75,0
57,0.75,210.0,0
62,0.75,210.0,0
54,0.75,210.0,0
r,0.25,210.75,0
r,1.0,211.0,0
67,1.5,212.0,0
62,1.5,212.0,0
59,1.5,212.0,0
r,0.5,213.5,0
62,1/3,214.0,0
67,1/3,643/3,0
71,0.25,644/3,0
r,1/12,2579/12,0
74,1/3,215.0,0
72,1/3,646/3,0
69,1/3,647/3,0
67,0.75,216.0,0
r,0.25,216.75,0
67,1.0,217.0,0
66,1.0,218.0,0
67,1.0,219.0,0
69,1.25,220.0,0
r,0.25,221.25,0
69,0.5,221.5,0
71,1.25,222.0,0
r,0.25,223.25,0
71,0.25,223.5,0
r,0.25,223.75,0
74,0.75,224.0,0
r,5/3,224.0,0
r,0.25,224.75,0
72,0.25,225.0,0
74,0.25,225.0,0
r,0.25,225.25,0
72,0.25,225.5,0
74,0.25,225.5,0
72,0.25,677/3,0
71,0.25,677/3,0
72,0.25,677/3,0
r,0.25,225.75,0
r,25/12,2711/12,0
71,1.25,226.0,0
r,0.75,227.25,0
74,4/3,228.0,0
71,4/3,228.0,0
79,4/3,228.0,0
r,2/3,688/3,0
74,1/3,230.0,0
79,1/3,691/3,0
83,0.25,692/3,0
r,1/12,2771/12,0
86,1/3,231.0,0
84,1/3,694/3,0
81,1/3,695/3,0
79,1.0,232.0,0
79,1.0,233.0,0
78,1.0,234.0,0
79,1.0,235.0,0
81,1.25,236.0,0
r,0.25,237.25,0
81,0.25,237.5,0
r,0.25,237.75,0
83,1.25,238.0,0
r,0.25,239.25,0
83,0.25,239.5,0
r,0.25,239.75,0
86,2/3,240.0,0
r,5/3,240.0,0
r,1/3,722/3,0
84,0.25,241.0,0
86,0.25,241.0,0
r,0.25,241.25,0
84,0.25,241.5,0
86,0.25,241.5,0
84,0.25,725/3,0
83,0.25,725/3,0
84,0.25,725/3,0
r,0.25,241.75,0
r,25/12,2903/12,0
83,0.5,242.0,0
84,0.5,242.5,0
85,0.5,243.0,0
86,0.5,243.5,0
87,0.5,244.0,0
r,2.0,244.0,0
88,2/3,244.5,0
r,1/3,1471/6,0
88,2/3,245.5,0
86,0.5,246.0,0
r,1/3,1477/6,0
84,0.5,246.5,0
r,1.5,246.5,0
83,0.5,247.0,0
81,0.5,247.5,0
85,0.5,248.0,0
86,2/3,248.5,0
r,1/3,1495/6,0
86,0.5,249.5,0
84,0.5,250.0,0
83,0.5,250.5,0
81,0.25,251.0,0
r,0.25,251.25,0
79,0.25,251.5,0
r,0.25,251.75,0
78,0.25,252.0,0
r,0.25,252.25,0
76,0.25,252.5,0
r,0.25,252.75,0
74,0.25,253.0,0
r,0.25,253.25,0
72,0.25,253.5,0
r,0.25,253.75,0
71,0.5,254.0,0
69,0.25,254.5,0
r,0.25,254.75,0
67,0.25,255.0,0
r,0.25,255.25,0
66,0.25,255.5,0
r,0.25,255.75,0
67,0.5,256.0,0
69,0.25,256.5,0
67,0.25,256.5,0
66,0.25,256.75,0
67,0.5,257.0,0
69,0.5,257.5,0
71,0.5,258.0,0
72,0.5,258.5,0
73,0.5,259.0,0
74,0.5,259.5,0
75,0.5,260.0,0
76,0.5,260.5,0
r,0.5,261.0,0
76,0.5,261.5,0
74,0.5,262.0,0
72,0.5,262.5,0
71,0.5,263.0,0
69,0.5,263.5,0
75,0.5,264.0,0
76,0.5,264.5,0
r,0.5,265.0,0
76,0.25,265.5,0
r,0.25,265.75,0
76,0.5,266.0,0
73,0.5,266.5,0
69,0.5,267.0,0
67,2/3,267.5,0
66,0.5,268.0,0
r,0.5,268.5,0
81,1/3,269.0,0
78,1/3,808/3,0
74,1/3,809/3,0
72,1.0,270.0,0
81,1/3,271.0,0
78,1/3,814/3,0
72,1/3,815/3,0
71,0.75,272.0,0
r,0.25,272.75,0
79,1/3,273.0,0
74,1/3,820/3,0
71,1/3,821/3,0
67,0.75,274.0,0
r,0.25,274.75,0
74,1/3,275.0,0
71,1/3,826/3,0
67,1/3,827/3,0
66,2/3,276.0,0
r,1/3,830/3,0
81,1/3,277.0,0
78,1/3,832/3,0
74,1/3,833/3,0
72,0.75,278.0,0
r,0.25,278.75,0
81,1/3,279.0,0
78,1/3,838/3,0
72,1/3,839/3,0
71,0.75,280.0,0
r,0.25,280.75,0
79,1/3,281.0,0
74,1/3,844/3,0
71,1/3,845/3,0
67,0.75,282.0,0
r,0.25,282.75,0
74,1/3,283.0,0
71,1/3,850/3,0
67,0.75,851/3,0
62,0.75,284.0,0
r,0.25,284.75,0
74,1/3,285.0,0
71,1/3,856/3,0
67,1/3,857/3,0
62,1.0,286.0,0
74,1/3,287.0,0
71,1/3,862/3,0
67,0.5,863/3,0
62,1.0,288.0,0
r,0.25,289.0,0
r,1/12,289.25,0
r,1/6,868/3,0
r,1/6,289.5,0
r,1/12,869/3,0
r,0.25,289.75,0
r,0.25,290.0,0
r,1/12,290.25,0
r,1/6,871/3,0
69,0.25,290.5,0
r,0.25,290.75,0
69,0.25,291.0,0
r,1/12,291.25,0
r,1/6,874/3,0
69,0.25,291.5,0
r,0.25,291.75,0
74,1.0,292.0,0
73,1.0,293.0,0
74,1.0,294.0,0
76,0.75,295.0,0
r,0.25,295.75,0
79,0.5,296.0,0
78,0.5,296.5,0
76,1.25,297.0,0
r,1/12,298.25,0
r,1/6,895/3,0
69,0.25,298.5,0
r,0.25,298.75,0
69,0.25,299.0,0
r,1/12,299.25,0
r,1/6,898/3,0
69,0.25,299.5,0
r,0.25,299.75,0
76,1.0,300.0,0
74,0.75,301.0,0
r,0.25,301.75,0
76,1.0,302.0,0
74,0.75,303.0,0
78,0.75,303.0,0
r,0.25,303.75,0
76,1.0,304.0,0
81,0.5,304.0,0
79,0.25,304.5,0
r,3.25,304.75,0
78,1.25,305.0,0
74,1.25,305.0,0
r,0.25,306.25,0
81,0.5,306.5,0
79,0.5,307.0,0
78,0.25,307.5,0
r,0.25,307.75,0
78,0.5,308.0,0
r,2.5,308.0,0
76,0.25,308.5,0
r,0.25,308.75,0
76,0.25,309.0,0
r,0.25,309.25,0
76,0.25,309.5,0
r,0.25,309.75,0
74,2/3,310.0,0
81,0.5,310.5,0
r,1/3,932/3,0
79,0.5,311.0,0
r,1.0,311.0,0
78,0.5,311.5,0
78,0.5,312.0,0
76,0.25,312.5,0
r,0.25,312.75,0
76,0.25,313.0,0
r,0.25,313.25,0
76,0.25,313.5,0
r,0.25,313.75,0
74,0.5,314.0,0
81,0.5,314.5,0
79,0.5,315.0,0
78,0.5,315.5,0
78,0.5,316.0,0
76,0.5,316.5,0
r,0.25,317.0,0
r,1/12,317.25,0
r,1/6,952/3,0
76,0.25,317.5,0
r,0.25,317.75,0
76,0.5,318.0,0
74,0.5,318.5,0
r,0.25,319.0,0
r,1/12,319.25,0
r,1/6,958/3,0
74,0.25,319.5,0
r,0.25,319.75,0
74,0.5,320.0,0
73,0.5,320.5,0
71,0.5,321.0,0
69,0.5,321.5,0
68,0.5,322.0,0
69,0.5,322.5,0
71,0.5,323.0,0
73,0.5,323.5,0
74,1.0,324.0,0
73,1.0,325.0,0
74,1.0,326.0,0
76,1.0,327.0,0
79,2/3,328.0,0
74,2/3,328.0,0
r,0.5,328.0,0
78,0.5,328.5,0
r,1/3,986/3,0
76,1.0,329.0,0
73,1.0,329.0,0
r,3.0,329.0,0
r,0.5,330.0,0
69,0.25,330.5,0
r,0.25,330.75,0
69,0.25,331.0,0
r,0.25,331.25,0
69,0.25,331.5,0
r,0.25,331.75,0
76,1.0,332.0,0
74,1.0,333.0,0
73,0.75,334.0,0
76,0.75,334.0,0
r,0.25,334.75,0
74,0.75,335.0,0
78,0.75,335.0,0
r,0.25,335.75,0
76,1.0,336.0,0
81,0.5,336.0,0
79,0.5,336.5,0
78,1.25,337.0,0
74,1.25,337.0,0
r,3.0,337.0,0
r,0.25,338.25,0
81,0.5,338.5,0
79,0.5,339.0,0
78,0.25,339.5,0
r,0.25,339.75,0
78,0.5,340.0,0
r,2.5,340.0,0
76,0.25,340.5,0
r,0.25,340.75,0
76,0.25,341.0,0
r,0.25,341.25,0
76,0.25,341.5,0
r,0.25,341.75,0
74,2/3,342.0,0
81,0.5,342.5,0
r,1/3,1028/3,0
79,0.5,343.0,0
r,1.0,343.0,0
78,0.5,343.5,0
78,0.5,344.0,0
76,0.25,344.5,0
r,0.25,344.75,0
76,0.25,345.0,0
r,0.25,345.25,0
76,0.25,345.5,0
r,0.25,345.75,0
74,0.5,346.0,0
81,0.5,346.5,0
79,0.5,347.0,0
78,0.25,347.5,0
r,0.25,347.75,0
78,0.5,348.0,0
r,2.5,348.0,0
76,0.5,348.5,0
79,0.5,349.0,0
76,0.25,349.5,0
r,0.25,349.75,0
76,2/3,350.0,0
74,0.25,350.5,0
r,1/3,1052/3,0
r,1.25,350.75,0
74,0.5,351.0,0
73,0.5,351.5,0
74,0.25,352.0,0
r,1/3,352.0,0
81,1/3,352.25,0
79,1/3,1057/3,0
r,1/12,4231/12,0
78,0.25,1058/3,0
r,2.0,1058/3,0
r,1/12,4235/12,0
76,1/3,353.0,0
74,1/3,1060/3,0
73,1/3,1061/3,0
71,1/3,354.0,0
69,2/3,1063/3,0
67,1/3,1064/3,0
66,1/3,355.0,0
r,1.0,355.0,0
64,1/3,1066/3,0
62,0.5,1067/3,0
61,2/3,356.0,0
r,1/3,1070/3,0
61,2/3,357.0,0
r,1/3,1073/3,0
61,2/3,358.0,0
r,1/3,1076/3,0
61,2/3,359.0,0
r,1/3,1079/3,0
62,1/3,360.0,0
r,2.0,360.0,0
64,1/3,1081/3,0
66,0.25,1082/3,0
r,1/12,4331/12,0
67,1/3,361.0,0
69,1/3,1084/3,0
71,0.5,1085/3,0
73,1/3,362.0,0
r,1/6,2173/6,0
74,1/3,1087/3,0
r,5/3,1087/3,0
76,0.25,1088/3,0
r,1/12,4355/12,0
78,1/3,363.0,0
79,1/3,1090/3,0
81,1/3,1091/3,0
79,0.5,364.0,0
r,0.5,364.5,0
79,0.5,365.0,0
r,0.5,365.5,0
79,2/3,366.0,0
r,1/3,1100/3,0
79,0.75,367.0,0
r,0.25,367.75,0
78,1/3,368.0,0
81,1/3,368.0,0
r,8/3,368.0,0
79,1/3,1105/3,0
78,1/3,1106/3,0
76,1/3,369.0,0
74,1/3,1108/3,0
73,1/3,1109/3,0
71,1/3,370.0,0
69,0.5,1111/3,0
67,0.5,1112/3,0
r,1/6,2225/6,0
66,0.5,371.0,0
r,1/6,2227/6,0
64,1/3,1114/3,0
r,1/6,371.5,0
62,1/3,1115/3,0
r,1/3,1115/3,0
60,0.75,372.0,0
r,0.25,372.75,0
60,2/3,373.0,0
r,1/3,1121/3,0
60,0.5,374.0,0
r,0.5,374.5,0
60,0.5,375.0,0
r,0.5,375.5,0
59,1/3,376.0,0
64,1/3,1129/3,0
67,1/3,1130/3,0
71,1/3,377.0,0
67,1/3,1132/3,0
64,1/3,1133/3,0
62,0.75,378.0,0
r,0.25,378.75,0
66,0.5,379.0,0
64,0.5,379.5,0
62,1/3,380.0,0
r,2.0,380.0,0
64,1/3,1141/3,0
66,0.25,1142/3,0
r,1/12,4571/12,0
67,1/3,381.0,0
69,1/3,1144/3,0
71,0.5,1145/3,0
73,1/3,382.0,0
r,1/6,2293/6,0
74,1/3,1147/3,0
r,5/3,1147/3,0
76,1/3,1148/3,0
78,1/3,383.0,0
79,1/3,1150/3,0
81,0.25,1151/3,0
r,1/12,4607/12,0
79,3.0,384.0,0
83,3.0,384.0,0
r,1.0,387.0,0
81,1/3,388.0,0
78,1/3,388.0,0
r,2/3,1165/3,0
76,1/3,389.0,0
79,1/3,389.0,0
r,2/3,1168/3,0
74,0.25,390.0,0
78,0.25,390.0,0
r,0.75,390.25,0
73,1/3,391.0,0
76,1/3,391.0,0
r,2/3,1174/3,0
81,1/3,392.0,0
r,8/3,392.0,0
79,1/3,1177/3,0
78,0.25,1178/3,0
r,1/12,4715/12,0
76,1/3,393.0,0
74,1/3,1180/3,0
73,1/3,1181/3,0
71,1/3,394.0,0
69,0.5,1183/3,0
67,1/3,1184/3,0
r,1/6,2369/6,0
66,0.5,395.0,0
r,1/3,395.0,0
64,1/3,1186/3,0
r,1/6,395.5,0
62,1/3,1187/3,0
r,1/3,1187/3,0
71,3.0,396.0,0
67,3.0,396.0,0
r,1.0,399.0,0
66,1/3,400.0,0
69,1/3,400.0,0
r,2/3,1201/3,0
64,1/3,401.0,0
67,1/3,401.0,0
r,2/3,1204/3,0
66,1/3,402.0,0
62,1/3,402.0,0
r,2/3,1207/3,0
61,1/3,403.0,0
64,1/3,403.0,0
r,2/3,1210/3,0
62,2/3,404.0,0
r,1/3,1214/3,0
81,1/3,405.0,0
78,1/3,1216/3,0
74,1/3,1217/3,0
73,0.75,406.0,0
r,0.25,406.75,0
79,1/3,407.0,0
76,1/3,1222/3,0
73,0.25,1223/3,0
r,1/12,4895/12,0
74,0.5,408.0,0
r,4/3,408.0,0
r,0.5,408.5,0
69,0.5,409.0,0
66,1/3,1228/3,0
r,1/6,409.5,0
62,0.25,1229/3,0
r,7/3,1229/3,0
r,1/12,4919/12,0
61,0.75,410.0,0
r,0.25,410.75,0
67,1/3,411.0,0
64,1/3,1234/3,0
61,0.5,1235/3,0
62,2/3,412.0,0
r,1/3,1238/3,0
67,1/3,413.0,0
64,1/3,1240/3,0
61,1/3,1241/3,0
62,2/3,414.0,0
r,1/3,1244/3,0
67,1/3,415.0,0
64,1/3,1246/3,0
61,1/3,1247/3,0
62,1/3,416.0,0
r,1/6,1249/3,0
r,1/6,416.5,0
r,1/12,1250/3,0
r,0.25,416.75,0
54,0.5,417.0,0
62,0.5,417.0,0
57,0.5,417.0,0
r,1/6,417.5,0
r,1/12,1253/3,0
r,0.25,417.75,0
57,0.75,418.0,0
62,0.75,418.0,0
54,0.75,418.0,0
r,1.25,418.75,0
69,2.0,420.0,0
65,2.0,420.0,0
74,2.0,420.0,0
r,1/3,422.0,0
77,1/3,1267/3,0
76,1/3,1268/3,0
74,1/3,423.0,0
72,1/3,1270/3,0
71,1/3,1271/3,0
69,1.0,424.0,0
68,1.0,425.0,0
69,1.0,426.0,0
71,1.0,427.0,0
72,1.0,428.0,0
74,1.0,429.0,0
76,1.0,430.0,0
74,0.75,431.0,0
72,0.25,431.75,0
76,0.25,431.75,0
81,7/3,432.0,0
84,1/3,1303/3,0
83,1/3,1304/3,0
81,1/3,435.0,0
79,1/3,1306/3,0
78,1/3,1307/3,0
76,1.0,436.0,0
75,1.0,437.0,0
76,1.0,438.0,0
78,1.0,439.0,0
79,1.5,440.0,0
r,1.75,440.0,0
78,1/3,441.5,0
79,0.25,441.75,0
r,1/6,2651/6,0
81,0.5,442.0,0
r,1.0,442.0,0
79,2/3,442.5,0
78,0.5,443.0,0
r,1/3,2659/6,0
76,0.5,443.5,0
r,0.5,443.5,0
75,1.0,444.0,0
r,1/3,445.0,0
r,1/6,1336/3,0
79,0.5,445.5,0
83,0.5,445.5,0
81,1.0,446.0,0
78,1.0,446.0,0
r,0.5,447.0,0
78,0.25,447.5,0
75,0.25,447.5,0
r,0.25,447.75,0
79,1.0,448.0,0
76,1.0,448.0,0
r,0.5,449.0,0
76,0.25,449.5,0
79,0.25,449.5,0
r,0.25,449.75,0
78,0.5,450.0,0
75,0.5,450.0,0
r,0.5,450.5,0
79,0.5,451.0,0
76,0.5,451.0,0
r,0.25,451.5,0
r,0.25,451.75,0
78,2/3,452.0,0
75,2/3,452.0,0
r,1/3,1358/3,0
r,0.5,453.0,0
79,0.25,453.5,0
83,0.25,453.5,0
r,0.25,453.75,0
81,0.75,454.0,0
78,0.75,454.0,0
r,0.75,454.75,0
78,0.25,455.5,0
75,0.25,455.5,0
r,0.25,455.75,0
76,1.0,456.0,0
79,1.0,456.0,0
r,0.5,457.0,0
76,0.25,457.5,0
79,0.25,457.5,0
r,0.25,457.75,0
78,0.5,458.0,0
75,0.5,458.0,0
r,0.5,458.5,0
79,2/3,459.0,0
76,2/3,459.0,0
r,1/3,1379/3,0
78,1.0,460.0,0
75,1.0,460.0,0
r,1.0,461.0,0
r,4/3,462.0,0
r,2/3,1390/3,0
79,1.5,464.0,0
76,1.5,464.0,0
r,0.5,465.5,0
r,2.0,466.0,0
84,0.5,468.0,0
83,0.5,468.5,0
84,0.5,469.0,0
83,0.5,469.5,0
84,0.5,470.0,0
83,0.5,470.5,0
81,0.5,471.0,0
79,0.5,471.5,0
78,0.5,472.0,0
r,1.0,472.0,0
76,2/3,472.5,0
74,0.5,473.0,0
r,1/3,2839/6,0
72,2/3,473.5,0
r,0.5,473.5,0
71,0.5,474.0,0
r,1/3,2845/6,0
69,0.5,474.5,0
r,1.5,474.5,0
67,0.25,475.0,0
r,0.25,475.25,0
66,0.25,475.5,0
r,0.25,475.75,0
67,1.5,476.0,0
62,1.5,476.0,0
59,1.5,476.0,0
r,2.25,476.0,0
r,0.5,477.5,0
62,1/3,478.0,0
67,0.5,478.25,0
r,1/3,1435/3,0
71,1/3,1436/3,0
r,1.25,478.75,0
74,1/3,479.0,0
72,1/3,1438/3,0
69,1/3,1439/3,0
67,0.75,480.0,0
r,0.25,480.75,0
67,1.0,481.0,0
66,1.0,482.0,0
67,1.0,483.0,0
69,1.25,484.0,0
r,0.25,485.25,0
69,0.25,485.5,0
r,0.25,485.75,0
71,1.25,486.0,0
r,0.25,487.25,0
71,0.25,487.5,0
r,0.25,487.75,0
74,0.75,488.0,0
r,5/3,488.0,0
r,0.25,488.75,0
72,0.25,489.0,0
74,0.25,489.0,0
r,0.25,489.25,0
72,0.25,489.5,0
74,0.25,489.5,0
72,0.25,1469/3,0
71,0.25,1469/3,0
72,0.25,1469/3,0
r,0.25,489.75,0
r,25/12,5879/12,0
71,4/3,490.0,0
r,2/3,1474/3,0
79,1.5,492.0,0
74,1.5,492.0,0
71,1.5,492.0,0
r,11/3,492.0,0
r,0.5,493.5,0
74,1/3,494.0,0
79,1/3,1483/3,0
83,1/3,1484/3,0
86,1/3,495.0,0
84,0.5,1486/3,0
81,0.5,1487/3,0
r,1/6,2975/6,0
79,0.75,496.0,0
r,0.25,496.75,0
79,1.0,497.0,0
78,1.0,498.0,0
79,1.25,499.0,0
81,1.0,500.0,0
r,0.5,501.0,0
81,0.5,501.5,0
83,0.75,502.0,0
r,0.75,502.75,0
83,0.25,503.5,0
r,0.25,503.75,0
84,0.5,504.0,0
79,0.25,504.5,0
r,0.25,504.75,0
81,0.25,505.0,0
r,0.25,505.25,0
77,0.25,505.5,0
r,0.25,505.75,0
76,0.25,506.0,0
r,1/12,506.25,0
r,1/6,1519/3,0
79,0.25,506.5,0
r,0.25,506.75,0
77,0.25,507.0,0
r,0.25,507.25,0
74,0.25,507.5,0
72,0.25,507.75,0
79,0.25,507.75,0
r,1/3,508.0,0
r,8/3,508.0,0
77,1/3,1525/3,0
76,1/3,1526/3,0
74,1/3,509.0,0
72,1/3,1528/3,0
71,1/3,1529/3,0
69,1/3,510.0,0
67,0.5,1531/3,0
65,0.5,1532/3,0
r,1/6,3065/6,0
64,1/3,511.0,0
r,5/6,3067/6,0
62,1/3,1534/3,0
60,1/3,1535/3,0
59,2/3,512.0,0
r,1/3,1538/3,0
59,2/3,513.0,0
r,1/3,1541/3,0
59,0.5,514.0,0
r,0.5,514.5,0
59,0.5,515.0,0
r,0.5,515.5,0
60,0.5,516.0,0
r,1/3,516.0,0
62,1/3,1549/3,0
r,1/6,516.5,0
64,1/3,1550/3,0
r,10/3,1550/3,0
65,1/3,517.0,0
67,1/3,1552/3,0
69,1/3,1553/3,0
71,1/3,518.0,0
72,1/3,1555/3,0
74,1/3,1556/3,0
76,1/3,519.0,0
77,1/3,1558/3,0
79,1/3,1559/3,0
77,0.5,520.0,0
r,0.5,520.5,0
77,0.5,521.0,0
r,0.5,521.5,0
77,2/3,522.0,0
r,1/3,1568/3,0
77,2/3,523.0,0
r,1/3,1571/3,0
76,1/3,524.0,0
r,4/3,524.0,0
74,1/3,1573/3,0
72,1/3,1574/3,0
71,0.5,525.0,0
69,1/3,1576/3,0
r,1/6,525.5,0
67,0.5,1577/3,0
r,1/3,1577/3,0
65,1/3,526.0,0
r,1/6,3157/6,0
64,0.5,1579/3,0
r,1/3,1579/3,0
62,1/3,1580/3,0
r,1/6,3161/6,0
60,0.5,527.0,0
r,1/3,527.0,0
59,1/3,1582/3,0
r,1/6,527.5,0
57,0.5,1583/3,0
r,1/3,1583/3,0
56,0.5,528.0,0
r,0.5,528.5,0
56,0.5,529.0,0
r,0.5,529.5,0
56,0.5,530.0,0
r,0.5,530.5,0
56,2/3,531.0,0
r,1/3,1595/3,0
57,2/3,532.0,0
r,1/3,1598/3,0
69,2.0,533.0,0
67,1.0,535.0,0
66,0.5,536.0,0
r,0.5,536.5,0
81,1/3,537.0,0
78,1/3,1612/3,0
74,1/3,1613/3,0
72,0.75,538.0,0
r,0.25,538.75,0
81,1/3,539.0,0
78,1/3,1618/3,0
72,1/3,1619/3,0
71,0.75,540.0,0
r,0.25,540.75,0
79,1/3,541.0,0
74,1/3,1624/3,0
71,1/3,1625/3,0
67,2/3,542.0,0
r,1/3,1628/3,0
74,1/3,543.0,0
71,1/3,1630/3,0
67,1/3,1631/3,0
66,2/3,544.0,0
r,1/3,1634/3,0
81,1/3,545.0,0
78,1/3,1636/3,0
74,1/3,1637/3,0
72,0.75,546.0,0
r,0.25,546.75,0
81,1/3,547.0,0
78,1/3,1642/3,0
72,0.25,1643/3,0
r,1/12,6575/12,0
71,0.75,548.0,0
r,0.25,548.75,0
79,1/3,549.0,0
74,1/3,1648/3,0
71,1/3,1649/3,0
67,2/3,550.0,0
r,1/3,1652/3,0
74,1/3,551.0,0
71,1/3,1654/3,0
67,0.5,1655/3,0
62,0.75,552.0,0
r,5/3,552.0,0
r,0.25,552.75,0
74,1/3,553.0,0
71,0.5,1660/3,0
67,0.5,1661/3,0
r,1/6,3323/6,0
62,2/3,554.0,0
r,11/6,3325/6,0
r,1/3,1664/3,0
74,1/3,555.0,0
71,1/3,1666/3,0
67,1/3,1667/3,0
62,1.0,556.0,0
r,0.25,557.0,0
r,1/12,557.25,0
r,1/6,1672/3,0
r,1.0,557.5,0
62,0.25,558.5,0
r,0.25,558.75,0
62,0.25,559.0,0
r,1/12,559.25,0
r,1/6,1678/3,0
62,0.25,559.5,0
r,0.25,559.75,0
67,1.0,560.0,0
66,1.0,561.0,0
67,1.0,562.0,0
69,1.0,563.0,0
72,0.5,564.0,0
71,0.5,564.5,0
69,1.25,565.0,0
r,0.25,566.25,0
62,0.25,566.5,0
r,0.25,566.75,0
62,0.25,567.0,0
r,0.25,567.25,0
62,0.25,567.5,0
r,0.25,567.75,0
69,1.0,568.0,0
67,1.0,569.0,0
66,0.75,570.0,0
69,0.75,570.0,0
r,0.25,570.75,0
67,1.0,571.0,0
71,1.0,571.0,0
69,1.0,572.0,0
74,0.5,572.0,0
72,0.5,572.5,0
71,1.25,573.0,0
67,1.25,573.0,0
r,3.0,573.0,0
r,0.25,574.25,0
74,0.5,574.5,0
72,0.5,575.0,0
71,0.5,575.5,0
71,0.5,576.0,0
r,2.5,576.0,0
69,0.25,576.5,0
r,0.25,576.75,0
69,0.25,577.0,0
r,0.25,577.25,0
69,0.25,577.5,0
r,0.25,577.75,0
67,2/3,578.0,0
74,0.5,578.5,0
r,1/3,1736/3,0
72,0.5,579.0,0
r,1.0,579.0,0
71,0.5,579.5,0
71,0.5,580.0,0
69,0.25,580.5,0
r,0.25,580.75,0
69,0.25,581.0,0
r,0.25,581.25,0
69,0.25,581.5,0
r,0.25,581.75,0
67,0.5,582.0,0
74,0.5,582.5,0
72,0.5,583.0,0
71,0.5,583.5,0
71,0.5,584.0,0
69,2/3,584.5,0
r,1/3,3511/6,0
69,0.25,585.5,0
r,0.25,585.75,0
69,0.5,586.0,0
67,2/3,586.5,0
r,1/3,3523/6,0
67,0.25,587.5,0
r,0.25,587.75,0
66,0.25,588.0,0
r,1/12,588.25,0
r,1/6,1765/3,0
67,0.25,588.5,0
r,0.25,588.75,0
69,0.25,589.0,0
r,0.25,589.25,0
71,0.25,589.5,0
r,0.25,589.75,0
72,0.25,590.0,0
r,0.25,590.25,0
74,0.25,590.5,0
r,0.25,590.75,0
76,0.25,591.0,0
r,0.25,591.25,0
78,0.25,591.5,0
r,0.25,591.75,0
79,1.0,592.0,0
78,1.0,593.0,0
79,1.0,594.0,0
81,1.0,595.0,0
84,0.5,596.0,0
83,0.5,596.5,0
81,1.25,597.0,0
r,1/12,598.25,0
r,1/6,1795/3,0
74,0.25,598.5,0
r,0.25,598.75,0
74,0.25,599.0,0
r,1/12,599.25,0
r,1/6,1798/3,0
74,0.25,599.5,0
r,0.25,599.75,0
81,1.0,600.0,0
79,0.75,601.0,0
r,0.25,601.75,0
81,2/3,602.0,0
78,2/3,602.0,0
r,1/3,1808/3,0
83,0.75,603.0,0
79,0.75,603.0,0
r,0.25,603.75,0
81,1.0,604.0,0
86,0.5,604.0,0
84,0.5,604.5,0
79,1.25,605.0,0
83,1.25,605.0,0
r,3.0,605.0,0
r,0.25,606.25,0
86,0.5,606.5,0
84,0.5,607.0,0
83,0.5,607.5,0
83,0.5,608.0,0
81,0.25,608.5,0
r,0.25,608.75,0
81,0.25,609.0,0
r,0.25,609.25,0
81,0.25,609.5,0
r,0.25,609.75,0
79,0.5,610.0,0
86,0.5,610.5,0
84,0.5,611.0,0
83,0.25,611.5,0
r,0.25,611.75,0
83,0.5,612.0,0
r,3.5,612.0,0
81,0.25,612.5,0
r,0.25,612.75,0
81,0.25,613.0,0
r,0.25,613.25,0
81,0.25,613.5,0
r,0.25,613.75,0
79,0.5,614.0,0
86,0.5,614.5,0
84,2/3,615.0,0
83,0.5,615.5,0
r,1/3,1847/3,0
83,0.5,616.0,0
r,3.75,616.0,0
81,0.25,616.5,0
r,0.25,616.75,0
84,0.5,617.0,0
81,0.25,617.5,0
r,0.25,617.75,0
81,0.5,618.0,0
79,0.25,618.5,0
r,0.25,618.75,0
79,0.5,619.0,0
78,1/3,619.5,0
79,0.25,619.75,0
86,0.25,619.75,0
r,1/6,3719/6,0
r,1/3,620.0,0
84,1/3,1861/3,0
83,0.25,1862/3,0
r,1/12,7451/12,0
81,1/3,621.0,0
79,1/3,1864/3,0
78,0.25,1865/3,0
r,1/12,7463/12,0
76,1/3,622.0,0
74,1/3,1867/3,0
72,1/3,1868/3,0
71,1/3,623.0,0
69,1/3,1870/3,0
67,1/3,1871/3,0
66,0.5,624.0,0
r,0.5,624.5,0
66,2/3,625.0,0
r,1/3,1877/3,0
66,2/3,626.0,0
r,1/3,1880/3,0
66,0.5,627.0,0
r,0.5,627.5,0
67,1/3,628.0,0
r,5/3,628.0,0
69,1/3,1885/3,0
71,1/3,1886/3,0
72,1/3,629.0,0
74,0.5,1888/3,0
76,1/3,1889/3,0
r,1/6,3779/6,0
78,1/3,630.0,0
r,2.0,630.0,0
79,1/3,1891/3,0
81,1/3,1892/3,0
83,1/3,631.0,0
84,1/3,1894/3,0
86,1/3,1895/3,0
84,2/3,632.0,0
r,1/3,1898/3,0
84,0.5,633.0,0
r,0.5,633.5,0
84,2/3,634.0,0
r,1/3,1904/3,0
84,0.5,635.0,0
r,0.25,635.5,0
83,0.25,635.75,0
86,1/3,636.0,0
r,2/3,636.0,0
84,0.5,1909/3,0
83,1/3,1910/3,0
r,1/6,3821/6,0
81,1/3,637.0,0
r,8/3,637.0,0
79,1/3,1912/3,0
78,1/3,1913/3,0
76,1/3,638.0,0
74,1/3,1915/3,0
72,1/3,1916/3,0
71,1/3,639.0,0
69,0.5,1918/3,0
67,0.5,1919/3,0
r,1/6,3839/6,0
65,2/3,640.0,0
r,1/3,1922/3,0
65,0.5,641.0,0
r,0.5,641.5,0
65,0.5,642.0,0
r,0.5,642.5,0
65,0.5,643.0,0
r,0.5,643.5,0
64,1/3,644.0,0
69,1/3,1933/3,0
72,1/3,1934/3,0
76,1/3,645.0,0
72,1/3,1936/3,0
69,1/3,1937/3,0
67,1.0,646.0,0
71,0.25,647.0,0
69,0.25,647.0,0
r,1/12,647.25,0
71,0.25,1942/3,0
69,0.25,1942/3,0
r,1/12,7771/12,0
67,0.25,1943/3,0
69,0.25,1943/3,0
r,1/12,7775/12,0
67,1/3,648.0,0
r,2.0,648.0,0
69,1/3,1945/3,0
71,1/3,1946/3,0
72,1/3,649.0,0
74,1/3,1948/3,0
76,0.5,1949/3,0
78,1/3,650.0,0
r,1/6,3901/6,0
79,1/3,1951/3,0
r,2/3,1951/3,0
81,0.5,1952/3,0
83,1/3,651.0,0
r,1/6,3907/6,0
84,0.5,1954/3,0
r,1/3,1954/3,0
86,0.25,1955/3,0
r,1/6,3911/6,0
r,1/12,7823/12,0
84,3.75,652.0,0
88,3.75,652.0,0
r,0.25,655.75,0
86,0.5,656.0,0
83,0.5,656.0,0
r,0.5,656.5,0
84,1/3,657.0,0
81,1/3,657.0,0
r,2/3,1972/3,0
83,0.5,658.0,0
79,0.5,658.0,0
r,0.5,658.5,0
78,0.5,659.0,0
81,0.5,659.0,0
r,0.5,659.5,0
86,1/3,660.0,0
r,2/3,660.0,0
84,0.5,1981/3,0
83,1/3,1982/3,0
r,1/6,3965/6,0
81,1/3,661.0,0
r,2/3,661.0,0
79,0.5,1984/3,0
78,1/3,1985/3,0
r,1/6,3971/6,0
76,1/3,662.0,0
r,2/3,662.0,0
74,0.5,1987/3,0
72,0.5,1988/3,0
r,1/6,3977/6,0
71,1/3,663.0,0
r,0.5,3979/6,0
69,0.5,1990/3,0
67,0.25,1991/3,0
r,1/6,3983/6,0
r,1/12,7967/12,0
72,11/3,664.0,0
76,11/3,664.0,0
r,1/3,2003/3,0
74,0.5,668.0,0
71,0.5,668.0,0
r,0.5,668.5,0
72,0.5,669.0,0
69,0.5,669.0,0
r,0.5,669.5,0
71,0.5,670.0,0
67,0.5,670.0,0
r,0.5,670.5,0
69,2/3,671.0,0
66,2/3,671.0,0
r,1/3,2015/3,0
67,0.5,672.0,0
r,0.5,672.5,0
86,1/3,673.0,0
83,1/3,2020/3,0
79,1/3,2021/3,0
78,0.75,674.0,0
r,0.25,674.75,0
84,1/3,675.0,0
81,1/3,2026/3,0
78,1/3,2027/3,0
79,0.5,676.0,0
r,2.0,676.0,0
r,0.5,676.5,0
74,1/3,677.0,0
71,1/3,2032/3,0
67,0.5,2033/3,0
66,0.75,678.0,0
r,5/6,4069/6,0
r,1.25,678.75,0
72,1/3,679.0,0
69,1/3,2038/3,0
66,1/3,2039/3,0
67,0.5,680.0,0
r,10/3,680.0,0
r,0.5,680.5,0
86,1/3,681.0,0
83,1/3,2044/3,0
79,1/3,2045/3,0
78,0.75,682.0,0
r,0.25,682.75,0
84,0.5,683.0,0
81,1/3,2050/3,0
r,1/6,683.5,0
78,1/3,2051/3,0
r,1/3,2051/3,0
79,2/3,684.0,0
r,2.0,684.0,0
r,1/3,2054/3,0
74,1/3,685.0,0
71,1/3,2056/3,0
67,0.5,2057/3,0
66,0.75,686.0,0
r,5/6,4117/6,0
r,1.25,686.75,0
72,1/3,687.0,0
69,1/3,2062/3,0
66,1/3,2063/3,0
67,2/3,688.0,0
r,1/12,2066/3,0
r,0.25,688.75,0
72,1/3,689.0,0
69,1/3,2068/3,0
66,1/3,2069/3,0
67,2/3,690.0,0
r,1/12,2072/3,0
r,0.25,690.75,0
72,1/3,691.0,0
69,1/3,2074/3,0
66,1/3,2075/3,0
67,2/3,692.0,0
r,1/12,2078/3,0
r,0.25,692.75,0
r,0.25,693.0,0
r,1/12,693.25,0
r,1/6,2080/3,0
r,1/6,693.5,0
r,1/12,2081/3,0
r,0.25,693.75,0
74,0.75,694.0,0
72,0.75,694.0,0
78,0.75,694.0,0
69,0.75,694.0,0
r,0.25,694.75,0
r,0.25,695.0,0
r,1/12,695.25,0
r,1/6,2086/3,0
r,1/6,695.5,0
r,1/12,2087/3,0
r,0.25,695.75,0
74,1.5,696.0,0
71,1.5,696.0,0
79,1.5,696.0,0
r,1/6,697.5,0
r,1/12,2093/3,0
r,0.25,697.75,0
r,0.25,698.0,0
r,1/12,698.25,0
r,1/6,2095/3,0
r,1/6,698.5,0
r,1/12,2096/3,0
r,0.25,698.75,0
r,1.0,699.0,0
r,4.0,700.0,0
r,2.0,704.0,0
67,0.75,706.0,0
66,0.25,706.75,0
66,5/3,707.0,0
r,1/3,2126/3,0
66,0.75,709.0,0
67,0.25,709.75,0
67,5/3,710.0,0
r,1/3,2135/3,0
67,0.75,712.0,0
71,1/3,712.75,0
74,1.5,713.0,0
76,0.5,714.5,0
74,0.5,715.0,0
72,0.5,715.5,0
71,1.0,716.0,0
67,0.5,717.0,0
r,1/6,717.5,0
r,1/12,2153/3,0
r,0.25,717.75,0
67,0.75,718.0,0
66,0.25,718.75,0
66,5/3,719.0,0
r,1/3,2162/3,0
66,0.75,721.0,0
67,0.25,721.75,0
67,1.5,722.0,0
r,0.5,723.5,0
67,0.75,724.0,0
71,0.25,724.75,0
74,1.5,725.0,0
73,0.5,726.5,0
72,0.5,727.0,0
69,0.5,727.5,0
67,1.0,728.0,0
r,1.0,729.0,0
71,1/3,730.0,0
r,5/12,2191/3,0
71,0.25,730.75,0
71,1.0,731.0,0
72,2/3,732.0,0
r,1/3,2198/3,0
72,1/3,733.0,0
r,5/12,2200/3,0
72,0.25,733.75,0
72,1.0,734.0,0
71,0.75,735.0,0
r,0.25,735.75,0
71,1/3,736.0,0
r,5/12,2209/3,0
71,0.25,736.75,0
71,0.5,737.0,0
69,0.5,737.5,0
68,0.5,738.0,0
69,0.5,738.5,0
75,0.5,739.0,0
76,2/3,739.5,0
67,1.0,740.0,0
66,0.5,741.0,0
r,1/6,741.5,0
r,1/12,2225/3,0
r,0.25,741.75,0
79,0.75,742.0,0
78,0.25,742.75,0
78,5/3,743.0,0
r,1/3,2234/3,0
78,0.75,745.0,0
79,0.25,745.75,0
79,4/3,746.0,0
r,2/3,2242/3,0
79,0.75,748.0,0
83,0.25,748.75,0
86,1.25,749.0,0
r,0.25,750.25,0
88,0.25,750.5,0
r,0.25,750.75,0
86,0.5,751.0,0
84,0.5,751.5,0
83,1.0,752.0,0
79,0.75,753.0,0
r,0.25,753.75,0
79,0.75,754.0,0
78,0.25,754.75,0
78,5/3,755.0,0
r,1/3,2270/3,0
78,0.75,757.0,0
79,0.25,757.75,0
79,1.5,758.0,0
r,0.5,759.5,0
79,0.75,760.0,0
83,1/3,760.75,0
86,0.75,761.0,0
r,2.25,761.0,0
r,0.25,761.75,0
86,0.25,762.0,0
85,0.25,762.25,0
86,0.25,762.5,0
85,0.25,762.75,0
86,1/3,763.0,0
84,1/3,763.25,0
r,1/6,2290/3,0
83,0.25,763.5,0
r,5/12,9163/12,0
81,0.25,763.75,0
79,1.0,764.0,0
r,0.75,765.0,0
r,0.25,765.75,0
71,2/3,766.0,0
74,2/3,766.0,0
r,1/12,2300/3,0
r,0.25,766.75,0
79,1.0,767.0,0
76,1.0,767.0,0
r,0.25,768.0,0
r,1/12,768.25,0
r,1/6,2305/3,0
r,1/6,768.5,0
r,1/12,2306/3,0
r,0.25,768.75,0
78,0.75,769.0,0
74,0.75,769.0,0
r,0.25,769.75,0
76,1.0,770.0,0
72,1.0,770.0,0
r,0.25,771.0,0
r,1/12,771.25,0
r,1/6,2314/3,0
r,1/6,771.5,0
r,1/12,2315/3,0
r,0.25,771.75,0
74,2/3,772.0,0
71,2/3,772.0,0
r,1/12,2318/3,0
r,0.25,772.75,0
74,0.5,773.0,0
72,0.5,773.0,0
r,0.5,773.5,0
72,0.5,774.0,0
74,0.5,774.0,0
r,0.5,774.5,0
72,0.5,775.0,0
74,0.5,775.0,0
r,0.5,775.5,0
74,1.0,776.0,0
71,1.0,776.0,0
r,2.0,777.0,0
r,0.25,779.0,0
r,0.5,779.0,0
74,1/3,779.25,0
76,1/3,779.5,0
r,1/6,9355/12,0
78,0.25,779.75,0
r,13/6,4679/6,0
79,0.25,780.0,0
81,0.25,780.25,0
83,0.25,780.5,0
85,0.25,780.75,0
86,0.25,781.0,0
r,0.25,781.25,0
86,1/3,781.5,0
r,1/6,4691/6,0
r,0.25,782.0,0
r,2.0,782.0,0
74,0.25,782.25,0
76,0.25,782.5,0
78,0.25,782.75,0
79,0.25,783.0,0
81,0.25,783.25,0
83,0.25,783.5,0
85,1/3,783.75,0
86,0.25,784.0,0
r,5/12,9409/12,0
r,0.75,784.25,0
86,0.25,784.5,0
r,0.25,784.75,0
83,0.5,785.0,0
81,0.5,785.5,0
79,0.5,786.0,0
78,0.5,786.5,0
76,0.5,787.0,0
74,0.5,787.5,0
73,0.25,788.0,0
81,1.5,788.0,0
r,1.25,788.25,0
83,0.25,789.5,0
r,1.5,789.5,0
81,0.25,789.75,0
79,0.5,790.0,0
81,0.25,790.5,0
79,0.25,790.75,0
78,0.5,791.0,0
r,1.0,791.0,0
79,0.25,791.5,0
78,1/3,791.75,0
76,0.25,792.0,0
r,5/12,9505/12,0
r,1.75,792.25,0
78,0.25,792.5,0
76,0.25,792.75,0
74,0.5,793.0,0
76,0.25,793.5,0
74,1/3,793.75,0
73,1.0,794.0,0
r,2.75,794.0,0
r,0.5,795.0,0
73,0.25,795.5,0
r,0.25,795.75,0
74,0.25,796.0,0
73,0.25,796.25,0
71,1/3,796.5,0
73,0.25,796.75,0
r,1/6,4781/6,0
74,1.0,797.0,0
r,2.75,797.0,0
r,0.5,798.0,0
74,0.25,798.5,0
r,0.25,798.75,0
76,0.25,799.0,0
74,0.25,799.25,0
73,1/3,799.5,0
74,0.25,799.75,0
r,1/6,4799/6,0
81,1.25,800.0,0
r,0.25,801.25,0
83,0.25,801.5,0
81,0.25,801.75,0
79,0.25,802.0,0
r,0.25,802.25,0
81,0.25,802.5,0
79,1/3,802.75,0
78,0.25,803.0,0
r,2.75,803.0,0
r,0.25,803.25,0
79,0.25,803.5,0
78,0.25,803.75,0
76,0.25,804.0,0
r,0.25,804.25,0
78,0.25,804.5,0
76,0.25,804.75,0
74,0.25,805.0,0
r,0.25,805.25,0
76,1/3,805.5,0
74,0.25,805.75,0
r,1/6,4835/6,0
73,1.0,806.0,0
r,0.25,807.0,0
r,0.25,807.25,0
73,0.5,807.5,0
76,0.25,808.0,0
74,0.25,808.25,0
73,0.25,808.5,0
74,0.25,808.75,0
76,0.5,809.0,0
r,0.25,809.5,0
79,0.25,809.75,0
74,2/3,810.0,0
r,1/12,2432/3,0
r,0.25,810.75,0
73,2/3,811.0,0
r,1/12,2435/3,0
r,0.25,811.75,0
74,0.5,812.0,0
r,2.0,812.0,0
76,0.25,812.5,0
78,0.25,812.75,0
79,0.25,813.0,0
81,0.25,813.25,0
83,0.25,813.5,0
85,1/3,813.75,0
86,0.25,814.0,0
r,5/12,9769/12,0
r,0.75,814.25,0
86,0.25,814.5,0
r,0.25,814.75,0
86,0.5,815.0,0
81,0.25,815.5,0
r,0.25,815.75,0
81,0.5,816.0,0
78,0.25,816.5,0
r,0.25,816.75,0
78,0.5,817.0,0
74,0.25,817.5,0
r,0.25,817.75,0
74,1.75,818.0,0
r,0.25,819.75,0
76,0.75,820.0,0
73,0.25,820.75,0
74,0.5,821.0,0
r,2.0,821.0,0
76,0.25,821.5,0
78,0.25,821.75,0
79,0.25,822.0,0
81,0.25,822.25,0
83,0.25,822.5,0
85,1/3,822.75,0
86,0.25,823.0,0
r,5/12,9877/12,0
r,0.75,823.25,0
86,0.25,823.5,0
r,0.25,823.75,0
86,1/3,824.0,0
81,1/3,2473/3,0
81,0.25,2474/3,0
r,1/12,9899/12,0
81,1/3,825.0,0
78,1/3,2476/3,0
78,0.25,2477/3,0
r,1/12,9911/12,0
78,1/3,826.0,0
74,1/3,2479/3,0
74,0.25,2480/3,0
r,1/12,9923/12,0
74,1.5,827.0,0
r,0.5,828.5,0
76,0.75,829.0,0
73,0.25,829.75,0
74,1/3,830.0,0
r,5/12,2491/3,0
74,0.25,830.75,0
73,0.75,831.0,0
74,0.25,831.75,0
72,0.75,832.0,0
74,0.25,832.75,0
71,0.75,833.0,0
r,1.0,833.0,0
74,1/3,833.75,0
71,0.75,834.0,0
r,2/3,10009/12,0
74,1/3,834.75,0
r,0.25,834.75,0
73,0.75,835.0,0
r,2/3,10021/12,0
76,1/3,835.75,0
r,0.25,835.75,0
74,1/3,836.0,0
r,1.0,836.0,0
r,5/12,2509/3,0
74,1/3,836.75,0
73,0.75,837.0,0
r,2/3,10045/12,0
74,1/3,837.75,0
r,0.25,837.75,0
72,0.75,838.0,0
r,2/3,10057/12,0
74,1/3,838.75,0
r,0.25,838.75,0
71,0.75,839.0,0
r,1.0,839.0,0
74,1/3,839.75,0
71,0.75,840.0,0
r,2/3,10081/12,0
74,1/3,840.75,0
r,0.25,840.75,0
73,0.75,841.0,0
r,2/3,10093/12,0
76,1/3,841.75,0
r,0.25,841.75,0
74,0.5,842.0,0
r,0.25,842.5,0
74,0.25,842.75,0
73,0.75,843.0,0
74,0.25,843.75,0
72,0.75,844.0,0
74,0.25,844.75,0
71,0.75,845.0,0
74,0.25,845.75,0
69,0.75,846.0,0
74,0.25,846.75,0
67,0.75,847.0,0
66,0.25,847.75,0
66,5/3,848.0,0
r,1/12,2549/3,0
r,0.25,849.75,0
66,0.75,850.0,0
67,0.25,850.75,0
67,1.5,851.0,0
r,0.5,852.5,0
67,0.75,853.0,0
71,0.25,853.75,0
74,1.5,854.0,0
r,2.5,854.0,0
76,0.5,855.5,0
74,2/3,856.0,0
72,2/3,856.5,0
r,1/3,2570/3,0
71,1.0,857.0,0
67,0.75,858.0,0
r,0.25,858.75,0
67,0.75,859.0,0
66,0.25,859.75,0
66,5/3,860.0,0
r,1/3,2585/3,0
66,0.75,862.0,0
67,0.25,862.75,0
67,4/3,863.0,0
r,2/3,2593/3,0
67,0.75,865.0,0
71,0.25,865.75,0
74,1.5,866.0,0
73,0.5,867.5,0
72,0.5,868.0,0
69,0.5,868.5,0
67,1.5,869.0,0
r,0.5,870.5,0
71,0.25,871.0,0
r,1/12,871.25,0
r,1/6,2614/3,0
r,1/6,871.5,0
r,1/12,2615/3,0
71,0.25,871.75,0
71,1.0,872.0,0
72,2/3,873.0,0
r,1/3,2621/3,0
72,1/3,874.0,0
r,5/12,2623/3,0
72,0.25,874.75,0
72,1.0,875.0,0
71,2/3,876.0,0
r,1/3,2630/3,0
71,1/3,877.0,0
r,5/12,2632/3,0
71,0.25,877.75,0
71,0.5,878.0,0
69,0.5,878.5,0
68,0.5,879.0,0
69,0.5,879.5,0
75,0.5,880.0,0
76,0.5,880.5,0
67,1.0,881.0,0
66,0.5,882.0,0
r,0.25,882.5,0
r,0.25,882.75,0
79,0.75,883.0,0
78,0.25,883.75,0
78,1.75,884.0,0
r,0.25,885.75,0
78,0.75,886.0,0
79,0.25,886.75,0
79,5/3,887.0,0
r,1/3,2666/3,0
79,0.75,889.0,0
83,0.25,889.75,0
86,1.5,890.0,0
88,0.5,891.5,0
86,0.5,892.0,0
84,0.5,892.5,0
83,1.0,893.0,0
79,0.75,894.0,0
r,0.25,894.75,0
79,0.75,895.0,0
78,0.25,895.75,0
78,5/3,896.0,0
r,1/3,2693/3,0
78,0.75,898.0,0
79,0.25,898.75,0
79,1.5,899.0,0
r,0.5,900.5,0
79,0.75,901.0,0
83,0.25,901.75,0
86,0.75,902.0,0
r,2.5,902.0,0
r,0.25,902.75,0
86,0.25,903.0,0
85,0.25,903.25,0
86,0.25,903.5,0
85,0.25,903.75,0
86,0.25,904.0,0
84,1/3,904.25,0
83,0.25,904.5,0
r,1/6,10855/12,0
81,0.25,904.75,0
r,0.25,904.75,0
79,1.25,905.0,0
r,0.75,906.25,0
72,0.75,907.0,0
76,0.25,907.75,0
76,1.0,908.0,0
79,1.0,908.0,0
r,0.5,909.0,0
67,0.25,909.5,0
76,0.25,909.5,0
r,0.25,909.75,0
69,0.25,910.0,0
77,0.25,910.0,0
r,0.25,910.25,0
65,0.25,910.5,0
74,0.25,910.5,0
r,0.25,910.75,0
64,1.25,911.0,0
72,1.25,911.0,0
r,0.25,912.25,0
67,0.5,912.5,0
72,0.5,913.0,0
76,0.25,913.5,0
r,0.25,913.75,0
79,1.0,914.0,0
76,1.0,914.0,0
r,0.5,915.0,0
67,0.25,915.5,0
76,0.25,915.5,0
r,0.25,915.75,0
77,0.25,916.0,0
69,0.25,916.0,0
r,0.25,916.25,0
74,0.25,916.5,0
65,0.25,916.5,0
r,0.25,916.75,0
64,0.75,917.0,0
72,1.25,917.0,0
r,0.75,917.75,0
r,1.75,918.25,0
72,0.5,918.5,0
71,0.5,919.0,0
72,0.5,919.5,0
74,0.5,920.0,0
71,0.5,920.5,0
67,0.5,921.0,0
74,0.5,921.5,0
72,0.5,922.0,0
74,0.5,922.5,0
76,0.5,923.0,0
72,0.5,923.5,0
67,0.5,924.0,0
76,0.5,924.5,0
74,0.5,925.0,0
76,0.5,925.5,0
77,2/3,926.0,0
r,0.5,926.0,0
79,0.5,926.5,0
r,1/3,2780/3,0
81,0.5,927.0,0
r,2.0,927.0,0
76,0.5,927.5,0
77,0.5,928.0,0
74,0.5,928.5,0
72,1.0,929.0,0
71,0.5,930.0,0
67,0.5,930.5,0
72,0.5,931.0,0
76,0.25,931.5,0
r,0.25,931.75,0
79,1.25,932.0,0
76,1.25,932.0,0
r,0.25,933.25,0
67,0.25,933.5,0
76,0.25,933.5,0
r,0.25,933.75,0
77,0.25,934.0,0
69,0.25,934.0,0
r,0.25,934.25,0
65,0.25,934.5,0
74,0.25,934.5,0
r,0.25,934.75,0
64,1.0,935.0,0
72,1.0,935.0,0
r,2.5,935.0,0
r,0.5,936.0,0
67,0.5,936.5,0
72,0.75,937.0,0
76,0.25,937.5,0
r,0.25,937.75,0
r,0.25,937.75,0
79,1.25,938.0,0
76,1.25,938.0,0
r,0.25,939.25,0
67,0.25,939.5,0
76,0.25,939.5,0
r,0.25,939.75,0
69,0.25,940.0,0
77,0.25,940.0,0
r,0.25,940.25,0
74,0.25,940.5,0
65,0.25,940.5,0
r,0.25,940.75,0
64,1.25,941.0,0
72,0.25,941.0,0
r,2.75,941.25,0
r,0.25,942.25,0
72,0.5,942.5,0
71,0.5,943.0,0
72,2/3,943.5,0
74,0.5,944.0,0
71,0.5,944.5,0
67,0.25,945.0,0
r,0.25,945.25,0
74,0.5,945.5,0
72,0.5,946.0,0
74,0.5,946.5,0
76,0.5,947.0,0
72,0.5,947.5,0
67,0.25,948.0,0
r,0.25,948.25,0
76,0.5,948.5,0
74,0.5,949.0,0
76,0.5,949.5,0
78,0.5,950.0,0
72,0.5,950.5,0
69,0.25,951.0,0
r,0.25,951.25,0
78,0.5,951.5,0
76,0.5,952.0,0
78,0.5,952.5,0
79,0.5,953.0,0
74,0.5,953.5,0
71,0.25,954.0,0
r,0.25,954.25,0
79,0.5,954.5,0
81,0.5,955.0,0
83,0.5,955.5,0
84,0.5,956.0,0
r,2.0,956.0,0
83,0.5,956.5,0
81,0.5,957.0,0
79,2/3,957.5,0
78,0.5,958.0,0
r,1/3,5749/6,0
76,2/3,958.5,0
r,0.5,958.5,0
74,2/3,959.0,0
r,0.5,959.0,0
72,0.5,959.5,0
r,1/3,2879/3,0
71,0.5,960.0,0
r,1.0,960.0,0
69,2/3,960.5,0
67,0.5,961.0,0
r,1/3,5767/6,0
66,0.5,961.5,0
r,0.5,961.5,0
64,0.5,962.0,0
62,0.5,962.5,0
r,2.0,963.0,0
r,2.0,965.0,0
67,0.75,967.0,0
66,0.25,967.75,0
66,5/3,968.0,0
r,1/3,2909/3,0
66,0.75,970.0,0
67,0.25,970.75,0
67,1.75,971.0,0
r,0.25,972.75,0
67,0.75,973.0,0
71,0.25,973.75,0
74,5/3,974.0,0
r,1.5,974.0,0
76,0.5,975.5,0
r,1/3,2927/3,0
74,0.5,976.0,0
r,1.0,976.0,0
72,0.5,976.5,0
71,1.0,977.0,0
67,0.75,978.0,0
r,0.25,978.75,0
67,0.75,979.0,0
66,0.25,979.75,0
66,1.75,980.0,0
r,0.25,981.75,0
66,0.75,982.0,0
67,0.25,982.75,0
67,1.75,983.0,0
r,0.25,984.75,0
67,0.75,985.0,0
71,0.25,985.75,0
74,1.5,986.0,0
73,0.5,987.5,0
72,0.5,988.0,0
69,0.5,988.5,0
67,1.0,989.0,0
r,1.0,990.0,0
71,1/3,991.0,0
r,5/12,2974/3,0
71,0.25,991.75,0
71,1.0,992.0,0
72,2/3,993.0,0
r,1/3,2981/3,0
72,1/3,994.0,0
r,5/12,2983/3,0
72,0.25,994.75,0
72,1.0,995.0,0
71,2/3,996.0,0
r,1/3,2990/3,0
71,0.5,997.0,0
r,0.25,997.5,0
71,0.25,997.75,0
71,0.5,998.0,0
69,0.5,998.5,0
68,0.5,999.0,0
69,0.5,999.5,0
75,0.5,1000.0,0
76,0.5,1000.5,0
67,1.0,1001.0,0
66,0.5,1002.0,0
r,0.5,1002.5,0
79,0.75,1003.0,0
78,0.25,1003.75,0
78,1.75,1004.0,0
r,0.25,1005.75,0
78,0.75,1006.0,0
79,0.25,1006.75,0
79,5/3,1007.0,0
r,1/3,3026/3,0
79,0.75,1009.0,0
83,1/3,1009.75,0
86,1.5,1010.0,0
88,0.5,1011.5,0
86,0.5,1012.0,0
84,0.5,1012.5,0
83,1.0,1013.0,0
79,0.75,1014.0,0
r,0.25,1014.75,0
79,0.75,1015.0,0
78,0.25,1015.75,0
78,1.75,1016.0,0
r,0.25,1017.75,0
78,0.75,1018.0,0
79,0.25,1018.75,0
79,5/3,1019.0,0
r,1/3,3062/3,0
79,0.75,1021.0,0
83,1/3,1021.75,0
86,0.75,1022.0,0
r,1.5,1022.0,0
r,0.25,1022.75,0
86,0.25,1023.0,0
85,1/3,1023.25,0
86,0.25,1023.5,0
r,1/6,12283/12,0
85,0.25,1023.75,0
r,0.5,1023.75,0
86,1/3,1024.0,0
84,0.25,1024.25,0
r,1/6,3073/3,0
83,0.25,1024.5,0
r,0.5,1024.5,0
81,0.25,1024.75,0
79,1.25,1025.0,0
r,0.75,1026.25,0
79,0.75,1027.0,0
77,0.25,1027.75,0
77,1.0,1028.0,0
r,1.0,1029.0,0
77,0.75,1030.0,0
76,0.25,1030.75,0
76,1.25,1031.0,0
r,0.75,1032.25,0
76,0.75,1033.0,0
74,0.25,1033.75,0
74,1.25,1034.0,0
r,0.75,1035.25,0
74,0.75,1036.0,0
72,0.25,1036.75,0
72,1.0,1037.0,0
r,1.0,1038.0,0
72,0.75,1039.0,0
69,0.25,1039.75,0
67,0.5,1040.0,0
66,0.5,1040.5,0
74,1.5,1041.0,0
67,0.25,1042.5,0
r,0.25,1042.75,0
67,0.5,1043.0,0
66,0.5,1043.5,0
74,1.5,1044.0,0
71,0.5,1045.5,0
r,0.5,1046.0,0
r,1.75,1046.0,0
69,0.25,1046.5,0
72,0.25,1046.75,0
r,0.5,1047.0,0
67,1/3,1047.5,0
71,0.25,1047.75,0
r,2/3,6287/6,0
r,0.75,1048.0,0
66,1/3,1048.5,0
69,0.25,1048.75,0
r,1/6,6293/6,0
r,0.25,1049.0,0
67,0.25,1049.25,0
69,0.25,1049.5,0
71,0.25,1049.75,0
72,0.25,1050.0,0
74,0.25,1050.25,0
76,0.25,1050.5,0
78,0.25,1050.75,0
79,0.25,1051.0,0
81,0.25,1051.25,0
83,0.25,1051.5,0
79,0.25,1051.75,0
78,0.5,1052.0,0
r,2.25,1052.0,0
86,0.75,1052.5,0
r,0.25,1053.25,0
86,0.5,1053.5,0
84,1/3,1054.0,0
83,0.25,1054.25,0
r,1/6,3163/3,0
81,1/3,1054.5,0
r,0.25,1054.5,0
79,0.25,1054.75,0
r,1/6,6329/6,0
78,0.25,1055.0,0
r,1.0,1055.0,0
86,0.25,1055.25,0
85,0.25,1055.5,0
86,1/3,1055.75,0
85,0.25,1056.0,0
r,1/6,12673/12,0
86,0.25,1056.25,0
r,1.0,1056.25,0
85,0.25,1056.5,0
86,0.25,1056.75,0
84,1/3,1057.0,0
83,0.25,1057.25,0
r,1/6,3172/3,0
81,0.25,1057.5,0
r,0.5,1057.5,0
79,0.25,1057.75,0
87,0.25,1058.0,0
r,2.25,1058.0,0
88,0.25,1058.25,0
87,0.25,1058.5,0
88,0.25,1058.75,0
79,1.0,1059.0,0
83,1/3,1060.0,0
81,1/3,1060.25,0
r,1/6,3181/3,0
79,0.25,1060.5,0
r,5/12,12727/12,0
81,1/3,1060.75,0
79,1.25,1061.0,0
r,0.75,1062.25,0
60,0.5,1063.0,0
66,0.5,1063.0,0
r,1/6,1063.5,0
r,1/12,3191/3,0
r,0.25,1063.75,0
59,1.0,1064.0,0
67,1.0,1064.0,0
r,0.25,1065.0,0
r,1/12,1065.25,0
r,1/6,3196/3,0
r,1/6,1065.5,0
r,1/12,3197/3,0
r,1.25,1065.75,0
r,4.0,0.0,1
43,2.0,4.0,1
55,2.0,4.0,1
r,2.0,6.0,1
r,1.0,8.0,1
59,1.0,9.0,1
57,1.0,10.0,1
55,1.0,11.0,1
54,1.25,12.0,1
r,1.0,12.0,1
50,1.0,13.0,1
r,0.75,13.25,1
55,1.0,14.0,1
r,2.0,14.0,1
53,1.0,15.0,1
52,1.0,16.0,1
54,1.0,17.0,1
55,0.25,18.0,1
r,0.25,18.25,1
55,0.25,18.5,1
r,0.25,18.75,1
59,0.25,19.0,1
r,0.25,19.25,1
62,0.25,19.5,1
r,0.25,19.75,1
55,2.0,20.0,1
67,2.0,20.0,1
r,1.75,22.0,1
r,0.25,23.75,1
r,0.25,24.0,1
r,1/12,24.25,1
r,1/6,73/3,1
r,1/6,24.5,1
r,1/12,74/3,1
r,0.25,24.75,1
71,0.5,25.0,1
74,0.5,25.5,1
69,0.5,26.0,1
74,0.5,26.5,1
67,0.5,27.0,1
74,0.5,27.5,1
66,0.5,28.0,1
74,0.5,28.5,1
62,0.5,29.0,1
74,0.5,29.5,1
67,0.5,30.0,1
74,0.5,30.5,1
65,0.5,31.0,1
74,0.5,31.5,1
64,0.5,32.0,1
67,0.5,32.5,1
66,0.5,33.0,1
69,0.5,33.5,1
67,1.0,34.0,1
r,0.25,35.0,1
r,0.25,35.25,1
r,1/6,35.5,1
r,1/12,107/3,1
r,0.25,35.75,1
r,0.25,36.0,1
r,1/12,36.25,1
r,1/6,109/3,1
r,1/6,36.5,1
r,1/12,110/3,1
r,0.25,36.75,1
60,1.0,37.0,1
64,1.0,37.0,1
69,1.0,37.0,1
r,0.25,38.0,1
r,1/12,38.25,1
r,1/6,115/3,1
r,1/6,38.5,1
r,1/12,116/3,1
r,0.25,38.75,1
r,0.25,39.0,1
r,1/12,39.25,1
r,1/6,118/3,1
r,1/6,39.5,1
r,1/12,119/3,1
r,0.25,39.75,1
r,0.25,40.0,1
r,1/12,40.25,1
r,1/6,121/3,1
r,1/6,40.5,1
r,1/12,122/3,1
r,0.25,40.75,1
59,0.75,41.0,1
62,0.75,41.0,1
67,0.75,41.0,1
r,0.25,41.75,1
r,0.25,42.0,1
r,1/12,42.25,1
r,1/6,127/3,1
r,0.25,42.5,1
r,0.25,42.75,1
r,0.25,43.0,1
r,0.75,43.25,1
60,1.0,44.0,1
r,1.0,45.0,1
62,1.0,46.0,1
r,1.0,47.0,1
55,1.5,48.0,1
r,0.5,49.5,1
r,0.25,50.0,1
r,1/12,50.25,1
r,1/6,151/3,1
r,1/6,50.5,1
r,1/12,152/3,1
r,0.25,50.75,1
r,0.25,51.0,1
r,1/12,51.25,1
r,1/6,154/3,1
r,1/6,51.5,1
r,1/12,155/3,1
r,0.25,51.75,1
r,0.25,52.0,1
r,1/12,52.25,1
r,1/6,157/3,1
r,1/6,52.5,1
r,1/12,158/3,1
r,0.25,52.75,1
57,5/3,53.0,1
52,5/3,53.0,1
48,5/3,53.0,1
r,4/3,164/3,1
r,1.0,56.0,1
52,5/3,57.0,1
49,5/3,57.0,1
57,5/3,57.0,1
r,4/3,176/3,1
50,0.5,60.0,1
r,1/3,60.0,1
54,1/3,181/3,1
r,1/6,60.5,1
57,0.25,182/3,1
r,2/3,182/3,1
r,1/12,731/12,1
50,0.5,61.0,1
54,1/3,184/3,1
r,1/6,61.5,1
57,1/3,185/3,1
r,2/3,185/3,1
50,0.5,62.0,1
54,1/3,187/3,1
r,1/6,62.5,1
57,1/3,188/3,1
r,2/3,188/3,1
50,0.5,63.0,1
54,1/3,190/3,1
r,1/6,63.5,1
57,1/3,191/3,1
r,1/3,191/3,1
50,0.5,64.0,1
r,1/3,64.0,1
55,1/3,193/3,1
r,1/6,64.5,1
59,1/3,194/3,1
r,2/3,194/3,1
50,0.5,65.0,1
55,1/3,196/3,1
r,1/6,65.5,1
59,1/3,197/3,1
r,2/3,197/3,1
50,0.5,66.0,1
55,1/3,199/3,1
r,1/6,66.5,1
59,1/3,200/3,1
r,2/3,200/3,1
50,0.5,67.0,1
55,1/3,202/3,1
r,1/6,67.5,1
59,1/3,203/3,1
r,1/3,203/3,1
50,0.5,68.0,1
r,1/3,68.0,1
54,1/3,205/3,1
r,1/6,68.5,1
57,1/3,206/3,1
r,2/3,206/3,1
50,0.5,69.0,1
54,1/3,208/3,1
r,1/6,69.5,1
57,1/3,209/3,1
r,2/3,209/3,1
50,0.5,70.0,1
54,1/3,211/3,1
r,1/6,70.5,1
57,1/3,212/3,1
r,4/3,212/3,1
50,1/3,71.0,1
54,1/3,214/3,1
57,1/3,215/3,1
50,0.5,72.0,1
r,1/3,72.0,1
55,1/3,217/3,1
r,1/6,72.5,1
59,1/3,218/3,1
r,2/3,218/3,1
50,0.5,73.0,1
55,1/3,220/3,1
r,1/6,73.5,1
59,1/3,221/3,1
r,2/3,221/3,1
50,0.5,74.0,1
55,1/3,223/3,1
r,1/6,74.5,1
59,1/3,224/3,1
r,2/3,224/3,1
50,0.5,75.0,1
55,1/3,226/3,1
r,1/6,75.5,1
59,1/3,227/3,1
r,1/3,227/3,1
50,0.5,76.0,1
r,1/3,76.0,1
54,1/3,229/3,1
r,1/6,76.5,1
57,1/3,230/3,1
r,2/3,230/3,1
50,0.5,77.0,1
55,1/3,232/3,1
r,1/6,77.5,1
59,1/3,233/3,1
r,2/3,233/3,1
50,0.5,78.0,1
54,1/3,235/3,1
r,1/6,78.5,1
57,1/3,236/3,1
r,2/3,236/3,1
50,0.5,79.0,1
55,1/3,238/3,1
r,1/6,79.5,1
59,0.25,239/3,1
r,1/3,239/3,1
r,1/12,959/12,1
50,1.25,80.0,1
54,1.25,80.0,1
r,0.75,81.25,1
r,0.25,82.0,1
r,1/12,82.25,1
r,1/6,247/3,1
r,1/6,82.5,1
r,1/12,248/3,1
r,0.25,82.75,1
r,0.25,83.0,1
r,1/12,83.25,1
r,1/6,250/3,1
r,1/6,83.5,1
r,1/3,251/3,1
66,0.5,84.0,1
69,0.5,84.5,1
67,0.5,85.0,1
69,0.5,85.5,1
66,0.5,86.0,1
69,0.5,86.5,1
61,0.5,87.0,1
69,0.5,87.5,1
62,0.5,88.0,1
r,1.5,88.0,1
69,0.5,88.5,1
61,2/3,89.0,1
69,0.5,89.5,1
r,1/3,269/3,1
57,1.5,90.0,1
r,2.0,90.0,1
r,0.5,91.5,1
67,0.5,92.0,1
r,2.5,92.0,1
69,0.5,92.5,1
66,0.5,93.0,1
69,0.5,93.5,1
64,2/3,94.0,1
69,0.5,94.5,1
r,1/3,284/3,1
62,0.5,95.0,1
r,1.0,95.0,1
69,0.5,95.5,1
61,0.5,96.0,1
69,0.5,96.5,1
62,0.5,97.0,1
69,0.5,97.5,1
62,1.25,98.0,1
r,1/12,99.25,1
r,1/6,298/3,1
r,1/6,99.5,1
r,1/12,299/3,1
r,0.25,99.75,1
71,1.75,100.0,1
67,1.75,100.0,1
r,0.25,101.75,1
66,1.25,102.0,1
69,1.25,102.0,1
r,0.75,103.25,1
67,2.0,104.0,1
71,2.0,104.0,1
66,1.0,106.0,1
69,1.0,106.0,1
r,1.0,107.0,1
r,1.0,108.0,1
67,2/3,109.0,1
r,1.0,329/3,1
r,1/12,332/3,1
r,0.25,110.75,1
68,2/3,111.0,1
r,1/12,335/3,1
r,0.25,111.75,1
69,0.75,112.0,1
r,0.25,112.75,1
57,1.0,113.0,1
r,2.0,114.0,1
66,0.5,116.0,1
69,0.5,116.5,1
67,0.5,117.0,1
69,0.5,117.5,1
66,0.5,118.0,1
69,0.5,118.5,1
61,0.5,119.0,1
69,0.5,119.5,1
62,0.5,120.0,1
69,0.5,120.5,1
57,0.5,121.0,1
69,0.5,121.5,1
57,1.0,122.0,1
r,0.25,123.0,1
r,1/12,123.25,1
r,1/6,370/3,1
r,1/6,123.5,1
r,1/12,371/3,1
r,0.25,123.75,1
67,0.5,124.0,1
r,2.0,124.0,1
69,0.5,124.5,1
66,0.5,125.0,1
69,2/3,125.5,1
64,0.5,126.0,1
r,1/3,757/6,1
69,0.5,126.5,1
r,1.5,126.5,1
62,0.5,127.0,1
69,0.5,127.5,1
61,0.5,128.0,1
69,0.5,128.5,1
62,0.5,129.0,1
69,0.5,129.5,1
62,1.0,130.0,1
r,1.0,131.0,1
67,2.0,132.0,1
71,2.0,132.0,1
66,1.0,134.0,1
69,1.0,134.0,1
r,1.0,135.0,1
67,2.25,136.0,1
71,2.25,136.0,1
r,2.0,136.0,1
69,1.75,138.0,1
66,1.75,138.0,1
r,1.75,138.25,1
r,0.25,139.75,1
r,1.0,140.0,1
55,0.5,141.0,1
r,0.5,141.5,1
57,2/3,142.0,1
r,1/3,428/3,1
45,2/3,143.0,1
r,1/3,431/3,1
50,1.0,144.0,1
r,3.0,145.0,1
52,1/3,148.0,1
55,1/3,445/3,1
57,0.25,446/3,1
r,1/12,1787/12,1
52,1/3,149.0,1
55,1/3,448/3,1
57,1/3,449/3,1
52,1/3,150.0,1
55,1/3,451/3,1
57,1/3,452/3,1
52,1/3,151.0,1
55,1/3,454/3,1
57,1/3,455/3,1
54,1.0,152.0,1
50,1.0,152.0,1
r,3.0,153.0,1
49,1/3,156.0,1
r,2/3,156.0,1
52,0.5,469/3,1
57,1/3,470/3,1
r,1/6,941/6,1
49,1/3,157.0,1
r,2/3,157.0,1
52,0.5,472/3,1
57,0.25,473/3,1
r,1/6,947/6,1
r,0.75,1895/12,1
49,1/3,158.0,1
52,0.5,475/3,1
57,1/3,476/3,1
r,1/6,953/6,1
49,1/3,159.0,1
r,2/3,159.0,1
52,0.5,478/3,1
57,1/3,479/3,1
r,1/6,959/6,1
50,1.0,160.0,1
r,3.0,161.0,1
50,0.5,164.0,1
r,1/3,164.0,1
54,1/3,493/3,1
r,1/6,164.5,1
57,0.25,494/3,1
r,10/3,494/3,1
r,1/12,1979/12,1
50,1/3,165.0,1
54,1/3,496/3,1
57,1/3,497/3,1
50,1/3,166.0,1
54,1/3,499/3,1
57,1/3,500/3,1
50,1/3,167.0,1
54,1/3,502/3,1
57,1/3,503/3,1
43,1.25,168.0,1
r,1.0,168.0,1
55,0.75,169.0,1
r,0.75,169.25,1
r,2.25,169.75,1
45,2/3,170.0,1
54,2/3,170.0,1
r,1/3,512/3,1
52,1.0,171.0,1
45,1.0,171.0,1
54,1.25,172.0,1
50,1.25,172.0,1
r,2.75,173.25,1
r,1/3,176.0,1
r,11/3,176.0,1
55,1/3,529/3,1
57,1/3,530/3,1
59,1/3,177.0,1
61,1/3,532/3,1
62,1/3,533/3,1
64,1/3,178.0,1
66,1/3,535/3,1
67,1/3,536/3,1
69,1/3,179.0,1
71,0.5,538/3,1
73,1/3,539/3,1
r,1/6,1079/6,1
74,0.5,180.0,1
r,0.5,180.5,1
67,0.5,181.0,1
r,0.5,181.5,1
69,0.5,182.0,1
r,0.5,182.5,1
57,2/3,183.0,1
r,1/3,551/3,1
r,4.0,184.0,1
r,1/3,188.0,1
r,4/3,188.0,1
43,1/3,565/3,1
45,1/3,566/3,1
47,0.5,189.0,1
49,1/3,568/3,1
r,1/6,189.5,1
50,1/3,569/3,1
r,7/3,569/3,1
52,1/3,190.0,1
54,1/3,571/3,1
55,1/3,572/3,1
57,1/3,191.0,1
59,1/3,574/3,1
61,1/3,575/3,1
62,0.5,192.0,1
r,0.5,192.5,1
55,0.5,193.0,1
r,0.5,193.5,1
57,2/3,194.0,1
r,1/3,584/3,1
45,0.5,195.0,1
r,0.5,195.5,1
50,1/3,196.0,1
r,4/3,196.0,1
54,1/3,589/3,1
57,1/3,590/3,1
50,0.5,197.0,1
54,1/3,592/3,1
r,1/6,197.5,1
57,1/3,593/3,1
r,7/3,593/3,1
50,1/3,198.0,1
55,1/3,595/3,1
57,1/3,596/3,1
50,1/3,199.0,1
55,1/3,598/3,1
57,1/3,599/3,1
50,0.5,200.0,1
r,1/3,200.0,1
54,1/3,601/3,1
r,1/6,200.5,1
57,1/3,602/3,1
r,2/3,602/3,1
50,0.5,201.0,1
54,1/3,604/3,1
r,1/6,201.5,1
57,1/3,605/3,1
r,2/3,605/3,1
50,0.5,202.0,1
55,1/3,607/3,1
r,1/6,202.5,1
57,1/3,608/3,1
r,2/3,608/3,1
50,0.5,203.0,1
55,0.5,610/3,1
r,1/6,203.5,1
57,1/3,611/3,1
r,1/6,1223/6,1
50,1/3,204.0,1
r,4/3,204.0,1
54,1/3,613/3,1
57,1/3,614/3,1
50,0.5,205.0,1
55,1/3,616/3,1
r,1/6,205.5,1
57,1/3,617/3,1
r,2/3,617/3,1
50,0.5,206.0,1
54,1/3,619/3,1
r,1/6,206.5,1
57,1/3,620/3,1
r,2/3,620/3,1
50,0.5,207.0,1
55,1/3,622/3,1
r,1/6,207.5,1
57,1/3,623/3,1
r,1/3,623/3,1
50,2/3,208.0,1
54,2/3,208.0,1
r,1/12,626/3,1
r,0.25,208.75,1
50,0.5,209.0,1
38,0.5,209.0,1
r,1/6,209.5,1
r,1/12,629/3,1
r,0.25,209.75,1
50,1.0,210.0,1
38,1.0,210.0,1
r,1.0,211.0,1
43,2.0,212.0,1
55,2.0,212.0,1
r,2.0,214.0,1
r,0.25,216.0,1
r,1/12,216.25,1
r,1/6,649/3,1
r,1/6,216.5,1
r,1/12,650/3,1
r,0.25,216.75,1
59,1.0,217.0,1
57,1.0,218.0,1
55,1.0,219.0,1
54,1.25,220.0,1
r,1.0,220.0,1
50,1.0,221.0,1
r,0.75,221.25,1
55,1.0,222.0,1
r,2.0,222.0,1
53,1.0,223.0,1
52,1.0,224.0,1
54,1.0,225.0,1
55,0.25,226.0,1
r,0.25,226.25,1
55,0.25,226.5,1
r,0.25,226.75,1
59,0.25,227.0,1
r,0.25,227.25,1
62,0.25,227.5,1
r,0.25,227.75,1
55,2.0,228.0,1
67,2.0,228.0,1
r,2.0,230.0,1
r,1.0,232.0,1
71,0.5,233.0,1
74,0.5,233.5,1
69,0.5,234.0,1
74,0.5,234.5,1
67,0.5,235.0,1
74,0.5,235.5,1
66,0.5,236.0,1
74,0.5,236.5,1
62,0.5,237.0,1
74,0.5,237.5,1
67,0.5,238.0,1
74,0.5,238.5,1
65,0.5,239.0,1
74,0.5,239.5,1
64,0.5,240.0,1
67,0.5,240.5,1
66,0.5,241.0,1
69,0.5,241.5,1
67,1.0,242.0,1
r,0.25,243.0,1
r,1/12,243.25,1
r,1/6,730/3,1
r,1/6,243.5,1
r,1/12,731/3,1
r,0.25,243.75,1
r,1.0,244.0,1
60,1.0,245.0,1
64,1.0,245.0,1
69,1.0,245.0,1
r,2.0,246.0,1
r,1.0,248.0,1
59,0.75,249.0,1
62,0.75,249.0,1
67,0.75,249.0,1
r,2.25,249.75,1
60,1.0,252.0,1
r,1.0,253.0,1
62,1.0,254.0,1
r,1.0,255.0,1
55,1.5,256.0,1
r,2.5,257.5,1
r,1.0,260.0,1
57,5/3,261.0,1
52,5/3,261.0,1
48,5/3,261.0,1
r,4/3,788/3,1
r,1.0,264.0,1
52,5/3,265.0,1
49,5/3,265.0,1
57,5/3,265.0,1
r,4/3,800/3,1
50,0.5,268.0,1
r,1/3,268.0,1
54,1/3,805/3,1
r,1/6,268.5,1
57,0.25,806/3,1
r,2/3,806/3,1
r,1/12,3227/12,1
50,0.5,269.0,1
54,1/3,808/3,1
r,1/6,269.5,1
57,1/3,809/3,1
r,2/3,809/3,1
50,0.5,270.0,1
54,1/3,811/3,1
r,1/6,270.5,1
57,1/3,812/3,1
r,2/3,812/3,1
50,0.5,271.0,1
54,1/3,814/3,1
r,1/6,271.5,1
57,1/3,815/3,1
r,1/3,815/3,1
50,0.5,272.0,1
r,1/3,272.0,1
55,1/3,817/3,1
r,1/6,272.5,1
59,1/3,818/3,1
r,2/3,818/3,1
50,0.5,273.0,1
55,1/3,820/3,1
r,1/6,273.5,1
59,1/3,821/3,1
r,2/3,821/3,1
50,0.5,274.0,1
55,1/3,823/3,1
r,1/6,274.5,1
59,1/3,824/3,1
r,2/3,824/3,1
50,0.5,275.0,1
55,1/3,826/3,1
r,1/6,275.5,1
59,1/3,827/3,1
r,1/3,827/3,1
50,0.5,276.0,1
r,1/3,276.0,1
54,1/3,829/3,1
r,1/6,276.5,1
57,1/3,830/3,1
r,2/3,830/3,1
50,0.5,277.0,1
54,1/3,832/3,1
r,1/6,277.5,1
57,1/3,833/3,1
r,2/3,833/3,1
50,0.5,278.0,1
54,1/3,835/3,1
r,1/6,278.5,1
57,1/3,836/3,1
r,4/3,836/3,1
50,1/3,279.0,1
54,1/3,838/3,1
57,1/3,839/3,1
50,0.5,280.0,1
r,1/3,280.0,1
55,1/3,841/3,1
r,1/6,280.5,1
59,1/3,842/3,1
r,2/3,842/3,1
50,0.5,281.0,1
55,1/3,844/3,1
r,1/6,281.5,1
59,1/3,845/3,1
r,2/3,845/3,1
50,0.5,282.0,1
55,1/3,847/3,1
r,1/6,282.5,1
59,1/3,848/3,1
r,2/3,848/3,1
50,0.5,283.0,1
55,1/3,850/3,1
r,1/6,283.5,1
59,1/3,851/3,1
r,1/3,851/3,1
50,0.5,284.0,1
r,1/3,284.0,1
54,1/3,853/3,1
r,1/6,284.5,1
57,1/3,854/3,1
r,2/3,854/3,1
50,0.5,285.0,1
55,1/3,856/3,1
r,1/6,285.5,1
59,1/3,857/3,1
r,2/3,857/3,1
50,0.5,286.0,1
54,1/3,859/3,1
r,1/6,286.5,1
57,1/3,860/3,1
r,2/3,860/3,1
50,0.5,287.0,1
55,1/3,862/3,1
r,1/6,287.5,1
59,0.25,863/3,1
r,1/3,863/3,1
r,1/12,3455/12,1
50,1.25,288.0,1
54,1.25,288.0,1
r,1/12,289.25,1
r,1/6,868/3,1
r,1/6,289.5,1
r,1/12,869/3,1
r,0.25,289.75,1
r,0.25,290.0,1
r,1/12,290.25,1
r,1/6,871/3,1
r,1/6,290.5,1
r,1/12,872/3,1
r,0.25,290.75,1
r,0.25,291.0,1
r,1/12,291.25,1
r,1/6,874/3,1
r,1/6,291.5,1
r,1/12,875/3,1
r,0.25,291.75,1
66,0.5,292.0,1
69,0.5,292.5,1
67,0.5,293.0,1
69,0.5,293.5,1
66,0.5,294.0,1
69,0.5,294.5,1
61,0.5,295.0,1
69,0.5,295.5,1
62,0.5,296.0,1
r,1.5,296.0,1
69,0.5,296.5,1
61,2/3,297.0,1
69,0.5,297.5,1
r,1/3,893/3,1
57,1.5,298.0,1
r,2.0,298.0,1
r,0.5,299.5,1
67,0.5,300.0,1
r,2.5,300.0,1
69,0.5,300.5,1
66,0.5,301.0,1
69,0.5,301.5,1
64,2/3,302.0,1
69,0.5,302.5,1
r,1/3,908/3,1
62,0.5,303.0,1
r,1.0,303.0,1
69,0.5,303.5,1
61,0.5,304.0,1
69,0.5,304.5,1
62,0.5,305.0,1
69,0.5,305.5,1
62,1.25,306.0,1
r,1/12,307.25,1
r,1/6,922/3,1
r,1/6,307.5,1
r,1/12,923/3,1
r,0.25,307.75,1
71,1.75,308.0,1
67,1.75,308.0,1
r,0.25,309.75,1
66,1.25,310.0,1
69,1.25,310.0,1
r,1/12,311.25,1
r,1/6,934/3,1
r,1/6,311.5,1
r,1/12,935/3,1
r,0.25,311.75,1
67,2.0,312.0,1
71,2.0,312.0,1
66,1.0,314.0,1
69,1.0,314.0,1
r,1.0,315.0,1
r,1.0,316.0,1
67,2/3,317.0,1
r,1/12,953/3,1
r,0.25,317.75,1
r,1.0,318.0,1
68,2/3,319.0,1
r,1/12,959/3,1
r,0.25,319.75,1
69,0.75,320.0,1
r,0.25,320.75,1
57,1.0,321.0,1
r,0.25,322.0,1
r,1/12,322.25,1
r,1/6,967/3,1
r,1/6,322.5,1
r,1/12,968/3,1
r,0.25,322.75,1
r,0.25,323.0,1
r,1/12,323.25,1
r,1/6,970/3,1
r,1/6,323.5,1
r,1/12,971/3,1
r,0.25,323.75,1
66,0.5,324.0,1
69,0.5,324.5,1
67,0.5,325.0,1
69,0.5,325.5,1
66,0.5,326.0,1
69,0.5,326.5,1
61,0.5,327.0,1
69,0.5,327.5,1
62,0.5,328.0,1
69,0.5,328.5,1
57,0.5,329.0,1
69,0.5,329.5,1
57,1.0,330.0,1
r,1.0,331.0,1
67,0.5,332.0,1
r,2.0,332.0,1
69,0.5,332.5,1
66,0.5,333.0,1
69,2/3,333.5,1
64,0.5,334.0,1
r,1/3,2005/6,1
69,0.5,334.5,1
r,1.5,334.5,1
62,0.5,335.0,1
69,0.5,335.5,1
61,0.5,336.0,1
69,0.5,336.5,1
62,0.5,337.0,1
69,0.5,337.5,1
62,1.0,338.0,1
r,0.25,339.0,1
r,1/12,339.25,1
r,1/6,1018/3,1
r,1/6,339.5,1
r,1/12,1019/3,1
r,0.25,339.75,1
67,2.0,340.0,1
71,2.0,340.0,1
66,1.0,342.0,1
69,1.0,342.0,1
r,0.25,343.0,1
r,1/12,343.25,1
r,1/6,1030/3,1
r,1/6,343.5,1
r,1/12,1031/3,1
r,0.25,343.75,1
67,2.25,344.0,1
71,2.25,344.0,1
r,2.0,344.0,1
69,1.75,346.0,1
66,1.75,346.0,1
r,1.75,346.25,1
r,0.25,347.75,1
r,1.0,348.0,1
55,0.5,349.0,1
r,0.5,349.5,1
57,2/3,350.0,1
r,1/3,1052/3,1
45,2/3,351.0,1
r,1/3,1055/3,1
50,1.0,352.0,1
r,3.0,353.0,1
52,1/3,356.0,1
55,1/3,1069/3,1
57,0.25,1070/3,1
r,1/12,4283/12,1
52,1/3,357.0,1
55,1/3,1072/3,1
57,1/3,1073/3,1
52,1/3,358.0,1
55,1/3,1075/3,1
57,1/3,1076/3,1
52,1/3,359.0,1
55,1/3,1078/3,1
57,1/3,1079/3,1
54,1.0,360.0,1
50,1.0,360.0,1
r,3.0,361.0,1
49,1/3,364.0,1
r,2/3,364.0,1
52,0.5,1093/3,1
57,1/3,1094/3,1
r,1/6,2189/6,1
49,1/3,365.0,1
r,2/3,365.0,1
52,0.5,1096/3,1
57,0.25,1097/3,1
r,1/6,2195/6,1
r,0.75,4391/12,1
49,1/3,366.0,1
52,0.5,1099/3,1
57,1/3,1100/3,1
r,1/6,2201/6,1
49,1/3,367.0,1
r,2/3,367.0,1
52,0.5,1102/3,1
57,1/3,1103/3,1
r,1/6,2207/6,1
50,1.0,368.0,1
r,3.0,369.0,1
50,0.5,372.0,1
r,1/3,372.0,1
54,1/3,1117/3,1
r,1/6,372.5,1
57,0.25,1118/3,1
r,10/3,1118/3,1
r,1/12,4475/12,1
50,1/3,373.0,1
54,1/3,1120/3,1
57,1/3,1121/3,1
50,1/3,374.0,1
54,1/3,1123/3,1
57,1/3,1124/3,1
50,1/3,375.0,1
54,1/3,1126/3,1
57,1/3,1127/3,1
43,1.25,376.0,1
r,1.0,376.0,1
55,0.75,377.0,1
r,0.75,377.25,1
r,2.25,377.75,1
45,2/3,378.0,1
54,2/3,378.0,1
r,1/3,1136/3,1
52,1.0,379.0,1
45,1.0,379.0,1
54,1.25,380.0,1
50,1.25,380.0,1
r,2.75,381.25,1
r,1/3,384.0,1
r,11/3,384.0,1
55,1/3,1153/3,1
57,1/3,1154/3,1
59,1/3,385.0,1
61,1/3,1156/3,1
62,1/3,1157/3,1
64,1/3,386.0,1
66,1/3,1159/3,1
67,1/3,1160/3,1
69,1/3,387.0,1
71,0.5,1162/3,1
73,1/3,1163/3,1
r,1/6,2327/6,1
74,0.5,388.0,1
r,0.5,388.5,1
67,0.5,389.0,1
r,0.5,389.5,1
69,0.5,390.0,1
r,0.5,390.5,1
57,2/3,391.0,1
r,1/3,1175/3,1
r,4.0,392.0,1
r,1/3,396.0,1
r,4/3,396.0,1
43,1/3,1189/3,1
45,1/3,1190/3,1
47,0.5,397.0,1
49,1/3,1192/3,1
r,1/6,397.5,1
50,1/3,1193/3,1
r,7/3,1193/3,1
52,1/3,398.0,1
54,1/3,1195/3,1
55,1/3,1196/3,1
57,1/3,399.0,1
59,1/3,1198/3,1
61,1/3,1199/3,1
62,0.5,400.0,1
r,0.5,400.5,1
55,0.5,401.0,1
r,0.5,401.5,1
57,2/3,402.0,1
r,1/3,1208/3,1
45,0.5,403.0,1
r,0.5,403.5,1
50,1/3,404.0,1
r,4/3,404.0,1
54,1/3,1213/3,1
57,1/3,1214/3,1
50,0.5,405.0,1
54,1/3,1216/3,1
r,1/6,405.5,1
57,1/3,1217/3,1
r,7/3,1217/3,1
50,1/3,406.0,1
55,1/3,1219/3,1
57,1/3,1220/3,1
50,1/3,407.0,1
55,1/3,1222/3,1
57,1/3,1223/3,1
50,0.5,408.0,1
r,1/3,408.0,1
54,1/3,1225/3,1
r,1/6,408.5,1
57,1/3,1226/3,1
r,2/3,1226/3,1
50,0.5,409.0,1
54,1/3,1228/3,1
r,1/6,409.5,1
57,1/3,1229/3,1
r,2/3,1229/3,1
50,0.5,410.0,1
55,1/3,1231/3,1
r,1/6,410.5,1
57,1/3,1232/3,1
r,2/3,1232/3,1
50,0.5,411.0,1
55,0.5,1234/3,1
r,1/6,411.5,1
57,1/3,1235/3,1
r,1/6,2471/6,1
50,1/3,412.0,1
r,4/3,412.0,1
54,1/3,1237/3,1
57,1/3,1238/3,1
50,0.5,413.0,1
55,1/3,1240/3,1
r,1/6,413.5,1
57,1/3,1241/3,1
r,2/3,1241/3,1
50,0.5,414.0,1
54,1/3,1243/3,1
r,1/6,414.5,1
57,1/3,1244/3,1
r,2/3,1244/3,1
50,0.5,415.0,1
55,1/3,1246/3,1
r,1/6,415.5,1
57,1/3,1247/3,1
r,1/3,1247/3,1
50,2/3,416.0,1
54,2/3,416.0,1
r,1/12,1250/3,1
r,0.25,416.75,1
50,0.5,417.0,1
38,0.5,417.0,1
r,1/6,417.5,1
r,1/12,1253/3,1
r,0.25,417.75,1
50,1.0,418.0,1
38,1.0,418.0,1
r,1.0,419.0,1
50,2.0,420.0,1
62,2.0,420.0,1
r,2.0,422.0,1
r,0.5,424.0,1
64,0.5,424.5,1
62,0.5,425.0,1
64,0.5,425.5,1
60,0.5,426.0,1
64,0.5,426.5,1
56,0.5,427.0,1
64,0.5,427.5,1
57,0.5,428.0,1
r,2.0,428.0,1
64,0.5,428.5,1
59,0.5,429.0,1
64,2/3,429.5,1
60,0.5,430.0,1
r,1/3,2581/6,1
64,0.5,430.5,1
r,1.5,430.5,1
59,0.5,431.0,1
64,0.5,431.5,1
57,0.5,432.0,1
r,1/3,432.0,1
60,0.5,1297/3,1
r,1/6,432.5,1
64,1/3,1298/3,1
r,5/6,2597/6,1
69,1/3,433.0,1
64,0.5,1300/3,1
60,1/3,1301/3,1
r,1/6,2603/6,1
57,0.75,434.0,1
r,2.0,434.0,1
r,1.25,434.75,1
r,0.5,436.0,1
71,0.5,436.5,1
69,0.5,437.0,1
71,0.5,437.5,1
67,0.5,438.0,1
71,0.5,438.5,1
63,0.5,439.0,1
71,2/3,439.5,1
64,0.5,440.0,1
r,2.5,440.0,1
71,0.5,440.5,1
64,0.5,441.0,1
71,0.5,441.5,1
60,2/3,442.0,1
70,0.5,442.5,1
r,1/3,1328/3,1
60,2/3,443.0,1
r,0.5,443.0,1
70,0.25,443.5,1
r,1/3,1331/3,1
r,0.25,443.75,1
59,2/3,444.0,1
r,0.5,444.0,1
71,0.25,444.5,1
r,1/3,1334/3,1
r,3.25,444.75,1
71,0.25,445.0,1
r,0.25,445.25,1
71,0.25,445.5,1
r,0.25,445.75,1
71,0.25,446.0,1
r,0.25,446.25,1
71,0.25,446.5,1
r,0.25,446.75,1
71,0.25,447.0,1
r,0.25,447.25,1
71,0.25,447.5,1
r,0.25,447.75,1
71,0.25,448.0,1
r,0.25,448.25,1
71,0.25,448.5,1
r,0.25,448.75,1
71,0.25,449.0,1
r,0.25,449.25,1
71,0.25,449.5,1
r,0.25,449.75,1
71,0.25,450.0,1
r,1/12,450.25,1
r,1/6,1351/3,1
71,0.25,450.5,1
r,0.25,450.75,1
71,0.25,451.0,1
r,0.25,451.25,1
71,0.25,451.5,1
r,0.25,451.75,1
59,0.5,452.0,1
71,0.25,452.5,1
r,0.25,452.75,1
71,0.25,453.0,1
r,0.25,453.25,1
71,0.25,453.5,1
r,0.25,453.75,1
71,0.25,454.0,1
r,1/12,454.25,1
r,1/6,1363/3,1
71,0.25,454.5,1
r,0.25,454.75,1
71,0.25,455.0,1
r,0.25,455.25,1
71,0.25,455.5,1
r,0.25,455.75,1
71,0.25,456.0,1
r,0.25,456.25,1
71,0.25,456.5,1
r,0.25,456.75,1
71,0.25,457.0,1
r,0.25,457.25,1
71,0.25,457.5,1
r,0.25,457.75,1
71,0.25,458.0,1
r,0.25,458.25,1
71,0.25,458.5,1
r,0.25,458.75,1
71,0.25,459.0,1
r,0.25,459.25,1
71,0.25,459.5,1
r,0.25,459.75,1
71,0.5,460.0,1
r,1.5,460.0,1
70,0.5,460.5,1
71,2/3,461.0,1
70,0.5,461.5,1
r,1/3,1385/3,1
71,2/3,462.0,1
r,0.5,462.0,1
69,2/3,462.5,1
r,1/3,1388/3,1
67,0.5,463.0,1
r,5/6,2779/6,1
66,0.5,463.5,1
64,0.5,464.0,1
63,0.5,464.5,1
64,0.5,465.0,1
63,0.5,465.5,1
64,0.5,466.0,1
62,0.5,466.5,1
60,0.5,467.0,1
59,0.5,467.5,1
57,0.5,468.0,1
r,1.0,468.0,1
56,2/3,468.5,1
57,0.5,469.0,1
r,1/3,2815/6,1
56,0.5,469.5,1
r,1.0,469.5,1
57,2/3,470.0,1
55,0.5,470.5,1
r,1/3,1412/3,1
54,0.5,471.0,1
r,1.0,471.0,1
52,0.5,471.5,1
50,2.0,472.0,1
60,1.5,474.0,1
r,0.5,475.5,1
43,1.75,476.0,1
55,1.75,476.0,1
r,2.25,477.75,1
r,1.0,480.0,1
59,1.0,481.0,1
57,1.0,482.0,1
55,1.0,483.0,1
54,1.0,484.0,1
50,1.0,485.0,1
55,1.0,486.0,1
53,1.0,487.0,1
52,1.0,488.0,1
54,1.0,489.0,1
55,0.25,490.0,1
r,0.25,490.25,1
55,0.25,490.5,1
r,0.25,490.75,1
59,0.25,491.0,1
r,0.25,491.25,1
62,0.25,491.5,1
r,0.25,491.75,1
55,2.75,492.0,1
67,2.75,492.0,1
r,1.25,494.75,1
r,0.5,496.0,1
r,1.0,496.0,1
74,2/3,496.5,1
71,0.5,497.0,1
r,1/3,2983/6,1
74,2/3,497.5,1
r,0.5,497.5,1
69,0.5,498.0,1
r,1/3,2989/6,1
74,2/3,498.5,1
r,0.5,498.5,1
67,0.5,499.0,1
r,1/3,2995/6,1
74,2/3,499.5,1
r,0.5,499.5,1
66,0.5,500.0,1
r,3.0,500.0,1
74,0.5,500.5,1
62,0.5,501.0,1
74,0.5,501.5,1
67,0.5,502.0,1
74,2/3,502.5,1
65,0.5,503.0,1
r,1/3,3019/6,1
74,0.5,503.5,1
r,0.5,503.5,1
64,0.75,504.0,1
r,0.25,504.75,1
65,0.75,505.0,1
r,0.25,505.75,1
67,0.75,506.0,1
r,0.25,506.75,1
55,1.0,507.0,1
60,1.0,508.0,1
r,3.0,509.0,1
50,0.5,512.0,1
r,1/3,512.0,1
53,1/3,1537/3,1
r,1/6,512.5,1
55,1/3,1538/3,1
r,1.0,1538/3,1
50,1/3,513.0,1
53,0.5,1540/3,1
55,1/3,1541/3,1
r,1/6,3083/6,1
50,0.5,514.0,1
r,1/3,514.0,1
53,0.5,1543/3,1
r,1/6,514.5,1
55,0.5,1544/3,1
r,1/6,3089/6,1
50,0.5,515.0,1
r,1/6,3091/6,1
53,1/3,1546/3,1
r,0.5,515.5,1
55,1/3,1547/3,1
48,0.75,516.0,1
r,3.25,516.75,1
47,1/3,520.0,1
r,5/3,520.0,1
50,1/3,1561/3,1
55,1/3,1562/3,1
47,1/3,521.0,1
50,0.5,1564/3,1
55,0.5,1565/3,1
r,1/6,3131/6,1
47,0.5,522.0,1
r,1/6,3133/6,1
50,1/3,1567/3,1
r,1/6,522.5,1
55,1/3,1568/3,1
r,2/3,1568/3,1
47,2/3,523.0,1
50,1/3,1570/3,1
55,0.25,1571/3,1
r,1/3,1571/3,1
r,1/12,6287/12,1
48,1.0,524.0,1
r,3.0,525.0,1
47,1/3,528.0,1
r,4/3,528.0,1
50,1/3,1585/3,1
52,1/3,1586/3,1
47,0.5,529.0,1
50,1/3,1588/3,1
r,1/6,529.5,1
52,1/3,1589/3,1
r,7/3,1589/3,1
47,1/3,530.0,1
50,1/3,1591/3,1
52,1/3,1592/3,1
47,1/3,531.0,1
50,1/3,1594/3,1
52,1/3,1595/3,1
48,0.5,532.0,1
r,1/3,532.0,1
52,1/3,1597/3,1
r,1/6,532.5,1
57,1/3,1598/3,1
r,2.0,1598/3,1
48,1/3,533.0,1
52,1/3,1600/3,1
57,1/3,1601/3,1
49,1/3,534.0,1
52,0.5,1603/3,1
57,1/3,1604/3,1
r,1/6,3209/6,1
49,1/3,535.0,1
r,2/3,535.0,1
52,0.5,1606/3,1
57,1/3,1607/3,1
r,1/6,3215/6,1
50,0.5,536.0,1
r,1/3,536.0,1
54,0.5,1609/3,1
r,1/6,536.5,1
57,0.5,1610/3,1
r,1/6,3221/6,1
50,0.5,537.0,1
r,1/6,3223/6,1
54,1/3,1612/3,1
r,5/6,537.5,1
57,1/3,1613/3,1
50,0.5,538.0,1
54,1/3,1615/3,1
r,1/6,538.5,1
57,1/3,1616/3,1
r,1.0,1616/3,1
50,1/3,539.0,1
54,0.5,1618/3,1
57,1/3,1619/3,1
r,1/6,3239/6,1
50,0.5,540.0,1
r,1/3,540.0,1
55,0.5,1621/3,1
r,1/6,540.5,1
59,0.5,1622/3,1
r,1/6,3245/6,1
50,0.5,541.0,1
r,1/6,3247/6,1
55,0.5,1624/3,1
r,1/6,541.5,1
59,1/3,1625/3,1
r,1/6,3251/6,1
50,0.5,542.0,1
r,1/3,542.0,1
55,0.5,1627/3,1
r,1/6,542.5,1
59,0.5,1628/3,1
r,1/6,3257/6,1
50,1/3,543.0,1
r,1/6,3259/6,1
55,0.5,1630/3,1
r,1/3,1630/3,1
59,1/3,1631/3,1
r,1/6,3263/6,1
50,0.5,544.0,1
r,1/3,544.0,1
54,1/3,1633/3,1
r,1/6,544.5,1
57,1/3,1634/3,1
r,2/3,1634/3,1
50,0.5,545.0,1
54,0.5,1636/3,1
r,1/6,545.5,1
57,1/3,1637/3,1
r,0.5,3275/6,1
50,0.5,546.0,1
54,0.5,1639/3,1
r,1/6,546.5,1
57,1/3,1640/3,1
r,0.5,3281/6,1
50,0.5,547.0,1
54,1/3,1642/3,1
r,1/6,547.5,1
57,1/3,1643/3,1
r,1/3,1643/3,1
50,0.5,548.0,1
r,1/3,548.0,1
55,1/3,1645/3,1
r,1/6,548.5,1
59,1/3,1646/3,1
r,5/3,1646/3,1
50,1/3,549.0,1
55,1/3,1648/3,1
59,1/3,1649/3,1
50,0.5,550.0,1
55,0.5,1651/3,1
r,1/6,550.5,1
59,1/3,1652/3,1
r,5/6,3305/6,1
50,1/3,551.0,1
55,0.5,1654/3,1
59,1/3,1655/3,1
r,1/6,3311/6,1
50,0.5,552.0,1
r,1/3,552.0,1
54,1/3,1657/3,1
r,1/6,552.5,1
57,1/3,1658/3,1
r,1.0,1658/3,1
50,1/3,553.0,1
55,0.5,1660/3,1
59,1/3,1661/3,1
r,1/6,3323/6,1
50,0.5,554.0,1
r,1/3,554.0,1
54,1/3,1663/3,1
r,1/6,554.5,1
57,1/3,1664/3,1
r,2/3,1664/3,1
50,0.5,555.0,1
55,0.5,1666/3,1
r,1/6,555.5,1
59,1/3,1667/3,1
r,1/6,3335/6,1
50,1.0,556.0,1
r,0.25,557.0,1
r,1/12,557.25,1
r,1/6,1672/3,1
r,1.0,557.5,1
r,1/6,558.5,1
r,1/12,1676/3,1
r,0.25,558.75,1
r,0.25,559.0,1
r,1/12,559.25,1
r,1/6,1678/3,1
r,1/6,559.5,1
r,1/12,1679/3,1
r,0.25,559.75,1
59,0.5,560.0,1
r,2.0,560.0,1
62,0.5,560.5,1
60,0.5,561.0,1
62,2/3,561.5,1
59,0.5,562.0,1
r,1/3,3373/6,1
62,2/3,562.5,1
r,0.5,562.5,1
54,0.5,563.0,1
r,1/3,3379/6,1
62,0.5,563.5,1
r,0.5,563.5,1
55,0.5,564.0,1
r,2.0,564.0,1
62,0.5,564.5,1
54,0.5,565.0,1
62,2/3,565.5,1
50,1.0,566.0,1
r,11/6,3397/6,1
r,1.0,567.0,1
60,0.5,568.0,1
r,2.0,568.0,1
62,0.5,568.5,1
59,0.5,569.0,1
62,2/3,569.5,1
57,0.5,570.0,1
r,1/3,3421/6,1
62,0.5,570.5,1
r,1.5,570.5,1
55,0.5,571.0,1
62,0.5,571.5,1
54,0.5,572.0,1
r,2.0,572.0,1
62,0.5,572.5,1
55,0.5,573.0,1
62,2/3,573.5,1
55,1.0,574.0,1
r,11/6,3445/6,1
r,1.0,575.0,1
60,2.0,576.0,1
64,2.0,576.0,1
59,1.25,578.0,1
62,1.25,578.0,1
r,1/12,579.25,1
r,1/6,1738/3,1
r,1/6,579.5,1
r,1/12,1739/3,1
r,0.25,579.75,1
60,2.0,580.0,1
64,2.0,580.0,1
59,1.0,582.0,1
62,1.0,582.0,1
r,0.25,583.0,1
r,1/12,583.25,1
r,1/6,1750/3,1
r,1/6,583.5,1
r,1/12,1751/3,1
r,0.25,583.75,1
r,1.0,584.0,1
60,0.75,585.0,1
64,0.75,585.0,1
r,1.25,585.75,1
61,0.75,587.0,1
64,0.75,587.0,1
r,0.25,587.75,1
62,1.0,588.0,1
r,0.25,589.0,1
r,0.25,589.25,1
r,0.25,589.5,1
r,0.25,589.75,1
r,0.25,590.0,1
r,0.25,590.25,1
r,1/6,590.5,1
r,1/12,1772/3,1
r,0.25,590.75,1
r,0.25,591.0,1
r,0.25,591.25,1
r,1/6,591.5,1
r,1/12,1775/3,1
r,0.25,591.75,1
71,0.5,592.0,1
r,2.0,592.0,1
74,0.5,592.5,1
72,0.5,593.0,1
74,2/3,593.5,1
71,0.5,594.0,1
r,1/3,3565/6,1
74,0.5,594.5,1
r,1.5,594.5,1
66,0.5,595.0,1
74,2/3,595.5,1
67,0.5,596.0,1
74,0.5,596.5,1
66,0.5,597.0,1
74,0.5,597.5,1
62,1.0,598.0,1
r,0.25,599.0,1
r,1/12,599.25,1
r,1/6,1798/3,1
r,1/6,599.5,1
r,1/12,1799/3,1
r,0.25,599.75,1
72,0.5,600.0,1
r,2.0,600.0,1
74,0.5,600.5,1
71,0.5,601.0,1
74,2/3,601.5,1
69,0.5,602.0,1
r,1/3,3613/6,1
74,2/3,602.5,1
r,0.5,602.5,1
67,0.5,603.0,1
r,1/3,3619/6,1
74,0.5,603.5,1
r,0.5,603.5,1
66,0.5,604.0,1
r,2.0,604.0,1
74,0.5,604.5,1
67,0.5,605.0,1
74,2/3,605.5,1
67,1.0,606.0,1
r,11/6,3637/6,1
r,1.0,607.0,1
72,2.0,608.0,1
76,1.25,608.0,1
r,1.0,608.0,1
78,1.0,609.0,1
r,2.75,609.25,1
71,1.25,610.0,1
74,1.25,610.0,1
r,2.0,610.0,1
r,0.75,611.25,1
72,2.0,612.0,1
76,1.0,612.0,1
78,1.0,613.0,1
71,4/3,614.0,1
74,4/3,614.0,1
r,2.0,614.0,1
r,2/3,1846/3,1
r,1.0,616.0,1
72,0.5,617.0,1
r,0.5,617.5,1
74,0.5,618.0,1
r,0.5,618.5,1
62,2/3,619.0,1
r,1/3,1859/3,1
67,1.0,620.0,1
r,3.0,621.0,1
57,1/3,624.0,1
r,2/3,624.0,1
60,0.5,1873/3,1
62,1/3,1874/3,1
r,1/6,3749/6,1
57,0.5,625.0,1
r,1/3,625.0,1
60,0.5,1876/3,1
r,1/6,625.5,1
62,1/3,1877/3,1
r,0.5,3755/6,1
57,0.5,626.0,1
60,1/3,1879/3,1
r,1/6,626.5,1
62,0.5,1880/3,1
r,1/3,1880/3,1
57,0.5,627.0,1
r,1/6,3763/6,1
60,1/3,1882/3,1
r,0.5,627.5,1
62,1/3,1883/3,1
55,1.0,628.0,1
59,1.0,628.0,1
r,3.0,629.0,1
54,0.5,632.0,1
r,1/3,632.0,1
57,0.5,1897/3,1
r,1/6,632.5,1
62,1/3,1898/3,1
r,5/6,3797/6,1
54,1/3,633.0,1
57,0.5,1900/3,1
62,0.5,1901/3,1
r,1/6,3803/6,1
54,0.5,634.0,1
r,1/6,3805/6,1
57,0.5,1903/3,1
r,1/6,634.5,1
62,1/3,1904/3,1
r,0.5,3809/6,1
54,2/3,635.0,1
57,1/3,1906/3,1
62,1/3,1907/3,1
r,1/3,1907/3,1
59,1.0,636.0,1
55,1.0,636.0,1
r,3.0,637.0,1
47,0.5,640.0,1
r,1/3,640.0,1
50,0.5,1921/3,1
r,1/6,640.5,1
55,0.5,1922/3,1
r,1/6,3845/6,1
47,0.5,641.0,1
r,1/6,3847/6,1
50,0.5,1924/3,1
r,1/6,641.5,1
55,1/3,1925/3,1
r,1/6,3851/6,1
47,0.5,642.0,1
r,1/3,642.0,1
50,0.5,1927/3,1
r,1/6,642.5,1
56,1/3,1928/3,1
r,0.5,3857/6,1
47,0.5,643.0,1
50,1/3,1930/3,1
r,1/6,643.5,1
56,0.25,1931/3,1
r,1/3,1931/3,1
r,1/12,7727/12,1
48,1/3,644.0,1
r,2/3,644.0,1
52,0.5,1933/3,1
57,0.5,1934/3,1
r,1/6,3869/6,1
48,0.5,645.0,1
r,1/6,3871/6,1
52,1/3,1936/3,1
r,1/6,645.5,1
57,1/3,1937/3,1
r,2/3,1937/3,1
50,0.5,646.0,1
55,0.5,1939/3,1
r,1/6,646.5,1
59,1/3,1940/3,1
r,0.5,3881/6,1
50,2/3,647.0,1
54,1/3,1942/3,1
60,1/3,1943/3,1
r,1/3,1943/3,1
55,2/3,648.0,1
r,2/3,1946/3,1
r,1/6,1948/3,1
r,1/6,649.5,1
r,1/12,1949/3,1
r,0.25,649.75,1
r,0.25,650.0,1
r,1/12,650.25,1
r,1/6,1951/3,1
r,1/6,650.5,1
r,1/12,1952/3,1
r,0.25,650.75,1
r,0.25,651.0,1
r,1/12,651.25,1
r,1/6,1954/3,1
r,1/6,651.5,1
r,1/12,1955/3,1
r,0.25,651.75,1
r,1/3,652.0,1
r,1.0,652.0,1
60,1/3,1957/3,1
62,0.5,1958/3,1
64,1/3,653.0,1
r,1/6,3919/6,1
66,1/3,1960/3,1
r,2/3,1960/3,1
67,0.5,1961/3,1
69,0.5,654.0,1
r,1/6,3925/6,1
71,1/3,1963/3,1
r,5/6,654.5,1
72,1/3,1964/3,1
74,0.5,655.0,1
76,1/3,1966/3,1
r,1/6,655.5,1
78,1/3,1967/3,1
r,1/3,1967/3,1
79,0.5,656.0,1
r,0.5,656.5,1
72,0.5,657.0,1
r,0.5,657.5,1
74,2/3,658.0,1
r,1/3,1976/3,1
62,0.5,659.0,1
r,0.5,659.5,1
r,2.0,660.0,1
r,0.25,662.0,1
r,0.25,662.25,1
r,1/6,662.5,1
r,1/12,1988/3,1
r,0.25,662.75,1
r,0.25,663.0,1
r,0.25,663.25,1
r,1/6,663.5,1
r,1/12,1991/3,1
r,0.25,663.75,1
r,1/3,664.0,1
r,1.0,664.0,1
48,1/3,1993/3,1
50,0.5,1994/3,1
52,1/3,665.0,1
r,1/6,3991/6,1
54,1/3,1996/3,1
r,8/3,1996/3,1
55,1/3,1997/3,1
57,1/3,666.0,1
59,1/3,1999/3,1
60,1/3,2000/3,1
62,1/3,667.0,1
64,1/3,2002/3,1
66,1/3,2003/3,1
67,0.5,668.0,1
r,0.5,668.5,1
60,0.5,669.0,1
r,0.5,669.5,1
62,2/3,670.0,1
r,1/3,2012/3,1
50,2/3,671.0,1
r,1/3,2015/3,1
43,0.5,672.0,1
r,1/3,672.0,1
47,0.5,2017/3,1
r,1/6,672.5,1
50,1/3,2018/3,1
r,0.5,4037/6,1
43,0.5,673.0,1
47,1/3,2020/3,1
r,1/6,673.5,1
50,1/3,2021/3,1
r,2/3,2021/3,1
43,0.5,674.0,1
48,1/3,2023/3,1
r,1/6,674.5,1
50,1/3,2024/3,1
r,2/3,2024/3,1
43,0.5,675.0,1
48,1/3,2026/3,1
r,1/6,675.5,1
50,1/3,2027/3,1
r,1/3,2027/3,1
43,0.5,676.0,1
r,1/3,676.0,1
47,0.5,2029/3,1
r,1/6,676.5,1
50,1/3,2030/3,1
r,0.5,4061/6,1
43,0.5,677.0,1
47,1/3,2032/3,1
r,1/6,677.5,1
50,1/3,2033/3,1
r,2/3,2033/3,1
43,0.5,678.0,1
48,0.5,2035/3,1
r,1/6,678.5,1
50,0.25,2036/3,1
r,0.5,4073/6,1
r,1/12,8147/12,1
43,0.5,679.0,1
48,0.5,2038/3,1
r,1/6,679.5,1
50,1/3,2039/3,1
r,1/6,4079/6,1
43,0.5,680.0,1
r,1/3,680.0,1
47,0.5,2041/3,1
r,1/6,680.5,1
50,1/3,2042/3,1
r,0.5,4085/6,1
43,0.5,681.0,1
47,0.5,2044/3,1
r,1/6,681.5,1
50,1/3,2045/3,1
r,0.5,4091/6,1
43,0.5,682.0,1
48,1/3,2047/3,1
r,1/6,682.5,1
50,1/3,2048/3,1
r,2/3,2048/3,1
43,0.5,683.0,1
48,0.5,2050/3,1
r,1/6,683.5,1
50,1/3,2051/3,1
r,1/6,4103/6,1
43,1/3,684.0,1
r,4/3,684.0,1
47,1/3,2053/3,1
50,1/3,2054/3,1
43,0.5,685.0,1
47,0.5,2056/3,1
r,1/6,685.5,1
50,1/3,2057/3,1
r,0.5,4115/6,1
43,0.5,686.0,1
48,1/3,2059/3,1
r,1/6,686.5,1
50,1/3,2060/3,1
r,2/3,2060/3,1
43,0.5,687.0,1
48,0.5,2062/3,1
r,1/6,687.5,1
50,1/3,2063/3,1
r,1/6,4127/6,1
50,1/3,688.0,1
r,4/3,688.0,1
43,1/3,2065/3,1
47,1/3,2065/3,1
50,0.25,2066/3,1
r,1/12,8267/12,1
43,0.5,689.0,1
48,1/3,2068/3,1
r,1/6,689.5,1
50,0.25,2069/3,1
r,7/3,2069/3,1
r,1/12,8279/12,1
43,1/3,690.0,1
47,1/3,2071/3,1
50,0.25,2072/3,1
r,1/12,8291/12,1
43,1/3,691.0,1
48,1/3,2074/3,1
50,1/3,2075/3,1
43,0.75,692.0,1
r,0.25,692.75,1
r,0.25,693.0,1
r,1/12,693.25,1
r,1/6,2080/3,1
r,1/6,693.5,1
r,1/12,2081/3,1
r,0.25,693.75,1
50,1.0,694.0,1
38,1.0,694.0,1
r,0.25,695.0,1
r,1/12,695.25,1
r,1/6,2086/3,1
r,1/6,695.5,1
r,1/12,2087/3,1
r,0.25,695.75,1
43,4/3,696.0,1
31,4/3,696.0,1
r,1/6,2092/3,1
r,1/6,697.5,1
r,1/12,2093/3,1
r,0.25,697.75,1
r,0.25,698.0,1
r,1/12,698.25,1
r,1/6,2095/3,1
r,1/6,698.5,1
r,1/12,2096/3,1
r,0.25,698.75,1
r,1.0,699.0,1
r,4.0,700.0,1
r,2.0,704.0,1
55,0.5,706.0,1
59,0.5,706.0,1
62,2/3,706.5,1
60,0.5,707.0,1
57,0.5,707.0,1
r,1.0,707.0,1
62,2/3,707.5,1
50,0.5,708.0,1
r,1/3,4249/6,1
62,0.5,708.5,1
r,1.5,708.5,1
57,0.5,709.0,1
60,0.5,709.0,1
62,0.5,709.5,1
59,0.5,710.0,1
55,0.5,710.0,1
r,1.0,710.0,1
62,2/3,710.5,1
50,0.5,711.0,1
r,1/3,4267/6,1
62,2/3,711.5,1
r,0.5,711.5,1
55,0.5,712.0,1
59,0.5,712.0,1
r,1/3,4273/6,1
62,0.5,712.5,1
r,0.5,712.5,1
57,0.5,713.0,1
54,0.5,713.0,1
62,0.5,713.5,1
50,0.5,714.0,1
62,0.5,714.5,1
54,0.5,715.0,1
57,0.5,715.0,1
62,0.5,715.5,1
55,0.5,716.0,1
59,0.5,716.0,1
r,1.0,716.0,1
62,2/3,716.5,1
50,0.5,717.0,1
r,1/3,4303/6,1
62,0.5,717.5,1
r,1.5,717.5,1
55,0.5,718.0,1
59,0.5,718.0,1
62,0.5,718.5,1
57,0.5,719.0,1
60,0.5,719.0,1
62,0.5,719.5,1
50,0.5,720.0,1
62,0.5,720.5,1
60,0.5,721.0,1
57,0.5,721.0,1
62,2/3,721.5,1
55,0.5,722.0,1
59,0.5,722.0,1
r,1.0,722.0,1
62,2/3,722.5,1
50,0.5,723.0,1
r,1/3,4339/6,1
62,0.5,723.5,1
r,1.5,723.5,1
55,0.5,724.0,1
59,0.5,724.0,1
62,0.5,724.5,1
r,0.25,725.0,1
r,1/12,725.25,1
r,1/6,2176/3,1
r,1/6,725.5,1
r,1/12,2177/3,1
r,0.25,725.75,1
50,0.5,726.0,1
60,0.5,726.0,1
r,1/6,726.5,1
r,1/12,2180/3,1
r,0.25,726.75,1
50,0.5,727.0,1
60,0.5,727.0,1
r,1/6,727.5,1
r,1/12,2183/3,1
r,0.25,727.75,1
59,2/3,728.0,1
55,2/3,728.0,1
r,1/12,2186/3,1
r,0.25,728.75,1
43,0.75,729.0,1
r,1.25,729.75,1
66,0.75,731.0,1
63,0.75,731.0,1
r,0.25,731.75,1
67,0.75,732.0,1
64,0.75,732.0,1
r,1.25,732.75,1
64,1.0,734.0,1
67,1.0,734.0,1
62,0.75,735.0,1
66,0.75,735.0,1
r,1.25,735.75,1
r,1.0,737.0,1
60,2/3,738.0,1
r,1/3,2216/3,1
60,0.5,739.0,1
r,0.25,739.5,1
r,0.25,739.75,1
59,1.0,740.0,1
50,1.75,740.0,1
57,0.75,741.0,1
r,1.25,741.75,1
r,1.25,741.75,1
57,0.5,743.0,1
60,0.5,743.0,1
62,0.5,743.5,1
50,0.5,744.0,1
62,0.5,744.5,1
60,0.5,745.0,1
57,0.5,745.0,1
62,2/3,745.5,1
55,0.5,746.0,1
59,0.5,746.0,1
r,1.0,746.0,1
62,2/3,746.5,1
50,0.5,747.0,1
r,1/3,4483/6,1
62,0.5,747.5,1
r,1.5,747.5,1
55,0.25,748.0,1
59,0.25,748.0,1
r,0.25,748.25,1
62,0.5,748.5,1
54,0.5,749.0,1
57,0.5,749.0,1
62,0.5,749.5,1
50,0.5,750.0,1
62,0.5,750.5,1
54,0.5,751.0,1
57,0.5,751.0,1
62,0.5,751.5,1
55,0.5,752.0,1
59,0.5,752.0,1
62,0.5,752.5,1
50,0.5,753.0,1
62,0.5,753.5,1
55,0.5,754.0,1
59,0.5,754.0,1
62,0.5,754.5,1
57,0.5,755.0,1
60,0.5,755.0,1
r,1.5,755.0,1
62,0.5,755.5,1
50,2/3,756.0,1
62,0.5,756.5,1
r,1/3,2270/3,1
60,0.5,757.0,1
57,0.5,757.0,1
r,1.0,757.0,1
62,0.5,757.5,1
55,0.5,758.0,1
59,0.5,758.0,1
r,1.0,758.0,1
62,2/3,758.5,1
50,0.5,759.0,1
r,1/3,4555/6,1
62,0.5,759.5,1
r,1.5,759.5,1
59,0.5,760.0,1
55,0.5,760.0,1
62,0.5,760.5,1
r,1.0,761.0,1
60,2/3,762.0,1
50,2/3,762.0,1
r,1/3,2288/3,1
50,0.5,763.0,1
60,0.5,763.0,1
r,0.5,763.5,1
59,2/3,764.0,1
55,2/3,764.0,1
r,1/3,2294/3,1
43,1.0,765.0,1
r,0.25,766.0,1
r,1/12,766.25,1
r,1/6,2299/3,1
r,1/6,766.5,1
r,1/12,2300/3,1
r,0.25,766.75,1
r,0.25,767.0,1
r,0.5,767.0,1
55,1/3,767.25,1
57,1/3,767.5,1
r,1/6,9211/12,1
59,1/3,767.75,1
r,1/6,4607/6,1
60,0.25,768.0,1
r,1/6,9217/12,1
62,0.25,768.25,1
r,1.75,768.25,1
64,0.25,768.5,1
66,0.25,768.75,1
67,0.25,769.0,1
r,0.25,769.25,1
67,1/3,769.5,1
r,1/6,4619/6,1
r,0.25,770.0,1
r,0.75,770.0,1
55,0.25,770.25,1
57,1/3,770.5,1
59,0.25,770.75,1
r,1/6,4625/6,1
60,0.25,771.0,1
r,2.0,771.0,1
62,0.25,771.25,1
64,0.25,771.5,1
66,0.25,771.75,1
67,0.25,772.0,1
r,0.25,772.25,1
67,0.25,772.5,1
r,0.25,772.75,1
66,0.5,773.0,1
64,0.5,773.5,1
66,0.5,774.0,1
62,0.5,774.5,1
64,0.5,775.0,1
66,0.5,775.5,1
67,2/3,776.0,1
r,0.5,776.0,1
62,0.5,776.5,1
r,1/3,2330/3,1
64,0.5,777.0,1
r,1.5,777.0,1
66,0.5,777.5,1
67,2/3,778.0,1
69,0.5,778.5,1
r,1/3,2336/3,1
67,1.0,779.0,1
71,1.0,779.0,1
r,0.25,780.0,1
r,1/12,780.25,1
r,1/6,2341/3,1
r,0.25,780.5,1
r,0.25,780.75,1
69,1.0,781.0,1
66,1.0,781.0,1
67,1.25,782.0,1
64,1.25,782.0,1
r,1/12,783.25,1
r,1/6,2350/3,1
r,1/6,783.5,1
r,1/12,2351/3,1
r,0.25,783.75,1
62,1.0,784.0,1
66,1.0,784.0,1
r,1.0,785.0,1
55,0.75,786.0,1
r,0.25,786.75,1
56,2/3,787.0,1
r,1/3,2363/3,1
57,1/3,788.0,1
r,0.25,788.0,1
61,1/3,788.25,1
r,1/6,2365/3,1
64,1/3,788.5,1
r,1/6,9463/12,1
61,0.25,788.75,1
r,1/6,4733/6,1
57,1/3,789.0,1
r,0.25,789.0,1
61,0.25,789.25,1
r,1/6,2368/3,1
64,1/3,789.5,1
r,0.25,789.5,1
61,0.25,789.75,1
r,1/6,4739/6,1
57,0.25,790.0,1
r,0.5,790.0,1
61,1/3,790.25,1
64,1/3,790.5,1
r,1/6,9487/12,1
61,0.25,790.75,1
r,1/6,4745/6,1
57,0.25,791.0,1
r,0.5,791.0,1
62,1/3,791.25,1
66,1/3,791.5,1
r,1/6,9499/12,1
62,0.25,791.75,1
r,2/3,4751/6,1
57,0.25,792.0,1
62,1/3,792.25,1
66,1/3,792.5,1
r,1/6,9511/12,1
62,0.25,792.75,1
r,2/3,4757/6,1
57,0.25,793.0,1
62,1/3,793.25,1
66,0.25,793.5,1
r,1/6,9523/12,1
62,0.25,793.75,1
r,0.25,793.75,1
57,1/3,794.0,1
r,0.25,794.0,1
64,1/3,794.25,1
r,1/6,2383/3,1
67,1/3,794.5,1
r,1/6,9535/12,1
64,1/3,794.75,1
r,1/6,4769/6,1
57,1/3,795.0,1
r,1/6,9541/12,1
64,1/3,795.25,1
r,1/6,2386/3,1
67,1/3,795.5,1
r,1/6,9547/12,1
64,0.25,795.75,1
r,1/6,4775/6,1
57,0.5,796.0,1
r,0.25,796.0,1
64,1/3,796.25,1
67,1/3,796.5,1
r,1/6,9559/12,1
64,0.25,796.75,1
r,1/6,4781/6,1
57,1/3,797.0,1
r,0.25,797.0,1
62,0.25,797.25,1
r,1/6,2392/3,1
66,1/3,797.5,1
r,0.25,797.5,1
62,1/3,797.75,1
r,1/6,4787/6,1
57,1/3,798.0,1
r,1/6,9577/12,1
62,0.25,798.25,1
r,1/6,2395/3,1
66,0.25,798.5,1
r,0.5,798.5,1
62,1/3,798.75,1
57,0.25,799.0,1
r,1/6,9589/12,1
62,1/3,799.25,1
r,0.25,799.25,1
66,0.25,799.5,1
r,1/6,9595/12,1
62,0.25,799.75,1
r,0.25,799.75,1
57,1/3,800.0,1
r,0.25,800.0,1
61,0.25,800.25,1
r,1/6,2401/3,1
64,1/3,800.5,1
r,0.25,800.5,1
61,0.25,800.75,1
r,1/6,4805/6,1
57,1/3,801.0,1
r,0.25,801.0,1
61,1/3,801.25,1
r,1/6,2404/3,1
64,1/3,801.5,1
r,1/6,9619/12,1
61,0.25,801.75,1
r,1/6,4811/6,1
57,0.25,802.0,1
r,0.5,802.0,1
61,1/3,802.25,1
64,1/3,802.5,1
r,1/6,9631/12,1
61,0.25,802.75,1
r,1/6,4817/6,1
57,1/3,803.0,1
r,0.25,803.0,1
62,1/3,803.25,1
r,1/6,2410/3,1
66,1/3,803.5,1
r,1/6,9643/12,1
62,1/3,803.75,1
r,1/6,4823/6,1
57,0.25,804.0,1
r,2/3,9649/12,1
62,0.25,804.25,1
66,1/3,804.5,1
62,0.25,804.75,1
r,1/6,4829/6,1
57,1/3,805.0,1
r,0.25,805.0,1
62,0.25,805.25,1
r,1/6,2416/3,1
66,1/3,805.5,1
r,0.25,805.5,1
62,0.25,805.75,1
r,1/6,4835/6,1
57,0.5,806.0,1
r,0.25,806.0,1
64,0.25,806.25,1
67,1/3,806.5,1
r,0.25,806.5,1
64,1/3,806.75,1
r,1/6,4841/6,1
58,1/3,807.0,1
r,1/6,9685/12,1
64,1/3,807.25,1
r,1/6,2422/3,1
67,1/3,807.5,1
r,1/6,9691/12,1
64,0.25,807.75,1
r,1/6,4847/6,1
59,1/3,808.0,1
r,0.25,808.0,1
62,0.25,808.25,1
r,1/6,2425/3,1
66,0.25,808.5,1
r,0.5,808.5,1
62,0.25,808.75,1
55,1.25,809.0,1
r,0.5,809.0,1
67,0.5,809.5,1
66,0.75,810.0,1
57,0.75,810.0,1
r,0.75,810.25,1
r,1.25,810.75,1
64,0.75,811.0,1
57,0.75,811.0,1
r,0.25,811.75,1
66,1.5,812.0,1
62,1.5,812.0,1
r,1/6,813.5,1
r,1/12,2441/3,1
r,0.25,813.75,1
r,0.25,814.0,1
r,1/12,814.25,1
r,1/6,2443/3,1
r,1/6,814.5,1
r,1/12,2444/3,1
r,0.25,814.75,1
r,3.0,815.0,1
r,1.0,818.0,1
66,2/3,819.0,1
57,2/3,819.0,1
r,1/3,2459/3,1
67,0.75,820.0,1
57,0.75,820.0,1
r,0.25,820.75,1
62,1.0,821.0,1
66,1.0,821.0,1
r,2.0,822.0,1
r,3.0,824.0,1
r,1.0,827.0,1
57,2/3,828.0,1
66,2/3,828.0,1
r,1/3,2486/3,1
57,2/3,829.0,1
67,2/3,829.0,1
r,1/3,2489/3,1
66,1.0,830.0,1
62,1.0,830.0,1
r,1.0,831.0,1
66,2/3,832.0,1
62,2/3,832.0,1
r,1/3,2498/3,1
62,1.25,833.0,1
67,1.25,833.0,1
r,0.75,834.25,1
62,0.75,835.0,1
64,0.75,835.0,1
r,0.25,835.75,1
62,1.0,836.0,1
66,1.0,836.0,1
r,1.0,837.0,1
66,2/3,838.0,1
62,2/3,838.0,1
r,1/3,2516/3,1
67,1.25,839.0,1
62,1.25,839.0,1
r,0.75,840.25,1
64,2/3,841.0,1
62,2/3,841.0,1
r,1/3,2525/3,1
62,1.0,842.0,1
66,1.0,842.0,1
r,2.0,843.0,1
r,2.0,845.0,1
r,2.5,845.0,1
55,2/3,847.0,1
59,2/3,847.0,1
62,0.5,847.5,1
r,1/3,2543/3,1
60,0.5,848.0,1
57,0.5,848.0,1
62,0.5,848.5,1
50,0.5,849.0,1
62,0.5,849.5,1
60,0.5,850.0,1
57,0.5,850.0,1
62,2/3,850.5,1
55,0.5,851.0,1
59,0.5,851.0,1
r,2.5,851.0,1
62,0.5,851.5,1
50,0.5,852.0,1
62,0.5,852.5,1
59,2/3,853.0,1
55,2/3,853.0,1
62,0.5,853.5,1
r,1/3,2561/3,1
54,0.5,854.0,1
57,0.5,854.0,1
r,2.0,854.0,1
62,0.5,854.5,1
50,0.5,855.0,1
62,2/3,855.5,1
54,0.5,856.0,1
57,0.5,856.0,1
r,1/3,5137/6,1
62,2/3,856.5,1
r,0.5,856.5,1
59,0.5,857.0,1
55,0.5,857.0,1
62,0.5,857.5,1
50,0.5,858.0,1
62,0.5,858.5,1
59,0.5,859.0,1
55,0.5,859.0,1
62,0.5,859.5,1
60,0.5,860.0,1
57,0.5,860.0,1
r,1.0,860.0,1
62,2/3,860.5,1
50,0.5,861.0,1
r,1/3,5167/6,1
62,0.5,861.5,1
r,1.5,861.5,1
57,0.5,862.0,1
60,0.5,862.0,1
62,0.5,862.5,1
59,0.5,863.0,1
55,0.5,863.0,1
62,0.5,863.5,1
50,0.5,864.0,1
62,0.5,864.5,1
59,0.5,865.0,1
55,0.5,865.0,1
62,0.5,865.5,1
r,1.0,866.0,1
60,0.75,867.0,1
50,0.75,867.0,1
r,0.25,867.75,1
60,1.0,868.0,1
50,1.0,868.0,1
55,1.0,869.0,1
59,1.0,869.0,1
43,0.75,870.0,1
r,0.25,870.75,1
r,0.25,871.0,1
r,1/12,871.25,1
r,1/6,2614/3,1
r,1/6,871.5,1
r,1/12,2615/3,1
r,0.25,871.75,1
63,1.0,872.0,1
66,1.0,872.0,1
67,0.75,873.0,1
64,0.75,873.0,1
r,1.25,873.75,1
64,1.0,875.0,1
67,1.0,875.0,1
62,1.0,876.0,1
66,1.0,876.0,1
r,1.0,877.0,1
r,0.5,878.0,1
r,0.25,878.5,1
r,0.25,878.75,1
60,2/3,879.0,1
r,1/12,2639/3,1
r,0.25,879.75,1
60,1.0,880.0,1
50,2.0,881.0,1
59,1.0,881.0,1
57,1.0,882.0,1
r,1.0,883.0,1
r,1.0,883.0,1
57,0.5,884.0,1
60,0.5,884.0,1
62,0.5,884.5,1
50,0.5,885.0,1
62,0.5,885.5,1
60,0.5,886.0,1
57,0.5,886.0,1
62,0.5,886.5,1
59,0.5,887.0,1
55,0.5,887.0,1
62,0.5,887.5,1
50,0.5,888.0,1
62,0.5,888.5,1
59,0.5,889.0,1
55,0.5,889.0,1
62,0.5,889.5,1
54,0.5,890.0,1
57,0.5,890.0,1
r,1.0,890.0,1
62,2/3,890.5,1
50,0.5,891.0,1
r,1/3,5347/6,1
62,0.5,891.5,1
r,1.5,891.5,1
54,0.5,892.0,1
57,0.5,892.0,1
62,0.5,892.5,1
59,0.5,893.0,1
55,0.5,893.0,1
62,0.5,893.5,1
50,0.5,894.0,1
62,0.5,894.5,1
55,0.5,895.0,1
59,0.5,895.0,1
62,2/3,895.5,1
57,0.5,896.0,1
60,0.5,896.0,1
62,0.5,896.5,1
50,0.5,897.0,1
62,0.5,897.5,1
60,0.5,898.0,1
57,0.5,898.0,1
62,0.5,898.5,1
55,0.5,899.0,1
59,0.5,899.0,1
62,0.5,899.5,1
50,0.5,900.0,1
62,0.5,900.5,1
55,0.5,901.0,1
59,0.5,901.0,1
62,0.5,901.5,1
r,1.0,902.0,1
60,0.75,903.0,1
50,0.75,903.0,1
r,0.25,903.75,1
60,1.0,904.0,1
50,1.0,904.0,1
59,1.0,905.0,1
55,1.0,905.0,1
43,0.5,906.0,1
r,1.5,906.5,1
48,0.5,908.0,1
60,0.25,908.5,1
r,0.25,908.75,1
48,0.25,909.0,1
r,0.25,909.25,1
60,0.25,909.5,1
r,0.25,909.75,1
48,0.25,910.0,1
r,0.25,910.25,1
60,0.25,910.5,1
r,0.25,910.75,1
48,0.25,911.0,1
r,0.25,911.25,1
60,0.25,911.5,1
r,0.25,911.75,1
48,0.25,912.0,1
r,0.25,912.25,1
60,0.25,912.5,1
r,0.25,912.75,1
48,0.25,913.0,1
r,0.25,913.25,1
60,0.25,913.5,1
r,0.25,913.75,1
48,0.25,914.0,1
r,0.25,914.25,1
60,0.25,914.5,1
r,0.25,914.75,1
48,0.25,915.0,1
r,0.25,915.25,1
60,0.25,915.5,1
r,0.25,915.75,1
48,0.25,916.0,1
r,0.25,916.25,1
60,0.25,916.5,1
r,0.25,916.75,1
48,0.25,917.0,1
r,0.25,917.25,1
60,0.25,917.5,1
r,0.25,917.75,1
48,0.5,918.0,1
r,1.5,918.5,1
r,1.0,920.0,1
55,1.0,921.0,1
62,1.0,921.0,1
59,1.0,921.0,1
r,1.0,922.0,1
r,1.0,923.0,1
64,1.25,924.0,1
60,1.25,924.0,1
r,0.75,925.25,1
r,1.5,926.0,1
61,0.5,927.5,1
62,0.5,928.0,1
65,0.5,928.5,1
55,2.0,929.0,1
64,1.0,929.0,1
62,1.0,930.0,1
r,1.0,931.0,1
r,1.0,931.0,1
48,0.5,932.0,1
60,0.5,932.5,1
48,0.25,933.0,1
r,0.25,933.25,1
60,0.25,933.5,1
r,0.25,933.75,1
48,0.25,934.0,1
r,0.25,934.25,1
60,0.25,934.5,1
r,0.25,934.75,1
48,0.25,935.0,1
r,0.25,935.25,1
60,0.25,935.5,1
r,0.25,935.75,1
48,0.25,936.0,1
r,0.25,936.25,1
60,0.25,936.5,1
r,0.25,936.75,1
48,0.25,937.0,1
r,0.25,937.25,1
60,0.25,937.5,1
r,0.25,937.75,1
48,0.5,938.0,1
60,0.25,938.5,1
r,0.25,938.75,1
48,0.25,939.0,1
r,0.25,939.25,1
60,0.25,939.5,1
r,0.25,939.75,1
48,0.25,940.0,1
r,0.25,940.25,1
60,0.25,940.5,1
r,0.25,940.75,1
48,0.25,941.0,1
r,0.25,941.25,1
60,0.25,941.5,1
r,0.25,941.75,1
48,1/3,942.0,1
r,5/3,2827/3,1
r,1.0,944.0,1
62,2/3,945.0,1
55,2/3,945.0,1
59,2/3,945.0,1
r,4/3,2837/3,1
r,1.0,947.0,1
60,1.0,948.0,1
64,1.0,948.0,1
r,1.0,949.0,1
r,1.0,950.0,1
60,0.75,951.0,1
62,0.75,951.0,1
r,1.25,951.75,1
r,1.0,953.0,1
59,2/3,954.0,1
62,2/3,954.0,1
r,4/3,2864/3,1
r,1.0,956.0,1
54,1.5,957.0,1
62,1.5,957.0,1
r,0.5,958.5,1
r,3.0,959.0,1
r,1.0,962.0,1
61,0.5,963.0,1
62,0.5,963.5,1
61,0.5,964.0,1
62,0.5,964.5,1
60,0.5,965.0,1
r,1.5,965.0,1
62,0.5,965.5,1
60,2/3,966.0,1
62,2/3,966.5,1
r,1/3,2900/3,1
59,0.25,967.0,1
55,0.25,967.0,1
r,5/6,5803/6,1
r,0.25,967.25,1
62,0.5,967.5,1
57,0.5,968.0,1
60,0.5,968.0,1
62,0.5,968.5,1
50,0.5,969.0,1
62,0.5,969.5,1
57,0.5,970.0,1
60,0.5,970.0,1
62,0.5,970.5,1
55,0.5,971.0,1
59,0.5,971.0,1
r,2.5,971.0,1
62,0.5,971.5,1
50,0.5,972.0,1
62,0.5,972.5,1
59,2/3,973.0,1
55,2/3,973.0,1
62,0.5,973.5,1
r,1/3,2921/3,1
54,0.5,974.0,1
57,0.5,974.0,1
62,0.5,974.5,1
50,0.5,975.0,1
62,0.5,975.5,1
54,0.5,976.0,1
57,0.5,976.0,1
62,0.5,976.5,1
59,0.5,977.0,1
55,0.5,977.0,1
62,0.5,977.5,1
50,0.5,978.0,1
62,0.5,978.5,1
55,0.5,979.0,1
59,0.5,979.0,1
62,0.5,979.5,1
57,0.5,980.0,1
60,0.5,980.0,1
r,1.0,980.0,1
62,2/3,980.5,1
50,0.5,981.0,1
r,1/3,5887/6,1
62,0.5,981.5,1
r,1.5,981.5,1
60,0.5,982.0,1
57,0.5,982.0,1
62,0.5,982.5,1
59,0.5,983.0,1
55,0.5,983.0,1
62,0.5,983.5,1
50,0.5,984.0,1
62,0.5,984.5,1
55,0.5,985.0,1
59,0.5,985.0,1
62,0.5,985.5,1
r,1.0,986.0,1
60,0.75,987.0,1
50,0.75,987.0,1
r,0.25,987.75,1
50,0.75,988.0,1
60,0.75,988.0,1
r,0.25,988.75,1
55,2/3,989.0,1
59,2/3,989.0,1
r,1/3,2969/3,1
43,0.75,990.0,1
r,1.25,990.75,1
63,1.0,992.0,1
66,1.0,992.0,1
64,1.0,993.0,1
67,1.0,993.0,1
r,1.0,994.0,1
67,1.0,995.0,1
64,1.0,995.0,1
r,1.0,995.0,1
62,0.5,996.0,1
66,1.0,996.0,1
r,1.5,996.5,1
r,1.0,997.0,1
r,1.0,998.0,1
60,0.5,999.0,1
r,0.5,999.5,1
60,0.75,1000.0,1
r,0.25,1000.75,1
59,1.0,1001.0,1
50,1.75,1001.0,1
57,1.0,1002.0,1
r,1.25,1002.75,1
r,1.0,1003.0,1
57,0.5,1004.0,1
60,0.5,1004.0,1
r,1.0,1004.0,1
62,2/3,1004.5,1
50,0.5,1005.0,1
r,1/3,6031/6,1
62,0.5,1005.5,1
r,1.5,1005.5,1
57,0.5,1006.0,1
60,0.5,1006.0,1
62,0.5,1006.5,1
59,0.5,1007.0,1
55,0.5,1007.0,1
r,1.0,1007.0,1
62,2/3,1007.5,1
50,0.5,1008.0,1
r,1/3,6049/6,1
62,0.5,1008.5,1
r,1.5,1008.5,1
59,0.5,1009.0,1
55,0.5,1009.0,1
62,0.5,1009.5,1
54,0.5,1010.0,1
57,0.5,1010.0,1
62,0.5,1010.5,1
50,0.5,1011.0,1
62,0.5,1011.5,1
54,0.5,1012.0,1
57,0.5,1012.0,1
62,0.5,1012.5,1
59,0.5,1013.0,1
55,0.5,1013.0,1
r,1.0,1013.0,1
62,2/3,1013.5,1
50,0.5,1014.0,1
r,1/3,6085/6,1
62,0.5,1014.5,1
r,1.5,1014.5,1
55,0.5,1015.0,1
59,0.5,1015.0,1
62,0.5,1015.5,1
60,0.5,1016.0,1
57,0.5,1016.0,1
62,0.5,1016.5,1
50,0.5,1017.0,1
62,0.5,1017.5,1
57,0.5,1018.0,1
60,0.5,1018.0,1
62,0.5,1018.5,1
55,0.5,1019.0,1
59,0.5,1019.0,1
62,0.5,1019.5,1
50,0.5,1020.0,1
62,0.5,1020.5,1
55,0.5,1021.0,1
59,0.5,1021.0,1
62,0.5,1021.5,1
r,1.0,1022.0,1
50,0.75,1023.0,1
60,0.75,1023.0,1
r,0.25,1023.75,1
60,0.75,1024.0,1
50,0.75,1024.0,1
r,0.25,1024.75,1
55,1.0,1025.0,1
59,1.0,1025.0,1
43,1.0,1026.0,1
r,1.0,1027.0,1
59,0.5,1028.0,1
r,1.0,1028.0,1
67,2/3,1028.5,1
62,0.5,1029.0,1
r,1/3,6175/6,1
67,0.5,1029.5,1
r,1.5,1029.5,1
59,0.5,1030.0,1
67,0.5,1030.5,1
60,0.5,1031.0,1
64,0.5,1031.5,1
60,0.5,1032.0,1
64,0.5,1032.5,1
60,0.5,1033.0,1
64,0.5,1033.5,1
56,0.5,1034.0,1
r,2.0,1034.0,1
64,0.5,1034.5,1
59,0.5,1035.0,1
64,2/3,1035.5,1
56,0.5,1036.0,1
r,1/3,6217/6,1
64,0.5,1036.5,1
r,0.5,1036.5,1
57,2/3,1037.0,1
r,0.5,1037.0,1
64,0.5,1037.5,1
r,1/3,3113/3,1
60,0.5,1038.0,1
r,1.5,1038.0,1
64,0.5,1038.5,1
60,2/3,1039.0,1
64,0.5,1039.5,1
r,1/3,3119/3,1
57,0.5,1040.0,1
60,0.5,1040.0,1
r,1.0,1040.0,1
62,2/3,1040.5,1
54,0.5,1041.0,1
57,0.5,1041.0,1
r,1/3,6247/6,1
62,0.5,1041.5,1
r,1.5,1041.5,1
59,0.5,1042.0,1
55,0.5,1042.0,1
62,0.5,1042.5,1
57,0.5,1043.0,1
60,0.5,1043.0,1
62,0.5,1043.5,1
57,0.5,1044.0,1
54,0.5,1044.0,1
62,0.5,1044.5,1
59,0.5,1045.0,1
55,0.5,1045.0,1
62,0.5,1045.5,1
48,0.75,1046.0,1
r,0.25,1046.75,1
50,0.75,1047.0,1
r,0.25,1047.75,1
50,1.0,1048.0,1
55,1.25,1049.0,1
r,1.25,1050.25,1
71,0.5,1051.5,1
67,0.5,1051.5,1
69,0.5,1052.0,1
72,0.5,1052.0,1
74,0.5,1052.5,1
69,0.5,1053.0,1
66,0.5,1053.0,1
74,0.5,1053.5,1
71,0.5,1054.0,1
67,0.5,1054.0,1
74,0.5,1054.5,1
72,0.5,1055.0,1
69,0.5,1055.0,1
74,0.5,1055.5,1
69,0.5,1056.0,1
66,0.5,1056.0,1
74,0.5,1056.5,1
71,0.5,1057.0,1
67,0.5,1057.0,1
74,0.5,1057.5,1
60,0.75,1058.0,1
r,0.25,1058.75,1
62,0.75,1059.0,1
71,0.75,1059.0,1
r,0.25,1059.75,1
72,2/3,1060.0,1
62,2/3,1060.0,1
r,1/12,3182/3,1
r,0.25,1060.75,1
67,1.0,1061.0,1
71,1.0,1061.0,1
r,1.0,1062.0,1
50,0.75,1063.0,1
57,0.75,1063.0,1
r,0.25,1063.75,1
55,1.0,1064.0,1
43,1.0,1064.0,1
r,0.25,1065.0,1
r,1/12,1065.25,1
r,1/6,3196/3,1
r,1/6,1065.5,1
r,1/12,3197/3,1
r,1.25,1065.75,1
