r,3.0,0.0
r,0.75,3.0
51,0.25,3.75
63,0.25,3.75
42,1.5,4.0
54,1.5,4.0
r,0.25,5.5
42,0.25,5.75
30,0.25,5.75
42,3.5,6.0
54,3.5,6.0
r,0.25,9.5
63,0.25,9.75
54,0.25,9.75
63,2.0,10.0
54,2.0,10.0
62,1.0,12.0
55,1.0,12.0
r,1.0,13.0
48,0.75,14.0
60,0.75,14.0
r,0.25,14.75
r,0.25,15.0
r,0.75,15.25
47,0.5,16.0
35,0.5,16.0
r,0.5,16.5
r,2.5,17.0
r,0.25,19.5
68,0.25,19.75
56,0.25,19.75
59,1.75,20.0
47,1.75,20.0
35,0.25,21.75
47,0.25,21.75
47,3.75,22.0
59,3.75,22.0
59,0.25,27.5
68,0.25,27.5
68,2.0,27.75
59,2.0,27.75
58,1.0,29.75
61,1.0,29.75
r,1.0,30.75
56,0.75,31.75
60,0.75,31.75
r,0.25,32.5
r,0.25,32.75
r,0.75,33.0
52,0.5,33.75
40,0.5,33.75
r,0.5,34.25
r,2.5,34.75
r,0.25,37.25
49,0.25,37.5
61,0.25,37.5
52,1.5,37.75
40,1.5,37.75
r,0.25,39.25
41,0.25,39.5
53,0.25,39.5
53,3.5,39.75
41,3.5,39.75
r,0.25,43.25
58,0.25,43.5
61,0.25,43.5
53,0.25,43.5
61,2.0,43.75
53,2.0,43.75
58,2.0,43.75
61,1.5,45.75
58,1.5,45.75
54,1.5,45.75
r,0.25,47.25
58,0.25,47.5
61,0.25,47.5
55,0.25,47.5
61,3.5,47.75
58,3.5,47.75
55,3.5,47.75
r,0.25,51.25
60,0.25,51.5
56,0.25,51.5
60,1.5,51.75
56,1.5,51.75
r,0.25,53.25
57,0.25,53.5
63,0.25,53.5
66,0.25,53.5
66,1.5,53.75
63,1.5,53.75
57,1.5,53.75
r,0.25,55.25
58,0.25,55.5
66,0.25,55.5
63,0.25,55.5
66,3.5,55.75
63,3.5,55.75
58,3.5,55.75
r,0.25,59.25
63,0.25,59.5
59,0.25,59.5
66,0.25,59.5
66,1.5,59.75
63,1.5,59.75
59,1.5,59.75
r,0.25,61.25
63,0.25,61.5
66,0.25,61.5
60,0.25,61.5
66,1.5,61.75
63,1.5,61.75
60,1.5,61.75
r,0.25,63.25
65,0.25,63.5
61,0.25,63.5
65,3.5,63.75
61,3.5,63.75
r,0.25,67.25
62,0.25,67.5
65,0.25,67.5
65,1.5,67.75
62,1.5,67.75
r,0.25,69.25
50,0.25,69.5
38,0.25,69.5
50,1.5,69.75
38,1.5,69.75
r,0.25,71.25
39,0.25,71.5
51,0.25,71.5
51,3.5,71.75
39,3.5,71.75
r,0.25,75.25
39,0.25,75.5
51,0.25,75.5
51,1.5,75.75
39,1.5,75.75
r,0.25,77.25
52,0.25,77.5
40,0.25,77.5
52,1.5,77.75
40,1.5,77.75
r,0.25,79.25
41,0.25,79.5
53,0.25,79.5
53,1.5,79.75
41,1.5,79.75
r,0.25,81.25
43,0.25,81.5
55,0.25,81.5
43,0.5,81.75
55,0.5,81.75
r,0.5,82.25
44,0.5,82.75
56,0.5,82.75
r,0.5,83.25
44,0.5,83.75
56,0.5,83.75
r,0.5,84.25
32,0.5,84.75
44,0.5,84.75
r,1/6,85.25
r,1/3,1025/12
31,0.5,85.75
43,0.5,85.75
55,0.5,86.25
55,0.5,86.75
56,0.5,87.25
55,0.5,87.25
56,0.5,87.75
53,0.5,87.75
53,0.5,88.25
53,0.5,88.75
51,0.5,89.25
51,1.0,89.75
r,3.75,89.75
50,1.0,90.75
48,1.0,91.75
42,1.0,92.75
43,0.25,93.5
43,0.5,93.75
43,0.5,94.25
43,0.5,94.75
44,0.5,95.25
43,0.5,95.25
44,0.5,95.75
41,0.5,95.75
41,0.5,96.25
41,0.5,96.75
39,0.5,97.25
39,1.0,97.75
r,3.75,97.75
38,1.0,98.75
36,1.0,99.75
30,1.0,100.75
31,0.25,101.5
31,2.0,101.75
31,2.0,103.75
31,0.25,105.75
32,0.25,105.75
31,0.25,106.0
32,0.25,106.0
31,0.25,106.25
32,0.25,106.25
31,0.25,106.5
32,0.25,106.5
31,0.25,106.75
32,0.25,106.75
31,0.25,107.0
32,0.25,107.0
31,0.25,107.25
32,0.25,107.25
31,0.25,107.5
32,0.25,107.5
31,0.25,107.75
32,0.25,107.75
31,0.25,108.0
32,0.25,108.0
31,0.25,108.25
32,0.25,108.25
31,0.25,108.5
32,0.25,108.5
31,0.25,108.75
32,0.25,108.75
31,0.25,109.0
32,0.25,109.0
31,0.25,109.25
32,0.25,109.25
31,0.25,109.5
32,0.25,109.5
31,0.25,109.75
32,0.25,110.0
31,0.25,110.25
32,0.25,110.5
31,0.25,110.75
32,0.25,111.0
31,0.25,111.25
32,0.25,111.5
31,0.25,111.75
32,0.25,112.0
31,0.25,112.25
32,0.25,112.5
31,0.25,112.75
32,0.25,113.0
31,0.25,113.25
32,0.25,113.5
31,0.25,113.75
32,0.25,114.0
31,0.25,114.25
32,0.25,114.5
31,0.25,114.75
32,0.25,115.0
31,0.25,115.25
32,0.25,115.5
31,0.25,115.75
32,0.25,116.0
31,0.25,116.25
32,0.25,116.5
31,0.25,116.75
32,0.25,117.0
31,0.25,117.25
32,0.25,117.5
31,0.25,117.75
32,0.25,118.0
31,0.25,118.25
32,0.25,118.5
31,0.25,118.75
32,0.25,119.0
31,0.25,119.25
32,0.25,119.5
31,0.25,119.75
32,0.25,120.0
31,0.25,120.25
32,0.25,120.5
31,0.25,120.75
32,0.25,121.0
31,0.25,121.25
33,0.25,121.25
35,0.25,121.5
36,0.75,121.75
r,1.25,122.5
r,1.5,123.75
31,0.25,125.25
33,0.25,125.25
35,0.25,125.5
36,0.5,125.75
r,0.5,126.25
39,0.5,126.75
r,0.5,127.25
35,1.25,127.75
r,0.25,129.0
31,0.25,129.25
33,0.25,129.25
35,0.25,129.5
36,0.5,129.75
r,0.5,130.25
39,0.5,130.75
r,0.5,131.25
35,1.25,131.75
r,0.25,133.0
44,0.25,133.25
r,0.25,133.5
43,0.25,133.75
r,0.25,134.0
41,0.25,134.25
r,0.25,134.5
39,0.25,134.75
r,0.25,135.0
38,0.25,135.25
r,0.25,135.5
39,0.25,135.75
41,0.25,136.0
39,0.25,136.25
38,0.25,136.5
36,0.25,136.75
r,0.25,137.0
44,0.5,137.25
43,0.5,137.75
41,0.5,138.25
39,0.5,138.75
38,0.5,139.25
39,0.25,139.75
41,0.25,140.0
39,0.25,140.25
38,0.25,140.5
36,0.25,140.75
44,0.25,141.0
46,0.25,141.25
44,0.25,141.5
43,0.25,141.75
44,0.25,142.0
43,0.25,142.25
41,0.25,142.5
39,0.25,142.75
41,0.25,143.0
39,0.25,143.25
38,0.25,143.5
39,0.25,143.75
41,0.25,144.0
39,0.25,144.25
38,0.25,144.5
36,0.25,144.75
43,0.25,145.0
41,0.25,145.25
39,0.25,145.5
41,0.25,145.75
43,0.25,146.0
41,0.25,146.25
39,0.25,146.5
38,0.25,146.75
44,0.25,147.0
43,0.25,147.25
41,0.25,147.5
43,0.25,147.75
44,0.25,148.0
43,0.25,148.25
41,0.25,148.5
40,0.25,148.75
46,0.25,149.0
44,0.25,149.25
43,0.25,149.5
44,0.25,149.75
48,0.25,150.0
43,0.25,150.25
48,0.25,150.5
41,0.25,150.75
48,0.25,151.0
42,0.25,151.25
48,0.25,151.5
47,0.25,151.75
45,0.25,152.0
43,0.25,152.25
50,0.25,152.5
48,0.25,152.75
47,0.25,153.0
53,0.25,153.25
51,0.25,153.5
50,0.25,153.75
56,0.25,154.0
55,0.25,154.25
53,0.25,154.5
62,0.25,154.75
60,0.25,155.0
59,0.25,155.25
65,0.25,155.5
63,0.25,155.75
62,0.25,156.0
68,0.25,156.25
67,0.25,156.5
65,0.25,156.75
74,0.25,157.0
72,0.25,157.25
71,0.25,157.5
77,0.25,157.75
75,0.25,158.0
74,0.25,158.25
80,0.25,158.5
79,0.25,158.75
77,0.25,159.0
75,0.25,159.25
74,0.25,159.5
72,0.25,159.75
71,0.25,160.0
68,0.25,160.25
67,0.25,160.5
65,0.25,160.75
63,0.25,161.0
62,0.25,161.25
67,0.25,161.5
51,1.0,161.75
48,1.0,162.75
36,1.0,162.75
r,1.0,163.75
43,1.0,164.75
31,1.0,164.75
r,0.5,165.75
55,0.5,166.25
55,0.5,166.75
55,1/3,167.25
r,7/6,2011/12
60,0.5,168.75
55,0.5,169.25
55,0.5,169.75
55,0.5,170.25
55,0.5,170.75
55,1/3,171.25
r,2/3,2059/12
60,1.0,172.25
43,1.0,173.25
31,1.0,173.25
43,0.5,174.25
31,0.5,174.25
45,0.5,174.75
33,0.5,174.75
47,0.5,175.25
35,0.5,175.25
48,0.5,175.75
36,0.5,175.75
47,0.5,176.25
35,0.5,176.25
48,0.5,176.75
36,0.5,176.75
50,0.5,177.25
38,0.5,177.25
51,0.5,177.75
39,0.5,177.75
52,0.5,178.25
40,0.5,178.25
41,0.5,178.75
53,0.5,178.75
52,0.5,179.25
40,0.5,179.25
53,0.5,179.75
41,0.5,179.75
56,1.0,180.25
56,0.5,181.25
56,0.75,181.75
r,0.25,182.5
56,1.0,182.75
55,0.75,183.75
r,0.25,184.5
54,0.75,184.75
r,0.25,185.5
55,0.75,185.75
r,0.25,186.5
55,1.25,186.75
53,0.25,188.0
51,0.25,188.25
50,0.25,188.5
48,0.25,188.75
50,0.25,189.0
51,0.25,189.25
48,0.25,189.5
50,0.25,189.75
48,0.25,190.0
47,0.25,190.25
45,0.25,190.5
43,0.25,190.75
47,0.25,191.0
50,0.25,191.25
53,0.25,191.5
51,0.5,191.75
43,0.5,192.25
31,0.5,192.25
48,0.5,192.75
36,0.5,192.75
47,0.5,193.25
35,0.5,193.25
48,0.5,193.75
36,0.5,193.75
41,0.25,194.25
53,0.25,194.25
r,0.25,194.5
39,0.25,194.75
51,0.25,194.75
r,0.25,195.0
48,1/3,195.25
36,1/3,195.25
r,1/6,2347/12
r,0.5,195.75
48,0.5,196.25
36,0.5,196.25
38,0.5,196.75
50,0.5,196.75
36,0.5,197.25
48,0.5,197.25
50,0.25,197.75
38,0.25,197.75
r,0.25,198.0
43,0.25,198.25
55,0.25,198.25
r,0.25,198.5
41,0.25,198.75
53,0.25,198.75
r,0.25,199.0
39,0.25,199.25
51,0.25,199.25
r,0.25,199.5
38,0.25,199.75
50,0.25,199.75
r,0.25,200.0
46,0.25,200.25
34,0.25,200.25
r,0.25,200.5
48,0.25,200.75
36,0.25,200.75
r,0.25,201.0
38,0.25,201.25
50,0.25,201.25
r,0.25,201.5
51,0.5,201.75
39,0.5,201.75
r,0.5,202.25
43,0.5,202.75
55,0.5,202.75
r,0.25,203.25
r,0.25,203.5
50,0.25,203.75
38,0.25,203.75
r,0.25,204.0
38,0.75,204.25
41,0.25,205.0
44,0.25,205.25
48,0.25,205.5
46,0.25,205.75
48,0.25,206.0
46,0.25,206.25
44,0.25,206.5
43,0.25,206.75
44,0.25,207.0
43,0.25,207.25
41,0.25,207.5
43,0.25,207.75
44,0.25,208.0
43,0.25,208.25
41,0.25,208.5
40,0.25,208.75
43,0.25,209.0
46,0.25,209.25
49,0.25,209.5
48,0.25,209.75
49,0.25,210.0
48,0.25,210.25
46,0.25,210.5
44,0.25,210.75
46,0.25,211.0
44,0.25,211.25
43,0.25,211.5
44,0.25,211.75
46,0.25,212.0
44,0.25,212.25
42,0.25,212.5
41,0.25,212.75
45,0.25,213.0
48,0.25,213.25
51,0.25,213.5
49,0.25,213.75
51,0.25,214.0
49,0.25,214.25
48,0.25,214.5
46,0.25,214.75
48,0.25,215.0
46,0.25,215.25
45,0.25,215.5
46,0.25,215.75
48,0.25,216.0
46,0.25,216.25
44,0.25,216.5
43,0.25,216.75
46,0.25,217.0
49,0.25,217.25
53,0.25,217.5
51,0.25,217.75
r,2.0,217.75
53,0.25,218.0
51,0.25,218.25
49,0.25,218.5
48,0.25,218.75
49,0.25,219.0
48,0.25,219.25
46,0.25,219.5
44,1.0,219.75
72,0.25,219.75
73,0.25,220.0
72,0.25,220.25
70,0.25,220.5
68,0.25,220.75
r,1.0,220.75
72,0.25,221.0
70,0.25,221.25
68,0.25,221.5
70,0.25,221.75
68,0.25,222.0
67,0.25,222.25
65,0.25,222.5
63,0.25,222.75
67,0.25,223.0
70,0.25,223.25
73,0.25,223.5
72,0.5,223.75
55,0.5,224.25
67,0.5,224.25
56,0.5,224.75
68,0.5,224.75
55,0.5,225.25
67,0.5,225.25
56,0.5,225.75
68,0.5,225.75
73,0.25,226.25
61,0.25,226.25
r,0.25,226.5
60,0.25,226.75
72,0.25,226.75
r,0.25,227.0
69,1/3,227.25
57,1/3,227.25
r,1/6,2731/12
r,0.5,227.75
57,0.5,228.25
69,0.5,228.25
58,0.5,228.75
70,0.5,228.75
57,0.5,229.25
69,0.5,229.25
70,0.25,229.75
58,0.25,229.75
r,0.25,230.0
63,0.25,230.25
75,0.25,230.25
r,0.25,230.5
61,0.25,230.75
73,0.25,230.75
r,0.25,231.0
58,1/3,231.25
70,1/3,231.25
r,1/6,2779/12
r,0.5,231.75
58,0.5,232.25
70,0.5,232.25
72,0.5,232.75
60,0.5,232.75
58,0.5,233.25
70,0.5,233.25
72,0.25,233.75
60,0.25,233.75
r,0.25,234.0
65,0.25,234.25
77,0.25,234.25
r,0.25,234.5
63,0.25,234.75
75,0.25,234.75
r,0.25,235.0
60,1/3,235.25
72,1/3,235.25
r,2/3,2827/12
44,0.25,236.25
32,0.25,236.25
r,0.25,236.5
46,0.25,236.75
34,0.25,236.75
r,0.25,237.0
36,0.25,237.25
48,0.25,237.25
r,0.25,237.5
49,2.0,237.75
37,2.0,237.75
49,2.0,239.75
50,4.0,241.75
51,3.0,245.75
39,3.0,245.75
r,0.75,248.75
51,0.25,249.5
51,1.75,249.75
r,0.25,251.5
51,1.0,251.75
51,1.0,252.75
51,1.0,253.75
51,1.0,254.75
r,1.0,255.75
r,0.75,256.75
r,0.25,257.5
51,1.5,257.75
r,0.25,259.25
51,0.25,259.5
51,1.5,259.75
r,1/6,261.25
r,1/12,3137/12
52,0.25,261.5
52,1.0,261.75
53,1.0,262.75
r,1.5,263.75
r,0.25,265.25
61,0.25,265.5
61,1.0,265.75
60,1.0,266.75
r,1.0,267.75
r,0.5,268.75
62,0.5,269.25
62,0.5,269.75
77,0.25,270.25
80,0.25,270.5
74,0.25,270.75
77,0.25,271.0
71,0.25,271.25
74,0.25,271.5
68,0.25,271.75
71,0.25,272.0
65,0.25,272.25
68,0.25,272.5
62,0.25,272.75
65,0.25,273.0
59,0.25,273.25
62,0.25,273.5
56,0.25,273.75
59,0.25,274.0
53,0.25,274.25
56,0.25,274.5
50,0.25,274.75
51,0.25,275.0
53,0.25,275.25
55,0.25,275.5
56,0.25,275.75
58,0.25,276.0
60,0.25,276.25
61,0.25,276.5
63,0.25,276.75
64,0.25,277.0
65,0.25,277.25
63,0.25,277.5
44,0.5,277.75
32,0.5,277.75
r,0.5,278.25
36,0.5,278.75
48,0.5,278.75
r,0.25,279.25
r,0.25,279.5
43,2.0,279.75
31,2.0,279.75
30,0.5,281.75
42,0.5,281.75
r,0.5,282.25
32,0.5,282.75
44,0.5,282.75
r,0.25,283.25
r,0.25,283.5
41,2.0,283.75
29,2.0,283.75
28,0.5,285.75
40,0.5,285.75
r,0.5,286.25
32,0.5,286.75
44,0.5,286.75
r,0.25,287.25
r,0.25,287.5
27,0.75,287.75
39,0.75,287.75
r,0.25,288.5
32,0.5,288.75
44,0.5,288.75
r,0.25,289.25
48,0.25,289.5
36,0.25,289.5
51,0.5,289.75
39,0.5,289.75
r,0.5,290.25
27,0.5,290.75
39,0.5,290.75
r,0.25,291.25
r,0.25,291.5
r,0.25,291.75
60,0.25,292.0
58,0.25,292.25
56,0.25,292.5
55,0.25,292.75
56,0.25,293.0
58,0.25,293.25
56,0.25,293.5
r,0.25,293.75
67,0.25,294.0
65,0.25,294.25
63,0.25,294.5
62,0.25,294.75
63,0.25,295.0
65,0.25,295.25
63,0.25,295.5
r,0.25,295.75
51,0.25,296.0
49,0.25,296.25
48,0.25,296.5
47,0.25,296.75
48,0.25,297.0
49,0.25,297.25
48,0.25,297.5
r,0.25,297.75
65,0.25,298.0
63,0.25,298.25
61,0.25,298.5
60,0.25,298.75
61,0.25,299.0
63,0.25,299.25
61,0.25,299.5
r,0.25,299.75
37,0.25,300.0
39,0.25,300.25
40,0.25,300.5
39,0.25,300.75
37,0.25,301.0
36,0.25,301.25
37,0.25,301.5
38,0.25,301.75
39,0.25,302.0
41,0.25,302.25
39,0.25,302.5
37,0.25,302.75
36,0.25,303.0
34,0.25,303.25
32,0.25,303.5
31,0.25,303.75
32,0.25,304.0
34,0.25,304.25
36,0.25,304.5
37,0.25,304.75
36,0.25,305.0
37,0.25,305.25
35,0.25,305.5
36,0.25,305.75
37,0.25,306.0
39,0.25,306.25
37,0.25,306.5
36,0.25,306.75
35,0.25,307.0
36,0.25,307.25
32,0.25,307.5
31,0.25,307.75
32,0.25,308.0
34,0.25,308.25
36,0.25,308.5
37,0.25,308.75
36,0.25,309.0
37,0.25,309.25
35,0.25,309.5
36,0.25,309.75
37,0.25,310.0
39,0.25,310.25
37,0.25,310.5
36,0.25,310.75
35,0.25,311.0
36,0.25,311.25
32,0.25,311.5
31,0.25,311.75
32,0.25,312.0
34,0.25,312.25
36,0.25,312.5
37,0.25,312.75
39,0.25,313.0
41,0.25,313.25
43,0.25,313.5
44,0.25,313.75
46,0.25,314.0
48,0.25,314.25
47,0.25,314.5
48,0.25,314.75
49,0.25,315.0
50,0.25,315.25
49,0.25,315.5
50,0.25,315.75
51,0.25,316.0
52,0.25,316.25
51,0.25,316.5
52,0.25,316.75
53,0.25,317.0
54,0.25,317.25
55,0.25,317.5
56,0.25,317.75
58,0.25,318.0
60,0.25,318.25
59,0.25,318.5
60,0.25,318.75
61,0.25,319.0
62,0.25,319.25
61,0.25,319.5
62,0.25,319.75
63,0.25,320.0
64,0.25,320.25
63,0.25,320.5
64,0.25,320.75
65,0.25,321.0
66,0.25,321.25
67,0.25,321.5
68,0.5,321.75
r,0.5,322.25
44,0.75,322.75
32,0.75,322.75
r,0.25,323.5
r,1.25,323.75
r,0.25,325.0
31,0.25,325.25
33,0.25,325.25
35,0.25,325.5
36,0.75,325.75
r,1.25,326.5
r,1.5,327.75
31,0.25,329.25
33,0.25,329.25
35,0.25,329.5
36,0.5,329.75
r,0.5,330.25
39,0.5,330.75
r,0.5,331.25
35,1.25,331.75
r,0.25,333.0
31,0.25,333.25
33,0.25,333.25
35,0.25,333.5
36,0.5,333.75
r,0.5,334.25
39,0.5,334.75
r,0.5,335.25
35,1.25,335.75
r,0.25,337.0
44,0.25,337.25
r,0.25,337.5
43,0.25,337.75
r,0.25,338.0
41,0.25,338.25
r,0.25,338.5
39,0.25,338.75
r,0.25,339.0
38,0.25,339.25
r,0.25,339.5
39,0.25,339.75
41,0.25,340.0
39,0.25,340.25
38,0.25,340.5
36,0.25,340.75
r,0.25,341.0
44,0.5,341.25
43,0.5,341.75
41,0.5,342.25
39,0.5,342.75
38,0.5,343.25
39,0.25,343.75
41,0.25,344.0
39,0.25,344.25
38,0.25,344.5
36,0.25,344.75
44,0.25,345.0
46,0.25,345.25
44,0.25,345.5
43,0.25,345.75
44,0.25,346.0
43,0.25,346.25
41,0.25,346.5
39,0.25,346.75
41,0.25,347.0
39,0.25,347.25
38,0.25,347.5
39,0.25,347.75
41,0.25,348.0
39,0.25,348.25
38,0.25,348.5
36,0.25,348.75
43,0.25,349.0
41,0.25,349.25
39,0.25,349.5
41,0.25,349.75
43,0.25,350.0
41,0.25,350.25
39,0.25,350.5
38,0.25,350.75
44,0.25,351.0
43,0.25,351.25
41,0.25,351.5
43,0.25,351.75
44,0.25,352.0
43,0.25,352.25
41,0.25,352.5
40,0.25,352.75
46,0.25,353.0
44,0.25,353.25
43,0.25,353.5
44,0.25,353.75
48,0.25,354.0
43,0.25,354.25
48,0.25,354.5
41,0.25,354.75
48,0.25,355.0
42,0.25,355.25
48,0.25,355.5
47,0.25,355.75
45,0.25,356.0
43,0.25,356.25
50,0.25,356.5
48,0.25,356.75
47,0.25,357.0
53,0.25,357.25
51,0.25,357.5
50,0.25,357.75
56,0.25,358.0
55,0.25,358.25
53,0.25,358.5
62,0.25,358.75
60,0.25,359.0
59,0.25,359.25
65,0.25,359.5
63,0.25,359.75
62,0.25,360.0
68,0.25,360.25
67,0.25,360.5
65,0.25,360.75
74,0.25,361.0
72,0.25,361.25
71,0.25,361.5
77,0.25,361.75
75,0.25,362.0
74,0.25,362.25
80,0.25,362.5
79,0.25,362.75
77,0.25,363.0
75,0.25,363.25
74,0.25,363.5
72,0.25,363.75
71,0.25,364.0
68,0.25,364.25
67,0.25,364.5
65,0.25,364.75
63,0.25,365.0
62,0.25,365.25
67,0.25,365.5
51,1.0,365.75
36,1.0,366.75
48,1.0,366.75
r,1.0,367.75
31,1.0,368.75
43,1.0,368.75
r,0.5,369.75
55,0.5,370.25
55,0.5,370.75
55,1/3,371.25
r,7/6,4459/12
60,0.5,372.75
55,0.5,373.25
55,0.5,373.75
55,0.5,374.25
55,0.5,374.75
55,1/3,375.25
r,2/3,4507/12
60,1.0,376.25
31,1.0,377.25
43,1.0,377.25
31,0.5,378.25
43,0.5,378.25
33,0.5,378.75
45,0.5,378.75
35,0.5,379.25
47,0.5,379.25
36,0.5,379.75
48,0.5,379.75
35,0.5,380.25
47,0.5,380.25
36,0.5,380.75
48,0.5,380.75
38,0.5,381.25
50,0.5,381.25
39,0.5,381.75
51,0.5,381.75
40,0.5,382.25
52,0.5,382.25
53,0.5,382.75
41,0.5,382.75
40,0.5,383.25
52,0.5,383.25
41,0.5,383.75
53,0.5,383.75
56,1.0,384.25
56,0.5,385.25
56,0.75,385.75
r,0.25,386.5
56,1.0,386.75
55,0.75,387.75
r,0.25,388.5
54,0.75,388.75
r,0.25,389.5
55,0.75,389.75
r,0.25,390.5
55,1.25,390.75
53,0.25,392.0
51,0.25,392.25
50,0.25,392.5
48,0.25,392.75
50,0.25,393.0
51,0.25,393.25
48,0.25,393.5
50,0.25,393.75
48,0.25,394.0
47,0.25,394.25
45,0.25,394.5
43,0.25,394.75
47,0.25,395.0
50,0.25,395.25
53,0.25,395.5
51,0.5,395.75
31,0.5,396.25
43,0.5,396.25
36,0.5,396.75
48,0.5,396.75
35,0.5,397.25
47,0.5,397.25
36,0.5,397.75
48,0.5,397.75
53,0.25,398.25
41,0.25,398.25
r,0.25,398.5
51,0.25,398.75
39,0.25,398.75
r,0.25,399.0
36,1/3,399.25
48,1/3,399.25
r,1/6,4795/12
r,0.5,399.75
36,0.5,400.25
48,0.5,400.25
50,0.5,400.75
38,0.5,400.75
48,0.5,401.25
36,0.5,401.25
38,0.25,401.75
50,0.25,401.75
r,0.25,402.0
55,0.25,402.25
43,0.25,402.25
r,0.25,402.5
53,0.25,402.75
41,0.25,402.75
r,0.25,403.0
51,0.25,403.25
39,0.25,403.25
r,0.25,403.5
50,0.25,403.75
38,0.25,403.75
r,0.25,404.0
34,0.25,404.25
46,0.25,404.25
r,0.25,404.5
36,0.25,404.75
48,0.25,404.75
r,0.25,405.0
50,0.25,405.25
38,0.25,405.25
r,0.25,405.5
39,0.5,405.75
51,0.5,405.75
r,0.5,406.25
55,0.5,406.75
43,0.5,406.75
r,0.25,407.25
r,0.25,407.5
38,0.25,407.75
50,0.25,407.75
r,0.25,408.0
38,0.75,408.25
41,0.25,409.0
44,0.25,409.25
48,0.25,409.5
46,0.25,409.75
48,0.25,410.0
46,0.25,410.25
44,0.25,410.5
43,0.25,410.75
44,0.25,411.0
43,0.25,411.25
41,0.25,411.5
43,0.25,411.75
44,0.25,412.0
43,0.25,412.25
41,0.25,412.5
40,0.25,412.75
43,0.25,413.0
46,0.25,413.25
49,0.25,413.5
48,0.25,413.75
49,0.25,414.0
48,0.25,414.25
46,0.25,414.5
44,0.25,414.75
46,0.25,415.0
44,0.25,415.25
43,0.25,415.5
44,0.25,415.75
46,0.25,416.0
44,0.25,416.25
42,0.25,416.5
41,0.25,416.75
45,0.25,417.0
48,0.25,417.25
51,0.25,417.5
49,0.25,417.75
51,0.25,418.0
49,0.25,418.25
48,0.25,418.5
46,0.25,418.75
48,0.25,419.0
46,0.25,419.25
45,0.25,419.5
46,0.25,419.75
48,0.25,420.0
46,0.25,420.25
44,0.25,420.5
43,0.25,420.75
46,0.25,421.0
49,0.25,421.25
53,0.25,421.5
51,0.25,421.75
r,2.0,421.75
53,0.25,422.0
51,0.25,422.25
49,0.25,422.5
48,0.25,422.75
49,0.25,423.0
48,0.25,423.25
46,0.25,423.5
72,0.25,423.75
44,1.0,423.75
73,0.25,424.0
72,0.25,424.25
70,0.25,424.5
68,0.25,424.75
r,1.0,424.75
72,0.25,425.0
70,0.25,425.25
68,0.25,425.5
70,0.25,425.75
68,0.25,426.0
67,0.25,426.25
65,0.25,426.5
63,0.25,426.75
67,0.25,427.0
70,0.25,427.25
73,0.25,427.5
72,0.5,427.75
67,0.5,428.25
55,0.5,428.25
68,0.5,428.75
56,0.5,428.75
67,0.5,429.25
55,0.5,429.25
68,0.5,429.75
56,0.5,429.75
61,0.25,430.25
73,0.25,430.25
r,0.25,430.5
72,0.25,430.75
60,0.25,430.75
r,0.25,431.0
57,1/3,431.25
69,1/3,431.25
r,1/6,5179/12
r,0.5,431.75
69,0.5,432.25
57,0.5,432.25
70,0.5,432.75
58,0.5,432.75
69,0.5,433.25
57,0.5,433.25
58,0.25,433.75
70,0.25,433.75
r,0.25,434.0
75,0.25,434.25
63,0.25,434.25
r,0.25,434.5
73,0.25,434.75
61,0.25,434.75
r,0.25,435.0
70,1/3,435.25
58,1/3,435.25
r,1/6,5227/12
r,0.5,435.75
70,0.5,436.25
58,0.5,436.25
60,0.5,436.75
72,0.5,436.75
70,0.5,437.25
58,0.5,437.25
60,0.25,437.75
72,0.25,437.75
r,0.25,438.0
77,0.25,438.25
65,0.25,438.25
r,0.25,438.5
75,0.25,438.75
63,0.25,438.75
r,0.25,439.0
72,1/3,439.25
60,1/3,439.25
r,2/3,5275/12
32,0.25,440.25
44,0.25,440.25
r,0.25,440.5
34,0.25,440.75
46,0.25,440.75
r,0.25,441.0
48,0.25,441.25
36,0.25,441.25
r,0.25,441.5
37,2.0,441.75
49,2.0,441.75
49,2.0,443.75
50,4.0,445.75
39,3.0,449.75
51,3.0,449.75
r,0.75,452.75
51,0.25,453.5
51,1.75,453.75
r,0.25,455.5
51,1.0,455.75
51,1.0,456.75
51,1.0,457.75
51,1.0,458.75
r,1.0,459.75
r,0.75,460.75
r,0.25,461.5
51,1.5,461.75
r,0.25,463.25
51,0.25,463.5
51,1.5,463.75
r,1/6,465.25
r,1/12,5585/12
52,0.25,465.5
52,1.0,465.75
53,1.0,466.75
r,1.5,467.75
r,0.25,469.25
61,0.25,469.5
61,1.0,469.75
60,1.0,470.75
r,1.0,471.75
r,0.5,472.75
62,0.5,473.25
62,0.5,473.75
77,0.25,474.25
80,0.25,474.5
74,0.25,474.75
77,0.25,475.0
71,0.25,475.25
74,0.25,475.5
68,0.25,475.75
71,0.25,476.0
65,0.25,476.25
68,0.25,476.5
62,0.25,476.75
65,0.25,477.0
59,0.25,477.25
62,0.25,477.5
56,0.25,477.75
59,0.25,478.0
53,0.25,478.25
56,0.25,478.5
50,0.25,478.75
51,0.25,479.0
53,0.25,479.25
55,0.25,479.5
56,0.25,479.75
58,0.25,480.0
60,0.25,480.25
61,0.25,480.5
63,0.25,480.75
64,0.25,481.0
65,0.25,481.25
63,0.25,481.5
32,0.5,481.75
44,0.5,481.75
r,0.5,482.25
48,0.5,482.75
36,0.5,482.75
r,0.25,483.25
r,0.25,483.5
31,2.0,483.75
43,2.0,483.75
42,0.5,485.75
30,0.5,485.75
r,0.5,486.25
44,0.5,486.75
32,0.5,486.75
r,0.25,487.25
r,0.25,487.5
29,2.0,487.75
41,2.0,487.75
40,0.5,489.75
28,0.5,489.75
r,0.5,490.25
44,0.5,490.75
32,0.5,490.75
r,0.25,491.25
r,0.25,491.5
39,0.75,491.75
27,0.75,491.75
r,0.25,492.5
44,0.5,492.75
32,0.5,492.75
r,0.25,493.25
36,0.25,493.5
48,0.25,493.5
39,0.5,493.75
51,0.5,493.75
r,0.5,494.25
39,0.5,494.75
27,0.5,494.75
r,0.25,495.25
r,0.25,495.5
r,0.25,495.75
60,0.25,496.0
58,0.25,496.25
56,0.25,496.5
55,0.25,496.75
56,0.25,497.0
58,0.25,497.25
56,0.25,497.5
r,0.25,497.75
67,0.25,498.0
65,0.25,498.25
63,0.25,498.5
62,0.25,498.75
63,0.25,499.0
65,0.25,499.25
63,0.25,499.5
r,0.25,499.75
51,0.25,500.0
49,0.25,500.25
48,0.25,500.5
47,0.25,500.75
48,0.25,501.0
49,0.25,501.25
48,0.25,501.5
r,0.25,501.75
65,0.25,502.0
63,0.25,502.25
61,0.25,502.5
60,0.25,502.75
61,0.25,503.0
63,0.25,503.25
61,0.25,503.5
r,0.25,503.75
37,0.25,504.0
39,0.25,504.25
40,0.25,504.5
39,0.25,504.75
37,0.25,505.0
36,0.25,505.25
37,0.25,505.5
38,0.25,505.75
39,0.25,506.0
41,0.25,506.25
39,0.25,506.5
37,0.25,506.75
36,0.25,507.0
34,0.25,507.25
32,0.25,507.5
31,0.25,507.75
32,0.25,508.0
34,0.25,508.25
36,0.25,508.5
37,0.25,508.75
36,0.25,509.0
37,0.25,509.25
35,0.25,509.5
36,0.25,509.75
37,0.25,510.0
39,0.25,510.25
37,0.25,510.5
36,0.25,510.75
35,0.25,511.0
36,0.25,511.25
32,0.25,511.5
31,0.25,511.75
32,0.25,512.0
34,0.25,512.25
36,0.25,512.5
37,0.25,512.75
36,0.25,513.0
37,0.25,513.25
35,0.25,513.5
36,0.25,513.75
37,0.25,514.0
39,0.25,514.25
37,0.25,514.5
36,0.25,514.75
35,0.25,515.0
36,0.25,515.25
32,0.25,515.5
31,0.25,515.75
32,0.25,516.0
34,0.25,516.25
36,0.25,516.5
37,0.25,516.75
39,0.25,517.0
41,0.25,517.25
43,0.25,517.5
44,0.25,517.75
46,0.25,518.0
48,0.25,518.25
47,0.25,518.5
48,0.25,518.75
49,0.25,519.0
50,0.25,519.25
49,0.25,519.5
50,0.25,519.75
51,0.25,520.0
52,0.25,520.25
51,0.25,520.5
52,0.25,520.75
53,0.25,521.0
54,0.25,521.25
55,0.25,521.5
56,0.25,521.75
58,0.25,522.0
60,0.25,522.25
59,0.25,522.5
60,0.25,522.75
61,0.25,523.0
62,0.25,523.25
61,0.25,523.5
62,0.25,523.75
63,0.25,524.0
64,0.25,524.25
63,0.25,524.5
64,0.25,524.75
65,0.25,525.0
66,0.25,525.25
67,0.25,525.5
68,0.5,525.75
r,0.5,526.25
32,0.75,526.75
44,0.75,526.75
r,2.25,527.5
r,1.0,529.75
31,1.0,530.75
43,1.0,530.75
r,1.0,531.75
r,1.0,532.75
r,0.5,533.75
r,0.5,534.25
30,1.0,534.75
42,1.0,534.75
r,2.0,535.75
r,1.5,537.75
38,0.25,539.25
40,0.25,539.25
42,0.25,539.5
31,0.5,539.75
43,0.5,539.75
r,0.5,540.25
34,0.5,540.75
46,0.5,540.75
r,0.25,541.25
r,0.25,541.5
30,2.0,541.75
42,2.0,541.75
29,0.5,543.75
41,0.5,543.75
r,0.5,544.25
32,0.5,544.75
44,0.5,544.75
r,0.25,545.25
r,0.25,545.5
40,2.0,545.75
28,2.0,545.75
39,0.5,547.75
27,0.5,547.75
r,0.5,548.25
31,0.5,548.75
43,0.5,548.75
r,0.25,549.25
r,0.25,549.5
38,0.75,549.75
26,0.75,549.75
r,0.25,550.5
31,0.75,550.75
43,0.75,550.75
34,0.25,551.5
46,0.25,551.5
38,0.5,551.75
50,0.5,551.75
r,0.5,552.25
36,0.5,552.75
48,0.5,552.75
r,0.25,553.25
r,0.25,553.5
35,0.5,553.75
47,0.5,553.75
r,0.5,554.25
31,0.5,554.75
43,0.5,554.75
r,0.5,555.25
55,0.5,555.75
r,1.25,556.25
r,0.25,557.5
r,3.0,557.75
50,1.0,560.75
55,2.0,561.75
56,2.0,563.75
50,2.0,565.75
59,0.25,567.75
60,0.25,567.75
r,1/12,568.0
59,0.25,6817/12
60,0.25,6817/12
r,1/12,1705/3
59,0.25,6821/12
60,0.25,6821/12
r,1/12,1706/3
59,0.25,568.75
60,0.25,568.75
r,1/12,569.0
59,0.25,6829/12
57,0.25,6829/12
r,1/6,1708/3
59,0.25,569.5
60,1.0,569.75
r,0.25,570.75
58,0.25,571.0
56,0.25,571.25
55,0.25,571.5
56,0.5,571.75
r,0.5,572.25
53,0.5,572.75
r,0.25,573.25
r,0.25,573.5
58,0.5,573.75
r,0.5,574.25
55,0.5,574.75
r,0.5,575.25
60,0.5,575.75
r,0.5,576.25
48,0.5,576.75
r,0.25,577.25
r,0.25,577.5
53,2.0,577.75
52,0.25,579.75
53,0.25,579.75
r,1/12,580.0
52,0.25,6961/12
53,0.25,6961/12
r,1/12,1741/3
52,0.25,6965/12
53,0.25,6965/12
r,1/12,1742/3
52,0.25,580.75
53,0.25,580.75
r,1/12,581.0
52,0.25,6973/12
50,0.25,6973/12
r,1/6,1744/3
52,0.25,581.5
53,1.0,581.75
41,2.0,581.75
r,1.0,582.75
40,0.25,583.75
41,0.25,583.75
r,2.0,583.75
r,1/12,584.0
40,0.25,7009/12
41,0.25,7009/12
r,1/12,1753/3
40,0.25,7013/12
41,0.25,7013/12
r,1/12,1754/3
40,0.25,584.75
41,0.25,584.75
r,1/12,585.0
40,0.25,7021/12
38,0.25,7021/12
r,1/6,1756/3
40,0.25,585.5
41,0.5,585.75
39,0.5,586.25
38,0.5,586.75
36,0.5,587.25
35,0.5,587.75
34,0.5,588.25
33,0.5,588.75
32,0.5,589.25
31,0.5,589.75
30,1.0,590.25
30,1.0,591.25
42,1.0,591.25
30,1.0,592.25
42,1.0,592.25
30,1/3,593.25
42,1/3,593.25
r,1/6,7123/12
r,0.25,593.75
31,0.25,594.0
32,0.25,594.25
35,0.25,594.5
r,0.25,594.75
43,0.25,595.0
44,0.25,595.25
47,0.25,595.5
r,0.25,595.75
31,0.25,596.0
36,0.25,596.25
39,0.25,596.5
42,0.25,596.75
45,0.25,597.0
48,0.25,597.25
51,0.25,597.5
r,0.25,597.75
31,0.25,598.0
36,0.25,598.25
39,0.25,598.5
r,0.25,598.75
43,0.25,599.0
48,0.25,599.25
51,0.25,599.5
r,0.25,599.75
31,0.25,600.0
38,0.25,600.25
41,0.25,600.5
43,0.25,600.75
47,0.25,601.0
50,0.25,601.25
53,0.25,601.5
r,0.25,601.75
31,0.25,602.0
38,0.25,602.25
41,0.25,602.5
r,0.25,602.75
43,0.25,603.0
50,0.25,603.25
53,0.25,603.5
r,0.25,603.75
31,0.25,604.0
43,0.25,604.25
46,0.25,604.5
49,0.25,604.75
52,0.25,605.0
55,0.25,605.25
58,0.25,605.5
r,0.25,605.75
31,0.25,606.0
43,0.25,606.25
46,0.25,606.5
r,0.25,606.75
43,0.25,607.0
55,0.25,607.25
58,0.25,607.5
r,0.25,607.75
31,0.25,608.0
45,0.25,608.25
48,0.25,608.5
51,0.25,608.75
54,0.25,609.0
57,0.25,609.25
60,0.25,609.5
r,0.25,609.75
31,0.25,610.0
45,0.25,610.25
48,0.25,610.5
r,0.25,610.75
54,0.25,611.0
57,0.25,611.25
60,0.25,611.5
r,0.25,611.75
31,0.25,612.0
47,0.25,612.25
50,0.25,612.5
53,0.25,612.75
56,0.25,613.0
53,0.25,613.25
56,0.25,613.5
55,0.25,613.75
56,0.25,614.0
55,0.25,614.25
53,0.25,614.5
51,0.25,614.75
53,0.25,615.0
51,0.25,615.25
50,0.25,615.5
51,0.25,615.75
53,0.25,616.0
51,0.25,616.25
50,0.25,616.5
48,0.25,616.75
43,0.25,617.0
45,0.25,617.25
47,0.25,617.5
36,0.5,617.75
48,0.5,617.75
r,0.5,618.25
39,0.5,618.75
51,0.5,618.75
r,0.25,619.25
r,0.25,619.5
35,1.5,619.75
47,1.5,619.75
56,0.25,621.25
44,0.25,621.25
r,0.25,621.5
55,0.25,621.75
43,0.25,621.75
r,0.25,622.0
53,0.25,622.25
41,0.25,622.25
r,0.25,622.5
51,0.25,622.75
39,0.25,622.75
r,0.25,623.0
50,0.25,623.25
38,0.25,623.25
r,0.25,623.5
39,0.25,623.75
41,0.25,624.0
39,0.25,624.25
38,0.25,624.5
36,0.5,624.75
48,0.5,624.75
65,0.5,625.25
55,0.5,625.75
55,0.5,626.25
55,0.5,626.75
55,1/3,627.25
r,2/3,7531/12
48,1.0,628.25
65,0.5,629.25
43,0.5,629.75
31,0.5,629.75
43,0.5,630.25
31,0.5,630.25
45,0.5,630.75
33,0.5,630.75
47,1/3,631.25
35,1/3,631.25
r,2/3,7579/12
36,1.0,632.25
48,1.0,632.25
r,0.25,633.25
35,0.5,633.5
47,0.5,633.5
35,0.5,634.0
47,0.5,634.0
35,0.5,634.5
47,0.5,634.5
35,0.5,635.0
47,0.5,635.0
35,0.5,635.5
47,0.5,635.5
36,0.5,636.0
48,0.5,636.0
38,0.5,636.5
50,0.5,636.5
39,0.5,637.0
51,0.5,637.0
38,0.5,637.5
50,0.5,637.5
51,0.5,638.25
39,0.5,638.25
40,0.5,638.75
52,0.5,638.75
53,0.5,639.25
41,0.5,639.25
52,0.5,639.75
40,0.5,639.75
41,0.5,640.25
53,0.5,640.25
43,0.5,640.75
55,0.5,640.75
44,0.5,641.25
56,0.5,641.25
53,0.5,641.75
53,0.5,642.25
53,0.5,642.75
53,0.5,643.25
53,0.5,643.75
53,0.5,644.25
53,0.5,644.75
53,0.5,645.25
53,0.5,645.75
53,0.5,646.25
52,0.5,646.75
52,0.5,647.25
52,0.25,647.75
52,0.5,648.0
40,1.0,648.5
36,0.25,649.5
38,0.25,649.5
40,0.25,649.75
41,0.5,650.0
29,0.5,650.0
r,0.5,650.5
32,0.5,651.0
44,0.5,651.0
r,0.25,651.5
r,0.25,651.75
28,1.25,652.0
40,1.25,652.0
43,0.25,653.25
46,0.25,653.5
49,0.25,653.75
48,0.25,654.0
49,0.25,654.25
48,0.25,654.5
46,0.25,654.75
44,0.25,655.0
46,0.25,655.25
44,0.25,655.5
43,0.25,655.75
44,0.25,656.0
46,0.25,656.25
44,0.25,656.5
43,0.25,656.75
41,0.25,657.0
44,0.25,657.25
46,0.25,657.5
48,0.25,657.75
49,0.25,658.0
51,0.25,658.25
49,0.25,658.5
48,0.25,658.75
46,0.25,659.0
48,0.25,659.25
46,0.25,659.5
45,0.25,659.75
46,0.25,660.0
48,0.25,660.25
46,0.25,660.5
44,0.25,660.75
43,0.25,661.0
46,0.25,661.25
49,0.25,661.5
53,0.25,661.75
51,0.25,662.0
53,0.25,662.25
51,0.25,662.5
49,0.25,662.75
48,0.25,663.0
49,0.25,663.25
48,0.25,663.5
46,0.25,663.75
48,0.25,664.0
49,0.25,664.25
48,0.25,664.5
46,0.25,664.75
45,0.25,665.0
48,0.25,665.25
51,0.25,665.5
54,0.25,665.75
53,0.25,666.0
54,0.25,666.25
53,0.25,666.5
51,0.25,666.75
49,0.25,667.0
51,0.25,667.25
49,0.25,667.5
48,0.25,667.75
49,0.25,668.0
51,0.25,668.25
49,0.25,668.5
48,0.25,668.75
46,0.25,669.0
49,0.25,669.25
46,0.25,669.5
49,0.25,669.75
48,0.25,670.0
49,0.25,670.25
51,0.25,670.5
49,0.25,670.75
48,0.25,671.0
49,0.25,671.25
48,0.25,671.5
46,0.25,671.75
45,0.5,672.0
41,0.5,672.5
53,0.5,672.5
46,0.5,673.0
58,0.5,673.0
57,0.5,673.5
45,0.5,673.5
46,0.5,674.0
58,0.5,674.0
51,0.25,674.5
63,0.25,674.5
r,0.25,674.75
49,0.25,675.0
61,0.25,675.0
r,0.25,675.25
46,1/3,675.5
58,1/3,675.5
r,1/6,4055/6
r,0.5,676.0
46,0.5,676.5
58,0.5,676.5
60,0.5,677.0
48,0.5,677.0
58,0.5,677.5
46,0.5,677.5
60,0.5,678.0
48,0.5,678.0
53,0.25,678.5
65,0.25,678.5
r,0.25,678.75
63,0.25,679.0
51,0.25,679.0
r,0.25,679.25
60,1/3,679.5
48,1/3,679.5
r,1/6,4079/6
r,0.5,680.0
48,0.5,680.5
60,0.5,680.5
49,0.5,681.0
61,0.5,681.0
48,0.5,681.5
60,0.5,681.5
65,0.25,682.0
66,0.25,682.25
65,0.25,682.5
63,0.25,682.75
61,0.25,683.0
63,0.25,683.25
65,0.25,683.5
61,0.25,683.75
68,0.25,684.0
70,0.25,684.25
68,0.25,684.5
67,0.25,684.75
68,0.25,685.0
72,0.25,685.25
75,0.25,685.5
78,0.25,685.75
77,0.25,686.0
78,0.25,686.25
77,0.25,686.5
75,0.25,686.75
73,0.25,687.0
75,0.25,687.25
73,0.25,687.5
72,0.25,687.75
73,0.25,688.0
75,0.25,688.25
73,0.25,688.5
71,0.25,688.75
70,0.25,689.0
74,0.25,689.25
77,0.25,689.5
80,0.25,689.75
78,0.25,690.0
80,0.25,690.25
78,0.25,690.5
77,0.25,690.75
75,0.25,691.0
77,0.25,691.25
75,0.25,691.5
74,0.25,691.75
75,0.25,692.0
77,0.25,692.25
75,0.25,692.5
73,0.25,692.75
72,0.25,693.0
76,0.25,693.25
79,0.25,693.5
77,0.25,693.75
76,0.25,694.0
77,0.25,694.25
76,0.25,694.5
79,0.25,694.75
77,0.25,695.0
79,0.25,695.25
77,0.25,695.5
76,0.25,695.75
77,0.25,696.0
79,0.25,696.25
77,0.25,696.5
75,0.25,696.75
74,0.25,697.0
78,0.25,697.25
81,0.25,697.5
84,0.25,697.75
82,0.25,698.0
84,0.25,698.25
82,0.25,698.5
81,0.25,698.75
79,0.25,699.0
81,0.25,699.25
79,0.25,699.5
78,0.25,699.75
79,0.25,700.0
81,0.25,700.25
79,0.25,700.5
78,0.25,700.75
79,0.25,701.0
83,0.25,701.25
86,0.25,701.5
89,0.25,701.75
87,0.25,702.0
89,0.25,702.25
87,0.25,702.5
86,0.25,702.75
84,0.25,703.0
86,0.25,703.25
84,0.25,703.5
83,0.25,703.75
84,0.25,704.0
86,0.25,704.25
84,0.25,704.5
83,0.25,704.75
84,0.5,705.0
55,0.25,705.5
43,0.25,705.5
53,0.25,705.75
41,0.25,705.75
51,2.0,706.0
39,2.0,706.0
48,2.0,708.0
36,2.0,708.0
41,4.0,710.0
29,4.0,710.0
31,3.0,714.0
43,3.0,714.0
r,0.75,717.0
55,0.25,717.75
55,1.5,718.0
r,0.25,719.5
55,0.25,719.75
55,1.0,720.0
55,0.5,721.0
r,1/6,721.5
r,1/12,2165/3
55,0.25,721.75
55,1.0,722.0
55,1.0,723.0
r,1/3,724.0
r,17/12,2173/3
r,0.25,725.75
43,1.5,726.0
r,0.25,727.5
43,0.25,727.75
43,1.5,728.0
r,1/6,729.5
r,1/12,2189/3
55,0.25,729.75
56,1.0,730.0
57,1.0,731.0
r,1.5,732.0
r,0.25,733.5
53,0.25,733.75
53,1.0,734.0
52,1.0,735.0
r,5/3,736.0
r,1/12,2213/3
65,0.25,737.75
65,1.0,738.0
64,2.0,739.0
61,2.0,741.0
61,2.5,743.0
61,0.5,745.5
60,3.0,746.0
48,3.0,746.0
44,0.75,749.0
56,0.75,749.0
53,0.25,749.75
41,0.25,749.75
41,1.0,750.0
53,1.0,750.0
40,0.5,751.0
52,0.5,751.0
r,0.25,751.5
37,0.25,751.75
49,0.25,751.75
37,1.0,752.0
49,1.0,752.0
36,0.5,753.0
48,0.5,753.0
r,1/6,753.5
r,1/12,2261/3
46,0.25,753.75
58,0.25,753.75
46,1.0,754.0
58,1.0,754.0
44,1.0,755.0
56,1.0,755.0
r,1.75,756.0
r,0.25,757.75
48,1.5,758.0
r,0.25,759.5
48,0.25,759.75
48,1.5,760.0
r,0.25,761.5
52,0.25,761.75
53,0.5,762.0
53,1/3,762.5
r,2/3,4577/6
54,0.5,763.5
55,0.5,764.0
55,1/3,764.5
r,2/3,4589/6
55,0.5,765.5
56,0.5,766.0
56,1/3,766.5
r,2/3,4601/6
57,0.5,767.5
58,0.5,768.0
58,1/3,768.5
r,2/3,4613/6
59,0.5,769.5
60,0.5,770.0
60,1/3,770.5
r,2/3,4625/6
60,0.5,771.5
62,0.5,772.0
62,1/3,772.5
r,2/3,4637/6
62,0.5,773.5
63,0.5,774.0
63,1/3,774.5
r,2/3,4649/6
64,0.5,775.5
65,0.5,776.0
65,1/3,776.5
r,2/3,4661/6
65,0.5,777.5
66,0.5,778.0
81,0.25,778.5
84,0.25,778.75
78,0.25,779.0
81,0.25,779.25
75,0.25,779.5
78,0.25,779.75
72,0.25,780.0
75,0.25,780.25
69,0.25,780.5
72,0.25,780.75
66,0.25,781.0
69,0.25,781.25
63,0.25,781.5
66,0.25,781.75
62,0.25,782.0
65,0.25,782.25
59,0.25,782.5
62,0.25,782.75
56,0.25,783.0
59,0.25,783.25
53,0.25,783.5
56,0.25,783.75
50,0.25,784.0
53,0.25,784.25
47,0.25,784.5
50,0.25,784.75
44,0.25,785.0
47,0.25,785.25
44,0.25,785.5
47,0.25,785.75
43,0.25,786.0
47,0.25,786.25
48,0.25,786.5
50,0.25,786.75
51,0.25,787.0
53,0.25,787.25
55,0.25,787.5
56,0.25,787.75
59,0.25,788.0
60,0.25,788.25
62,0.25,788.5
63,0.25,788.75
65,0.25,789.0
66,0.25,789.25
67,0.5,789.5
36,0.5,790.0
48,0.5,790.0
r,0.5,790.5
39,0.5,791.0
51,0.5,791.0
r,0.25,791.5
r,0.25,791.75
47,2.0,792.0
35,2.0,792.0
34,0.5,794.0
46,0.5,794.0
r,0.5,794.5
48,0.5,795.0
36,0.5,795.0
r,0.25,795.5
r,0.25,795.75
33,2.0,796.0
45,2.0,796.0
32,0.5,798.0
44,0.5,798.0
r,0.5,798.5
48,0.5,799.0
36,0.5,799.0
r,0.25,799.5
r,0.25,799.75
31,0.75,800.0
43,0.75,800.0
r,0.25,800.75
48,0.5,801.0
36,0.5,801.0
r,0.25,801.5
51,0.25,801.75
39,0.25,801.75
43,0.5,802.0
55,0.5,802.0
r,0.5,802.5
31,0.5,803.0
43,0.5,803.0
r,0.25,803.5
r,0.25,803.75
r,0.25,804.0
62,0.25,804.25
60,0.25,804.5
59,0.25,804.75
60,0.25,805.0
62,0.25,805.25
63,0.25,805.5
60,0.25,805.75
r,0.25,806.0
45,0.25,806.25
43,0.25,806.5
42,0.25,806.75
43,0.25,807.0
45,0.25,807.25
47,0.25,807.5
43,0.25,807.75
r,0.25,808.0
65,0.25,808.25
64,0.25,808.5
62,0.25,808.75
64,0.25,809.0
65,0.25,809.25
67,0.25,809.5
64,0.25,809.75
r,0.25,810.0
43,0.25,810.25
41,0.25,810.5
40,0.25,810.75
41,0.25,811.0
43,0.25,811.25
45,0.25,811.5
41,0.25,811.75
r,0.25,812.0
55,0.25,812.25
53,0.25,812.5
52,0.25,812.75
53,0.25,813.0
55,0.25,813.25
56,0.25,813.5
54,0.25,813.75
55,0.25,814.0
51,0.25,814.25
48,0.25,814.5
43,0.25,814.75
39,0.25,815.0
43,0.25,815.25
39,0.25,815.5
36,0.25,815.75
35,0.25,816.0
r,0.25,816.25
38,0.25,816.5
r,0.25,816.75
39,0.25,817.0
r,0.25,817.25
41,0.25,817.5
r,0.25,817.75
39,0.25,818.0
r,0.25,818.25
38,0.25,818.5
r,0.25,818.75
39,0.25,819.0
r,0.25,819.25
36,0.25,819.5
r,0.25,819.75
35,0.25,820.0
r,0.25,820.25
38,0.25,820.5
r,0.25,820.75
39,0.25,821.0
r,0.25,821.25
41,0.25,821.5
r,0.25,821.75
39,0.25,822.0
r,0.25,822.25
38,0.25,822.5
r,0.25,822.75
39,0.25,823.0
r,0.25,823.25
36,0.25,823.5
r,0.25,823.75
31,0.25,824.0
r,0.25,824.25
38,0.25,824.5
r,0.25,824.75
44,0.25,825.0
43,0.25,825.25
45,0.25,825.5
47,0.25,825.75
48,0.25,826.0
50,0.25,826.25
51,0.25,826.5
50,0.25,826.75
51,0.25,827.0
52,0.25,827.25
53,0.25,827.5
52,0.25,827.75
53,0.25,828.0
54,0.25,828.25
55,0.25,828.5
54,0.25,828.75
55,0.25,829.0
57,0.25,829.25
58,0.25,829.5
59,0.25,829.75
60,0.25,830.0
62,0.25,830.25
63,0.25,830.5
62,0.25,830.75
63,0.25,831.0
64,0.25,831.25
65,0.25,831.5
64,0.25,831.75
65,0.25,832.0
66,0.25,832.25
67,0.25,832.5
66,0.25,832.75
67,0.25,833.0
69,0.25,833.25
70,0.25,833.5
71,0.25,833.75
72,0.75,834.0
r,0.25,834.75
48,0.75,835.0
36,0.75,835.0
r,0.25,835.75
r,1.0,836.0
36,0.75,837.0
48,0.75,837.0
r,0.25,837.75
r,1.0,838.0
36,0.75,839.0
48,0.75,839.0
r,1.25,839.75
36,0.75,841.0
48,0.75,841.0
r,0.25,841.75
r,1.0,842.0
36,0.75,843.0
48,0.75,843.0
r,1.25,843.75
36,0.75,845.0
48,0.75,845.0
r,0.25,845.75
r,1.0,846.0
36,0.75,847.0
48,0.75,847.0
r,1.25,847.75
36,0.75,849.0
48,0.75,849.0
r,0.25,849.75
r,0.5,850.0
48,0.25,850.5
49,0.25,850.75
48,0.25,851.0
46,0.25,851.25
44,0.25,851.5
43,0.25,851.75
41,0.25,852.0
48,0.25,852.25
49,0.25,852.5
48,0.25,852.75
46,0.25,853.0
44,0.25,853.25
43,0.25,853.5
41,0.25,853.75
40,0.25,854.0
48,0.25,854.25
49,0.25,854.5
48,0.25,854.75
46,0.25,855.0
43,0.25,855.25
40,0.25,855.5
48,0.25,855.75
41,0.25,856.0
48,0.25,856.25
49,0.25,856.5
48,0.25,856.75
46,0.25,857.0
44,0.25,857.25
43,0.25,857.5
41,0.25,857.75
36,0.25,858.0
38,0.25,858.25
40,0.25,858.5
41,0.25,858.75
43,0.25,859.0
36,0.25,859.25
38,0.25,859.5
40,0.25,859.75
41,0.25,860.0
48,0.25,860.25
49,0.25,860.5
48,0.25,860.75
46,0.25,861.0
44,0.25,861.25
43,0.25,861.5
41,0.25,861.75
40,0.25,862.0
48,0.25,862.25
49,0.25,862.5
48,0.25,862.75
46,0.25,863.0
43,0.25,863.25
40,0.25,863.5
48,0.25,863.75
41,0.25,864.0
48,0.25,864.25
49,0.25,864.5
48,0.25,864.75
46,0.25,865.0
44,0.25,865.25
43,0.25,865.5
41,0.25,865.75
36,0.25,866.0
38,0.25,866.25
40,0.25,866.5
41,0.25,866.75
43,0.25,867.0
36,0.25,867.25
38,0.25,867.5
40,0.25,867.75
41,0.25,868.0
48,0.25,868.25
49,0.25,868.5
48,0.25,868.75
46,0.25,869.0
44,0.25,869.25
43,0.25,869.5
41,0.25,869.75
40,0.25,870.0
48,0.25,870.25
49,0.25,870.5
48,0.25,870.75
46,0.25,871.0
43,0.25,871.25
40,0.25,871.5
48,0.25,871.75
41,0.25,872.0
44,0.25,872.25
41,0.25,872.5
36,0.25,872.75
41,0.25,873.0
44,0.25,873.25
41,0.25,873.5
36,0.25,873.75
41,0.25,874.0
44,0.25,874.25
41,0.25,874.5
36,0.25,874.75
41,0.25,875.0
44,0.25,875.25
41,0.25,875.5
36,0.25,875.75
41,0.25,876.0
44,0.25,876.25
41,0.25,876.5
36,0.25,876.75
41,0.25,877.0
44,0.25,877.25
41,0.25,877.5
36,0.25,877.75
43,0.25,878.0
48,0.25,878.25
43,0.25,878.5
36,0.25,878.75
43,0.25,879.0
48,0.25,879.25
43,0.25,879.5
36,0.25,879.75
43,0.25,880.0
52,0.25,880.25
43,0.25,880.5
36,0.25,880.75
43,0.25,881.0
52,0.25,881.25
43,0.25,881.5
36,0.25,881.75
36,4.0,882.0
24,4.0,882.0
r,4.0,886.0
36,2.0,890.0
36,2.0,892.0
38,2.0,894.0
35,2.0,896.0
35,2.0,898.0
36,2.0,900.0
38,2.0,902.0
40,2.0,904.0
36,2.0,906.0
40,2.0,908.0
31,4.0,910.0
r,2.0,910.0
43,2.0,912.0
43,4/3,914.0
31,4/3,914.0
r,2.0,914.0
41,2/3,2746/3
29,2/3,2746/3
28,4.0,916.0
40,4.0,916.0
40,2.0,920.0
28,2.0,920.0
26,4.0,922.0
38,4.0,922.0
29,4/3,926.0
41,4/3,926.0
42,2/3,2782/3
30,2/3,2782/3
43,2.0,928.0
31,4.0,928.0
45,2.0,930.0
47,4/3,932.0
r,2.0,932.0
47,2.0,2800/3
47,0.5,2806/3
r,1/6,5615/6
48,4/3,936.0
50,2/3,2812/3
36,2.0,938.0
36,2.0,940.0
38,2.0,942.0
35,2.0,944.0
35,2.0,946.0
36,2.0,948.0
38,2.0,950.0
40,2.0,952.0
36,2.0,954.0
40,2.0,956.0
31,4.0,958.0
r,2.0,958.0
43,2.0,960.0
31,4/3,962.0
43,4/3,962.0
r,2.0,962.0
29,2/3,2890/3
41,2/3,2890/3
40,4.0,964.0
28,4.0,964.0
28,2.0,968.0
40,2.0,968.0
38,4.0,970.0
26,4.0,970.0
41,4/3,974.0
29,4/3,974.0
30,2/3,2926/3
42,2/3,2926/3
31,4.0,976.0
43,2.0,976.0
45,2.0,978.0
47,4/3,980.0
r,2.0,980.0
47,2.0,2944/3
48,2/3,2950/3
50,4/3,984.0
48,2/3,2956/3
52,2.0,986.0
45,4.0,988.0
45,2.0,992.0
44,4.0,994.0
44,2.0,998.0
44,2.0,1000.0
45,2.0,1002.0
45,2.0,1004.0
40,4.0,1006.0
33,2.0,1010.0
45,2.0,1010.0
31,4.0,1012.0
43,4.0,1012.0
31,2.0,1016.0
43,2.0,1016.0
36,4.0,1018.0
48,4.0,1018.0
29,2.0,1022.0
41,2.0,1022.0
31,2.0,1024.0
43,2.0,1024.0
31,2.0,1026.0
43,2.0,1026.0
31,4/3,1028.0
43,4/3,1028.0
43,2/3,3088/3
31,2/3,3088/3
31,4/3,1030.0
43,4/3,1030.0
48,2/3,3094/3
36,2/3,3094/3
36,2.0,1032.0
48,2.0,1032.0
52,2.0,1034.0
45,4.0,1036.0
45,2.0,1040.0
44,4.0,1042.0
44,2.0,1046.0
44,2.0,1048.0
45,2.0,1050.0
45,2.0,1052.0
40,4.0,1054.0
r,2.0,1054.0
52,2.0,1056.0
45,2.0,1058.0
33,2.0,1058.0
r,2.0,1058.0
43,4.0,1060.0
31,4.0,1060.0
43,2.0,1064.0
31,2.0,1064.0
48,4.0,1066.0
36,4.0,1066.0
41,2.0,1070.0
29,2.0,1070.0
43,2.0,1072.0
31,2.0,1072.0
43,2.0,1074.0
31,2.0,1074.0
43,4/3,1076.0
31,4/3,1076.0
31,2/3,3232/3
43,2/3,3232/3
43,4/3,1078.0
31,4/3,1078.0
r,3.25,1078.0
36,2/3,3238/3
48,2/3,3238/3
36,2/3,1080.0
48,2/3,1080.0
55,2/3,3242/3
53,0.75,1081.25
r,2/3,3244/3
52,2/3,1082.0
r,4/3,1082.0
48,4/3,3248/3
55,4/3,3250/3
r,2/3,1084.0
r,1.25,1084.0
49,4/3,3254/3
55,4/3,1085.25
r,2/3,1086.0
r,2/3,13039/12
50,4/3,3260/3
55,4/3,1087.25
r,2/3,1088.0
r,0.75,13063/12
46,4/3,3266/3
55,4/3,3268/3
r,2/3,1090.0
r,1.25,1090.0
47,4/3,3272/3
55,4/3,1091.25
r,2/3,1092.0
r,2/3,13111/12
48,4/3,3278/3
55,0.75,1093.25
52,2/3,1094.0
r,2.0,1094.0
50,2/3,3284/3
55,4/3,3286/3
r,2/3,1096.0
r,1.25,1096.0
51,2/3,3290/3
52,0.75,1097.25
r,2/3,3292/3
55,2/3,1098.0
r,1.25,1098.0
48,4/3,3296/3
55,4/3,1099.25
r,2/3,1100.0
r,0.75,13207/12
52,4/3,3302/3
55,4/3,3304/3
r,2/3,1102.0
r,4/3,1102.0
42,4/3,3308/3
55,4/3,3310/3
r,2/3,1104.0
43,4/3,3314/3
r,2/3,3314/3
55,4/3,3316/3
r,2/3,1106.0
41,4/3,3320/3
r,2/3,3320/3
55,4/3,3322/3
r,2/3,1108.0
r,1.25,1108.0
40,4/3,3326/3
55,4/3,1109.25
r,2/3,1110.0
r,2/3,13327/12
36,4/3,3332/3
52,4/3,1111.25
r,2/3,1112.0
r,0.75,13351/12
36,4/3,3338/3
52,4/3,3340/3
r,2/3,1114.0
r,1.25,1114.0
37,4/3,3344/3
52,4/3,1115.25
r,2/3,1116.0
r,2/3,13399/12
38,4/3,3350/3
53,0.75,1117.25
54,2/3,1118.0
r,1.25,1118.0
42,4/3,3356/3
57,0.75,1119.25
56,2/3,1120.0
r,4/3,1120.0
43,4/3,3362/3
55,2/3,3364/3
57,2/3,1122.0
r,4/3,1122.0
43,4/3,3368/3
58,4/3,3370/3
r,2/3,1124.0
59,2/3,3374/3
r,4/3,3374/3
59,2/3,3376/3
59,2/3,1126.0
r,16/3,1126.0
60,2/3,3380/3
53,2/3,3382/3
52,2/3,1128.0
53,2/3,3386/3
50,2/3,3388/3
52,2/3,1130.0
48,4/3,3392/3
55,4/3,3394/3
r,2/3,1132.0
r,1.25,1132.0
49,4/3,3398/3
55,4/3,1133.25
r,2/3,1134.0
r,2/3,13615/12
50,4/3,3404/3
55,4/3,1135.25
r,2/3,1136.0
r,0.75,13639/12
46,4/3,3410/3
55,4/3,3412/3
r,2/3,1138.0
r,1.25,1138.0
47,4/3,3416/3
55,4/3,1139.25
r,2/3,1140.0
r,2/3,13687/12
48,4/3,3422/3
55,0.75,1141.25
52,2/3,1142.0
r,2.0,1142.0
50,2/3,3428/3
55,2/3,3430/3
55,2/3,1144.0
r,1.25,1144.0
51,2/3,3434/3
52,0.75,1145.25
r,2/3,3436/3
55,2/3,1146.0
r,1.25,1146.0
48,4/3,3440/3
55,4/3,1147.25
r,2/3,1148.0
r,0.75,13783/12
52,4/3,3446/3
55,2/3,3448/3
55,2/3,1150.0
r,4/3,1150.0
42,4/3,3452/3
55,4/3,3454/3
r,2/3,1152.0
43,4/3,3458/3
r,2/3,3458/3
55,4/3,3460/3
r,2/3,1154.0
41,4/3,3464/3
r,2/3,3464/3
55,2/3,3466/3
55,2/3,1156.0
r,1.25,1156.0
40,4/3,3470/3
55,4/3,1157.25
r,2/3,1158.0
r,2/3,13903/12
36,4/3,3476/3
52,4/3,1159.25
r,2/3,1160.0
r,0.75,13927/12
36,4/3,3482/3
52,2/3,3484/3
52,2/3,1162.0
r,1.25,1162.0
37,4/3,3488/3
52,4/3,1163.25
r,2/3,1164.0
r,2/3,13975/12
38,4/3,3494/3
53,0.75,1165.25
54,2/3,1166.0
r,1.25,1166.0
42,4/3,3500/3
57,0.75,1167.25
56,2/3,1168.0
r,4/3,1168.0
43,4/3,3506/3
55,2/3,3508/3
57,2/3,1170.0
r,4/3,1170.0
43,4/3,3512/3
58,4/3,3514/3
r,2/3,1172.0
59,2/3,3518/3
r,4/3,3518/3
59,2/3,3520/3
59,2/3,1174.0
60,2/3,3524/3
62,2/3,3526/3
60,2/3,1176.0
59,2/3,3530/3
57,2/3,3532/3
56,2/3,1178.0
57,2/3,3536/3
59,2/3,3538/3
57,2/3,1180.0
r,4/3,1180.0
45,4/3,3542/3
52,4/3,3544/3
r,2/3,1182.0
44,1.25,3548/3
r,2/3,3548/3
52,4/3,3550/3
r,0.75,14207/12
45,4/3,3554/3
r,2/3,3554/3
52,4/3,3556/3
r,2/3,1186.0
r,4/3,1186.0
44,4/3,3560/3
52,4/3,3562/3
r,2/3,1188.0
45,4/3,3566/3
r,2/3,3566/3
52,4/3,3568/3
r,2/3,1190.0
44,4/3,3572/3
r,2/3,3572/3
56,4/3,3574/3
56,2/3,3578/3
57,4/3,3580/3
57,2/3,3584/3
59,4/3,3586/3
60,2/3,3590/3
62,2/3,3592/3
63,2/3,1198.0
r,1.25,1198.0
64,2/3,3596/3
64,0.75,1199.25
r,2/3,3598/3
64,2/3,1200.0
r,1.25,1200.0
57,2/3,3602/3
57,0.75,1201.25
r,2/3,3604/3
57,2/3,1202.0
r,2.0,1202.0
55,2/3,3608/3
55,2/3,3610/3
55,2/3,1204.0
r,1.25,1204.0
43,4/3,3614/3
55,4/3,1205.25
r,2/3,1206.0
r,2/3,14479/12
43,4/3,3620/3
55,4/3,1207.25
r,2/3,1208.0
r,0.75,14503/12
43,4/3,3626/3
55,4/3,3628/3
r,2/3,1210.0
r,1.25,1210.0
36,4/3,3632/3
48,4/3,1211.25
r,2/3,1212.0
r,2/3,14551/12
36,4/3,3638/3
48,4/3,1213.25
r,2/3,1214.0
r,2/3,14575/12
29,4/3,3644/3
41,0.75,1215.25
43,2/3,1216.0
r,1.25,1216.0
31,4/3,3650/3
43,4/3,1217.25
r,2/3,1218.0
r,2/3,14623/12
31,4/3,3656/3
43,4/3,1219.25
r,2/3,1220.0
r,2/3,14647/12
31,4/3,3662/3
47,0.75,1221.25
47,2/3,1222.0
r,1.25,1222.0
r,1.25,1222.0
55,2/3,3668/3
43,2/3,3668/3
48,2.0,1223.25
55,0.75,1223.25
r,2/3,3670/3
57,2/3,1224.0
r,4.0,1224.0
55,2/3,3674/3
r,2.75,1225.25
52,2/3,3676/3
53,2/3,1226.0
52,2/3,3680/3
52,4/3,3682/3
r,2/3,1228.0
r,4/3,1228.0
45,4/3,3686/3
52,4/3,3688/3
r,2/3,1230.0
44,1.25,3692/3
r,2/3,3692/3
52,4/3,3694/3
r,0.75,14783/12
45,4/3,3698/3
r,2/3,3698/3
52,4/3,3700/3
r,2/3,1234.0
r,4/3,1234.0
44,4/3,3704/3
52,4/3,3706/3
r,2/3,1236.0
45,4/3,3710/3
r,2/3,3710/3
52,4/3,3712/3
r,2/3,1238.0
44,1.25,3716/3
r,2/3,3716/3
56,4/3,3718/3
r,1/12,14879/12
r,2/3,1240.0
r,5.25,1240.0
56,2/3,3722/3
57,4/3,3724/3
57,2/3,3728/3
59,4/3,3730/3
60,2/3,3734/3
62,0.75,1245.25
r,2/3,3736/3
63,2/3,1246.0
r,1.25,1246.0
64,2/3,3740/3
64,0.75,1247.25
r,2/3,3742/3
64,2/3,1248.0
r,1.25,1248.0
57,2/3,3746/3
57,0.75,1249.25
r,2/3,3748/3
57,2/3,1250.0
r,2.0,1250.0
55,2/3,3752/3
55,2/3,3754/3
55,2/3,1252.0
r,1.25,1252.0
43,4/3,3758/3
55,4/3,1253.25
r,2/3,1254.0
r,2/3,15055/12
43,4/3,3764/3
55,4/3,1255.25
r,2/3,1256.0
r,0.75,15079/12
43,4/3,3770/3
55,2/3,3772/3
55,2/3,1258.0
r,1.25,1258.0
36,4/3,3776/3
48,4/3,1259.25
r,2/3,1260.0
r,2/3,15127/12
36,4/3,3782/3
48,4/3,1261.25
r,2/3,1262.0
r,2/3,15151/12
29,4/3,3788/3
41,0.75,1263.25
43,2/3,1264.0
r,1.25,1264.0
31,4/3,3794/3
43,4/3,1265.25
r,2/3,1266.0
r,2/3,15199/12
31,4/3,3800/3
43,4/3,1267.25
r,2/3,1268.0
r,2/3,15223/12
31,4/3,3806/3
47,0.75,1269.25
47,2/3,1270.0
r,1.25,1270.0
r,1.25,1270.0
43,2/3,3812/3
55,2/3,3812/3
55,2/3,1271.25
48,2.0,1271.25
r,2/3,3814/3
r,49/12,15263/12
57,2/3,1272.0
55,2/3,3818/3
r,2.75,1273.25
48,0.5,3820/3
55,0.5,3820/3
r,1/6,7643/6
60,2/3,1274.0
55,1/3,3824/3
54,2/3,1275.0
55,1/3,3827/3
55,1.0,1276.0
55,2.0,1277.0
55,1.0,1279.0
50,2/3,1280.0
43,1/3,3842/3
42,2/3,1281.0
43,1/3,3845/3
45,1.0,1282.0
47,2.0,1283.0
48,1.0,1285.0
49,1.0,1286.0
50,1.0,1287.0
51,1.0,1288.0
52,1.0,1289.0
50,2/3,1290.0
47,1/3,3872/3
50,2/3,1291.0
48,1/3,3875/3
53,2/3,1292.0
51,1/3,3878/3
53,2/3,1293.0
52,1/3,3881/3
55,2.0,1294.0
43,2.0,1296.0
41,2/3,1298.0
40,1/3,3896/3
43,2/3,1299.0
41,1/3,3899/3
40,2/3,1300.0
38,1/3,3902/3
41,2/3,1301.0
40,1/3,3905/3
36,2/3,1302.0
35,1/3,3908/3
38,2/3,1303.0
36,1/3,3911/3
34,2/3,1304.0
33,1/3,3914/3
36,2/3,1305.0
34,1/3,3917/3
33,1.0,1306.0
45,1.0,1307.0
38,1.0,1308.0
50,1.0,1309.0
41,1.0,1310.0
42,5/3,1311.0
42,1/3,3938/3
45,2/3,1313.0
43,1/3,3941/3
43,3.0,1314.0
43,5/3,1317.0
47,1/3,3956/3
50,2/3,1319.0
52,1/3,3959/3
53,2/3,1320.0
52,1/3,3962/3
50,2/3,1321.0
48,1/3,3965/3
60,2/3,1322.0
55,1/3,3968/3
54,2/3,1323.0
55,1/3,3971/3
55,1.0,1324.0
55,2.0,1325.0
55,1.0,1327.0
50,2/3,1328.0
43,1/3,3986/3
42,2/3,1329.0
43,1/3,3989/3
45,1.0,1330.0
47,2.0,1331.0
48,1.0,1333.0
49,1.0,1334.0
50,1.0,1335.0
51,1.0,1336.0
52,1.0,1337.0
50,2/3,1338.0
47,1/3,4016/3
50,2/3,1339.0
48,1/3,4019/3
53,2/3,1340.0
51,1/3,4022/3
53,2/3,1341.0
52,1/3,4025/3
55,2.0,1342.0
43,2.0,1344.0
41,2/3,1346.0
40,1/3,4040/3
43,2/3,1347.0
41,1/3,4043/3
40,2/3,1348.0
38,1/3,4046/3
41,2/3,1349.0
40,1/3,4049/3
36,2/3,1350.0
35,1/3,4052/3
38,2/3,1351.0
36,1/3,4055/3
34,2/3,1352.0
33,1/3,4058/3
36,2/3,1353.0
34,1/3,4061/3
33,1.0,1354.0
45,1.0,1355.0
38,1.0,1356.0
50,1.0,1357.0
41,1.0,1358.0
42,5/3,1359.0
42,1/3,4082/3
45,2/3,1361.0
43,1/3,4085/3
43,3.0,1362.0
43,2.0,1365.0
47,1/3,4100/3
50,2/3,1367.0
48,1/3,4103/3
48,2/3,1368.0
47,1/3,4106/3
45,2/3,1369.0
44,1.0,4109/3
44,1/3,4112/3
45,2/3,1371.0
47,1/3,4115/3
45,5/3,1372.0
44,1/3,4121/3
45,5/3,1374.0
44,1/3,4127/3
45,5/3,1376.0
44,1/3,4133/3
44,5/3,1378.0
45,1/3,4139/3
44,5/3,1380.0
45,1/3,4145/3
44,5/3,1382.0
44,1.0,4151/3
32,1/3,4154/3
44,1/3,4154/3
33,5/3,1385.0
45,5/3,1385.0
33,1/3,4160/3
45,1/3,4160/3
47,1.0,1387.0
35,1.0,1387.0
48,2/3,1388.0
36,2/3,1388.0
38,1/3,4166/3
50,1/3,4166/3
51,2/3,1389.0
39,2/3,1389.0
40,1/3,4169/3
52,1/3,4169/3
52,2/3,1390.0
40,2/3,1390.0
52,1.0,4172/3
40,1.0,4172/3
52,1.0,4175/3
40,1.0,4175/3
45,1.0,4178/3
33,1.0,4178/3
45,1.0,4181/3
33,1.0,4181/3
43,1.0,4184/3
31,1.0,4184/3
43,1/3,4187/3
31,1/3,4187/3
31,2/3,1396.0
43,2/3,1396.0
r,1/3,4190/3
55,4.0,1397.0
55,2.0,1401.0
60,2.0,1403.0
60,2.0,1405.0
53,1.0,1407.0
54,2/3,1408.0
57,1/3,4226/3
54,2/3,1409.0
55,4/3,4229/3
55,2.0,1411.0
55,2/3,1413.0
55,1/3,4241/3
55,2/3,1414.0
43,1/3,4244/3
55,1/3,4244/3
45,2/3,1415.0
57,2/3,1415.0
47,1/3,4247/3
59,1/3,4247/3
48,2/3,1416.0
60,2/3,1416.0
50,1/3,4250/3
52,2/3,1417.0
53,1/3,4253/3
52,2/3,1418.0
50,1/3,4256/3
48,2/3,1419.0
47,1/3,4259/3
45,5/3,1420.0
44,1/3,4265/3
45,5/3,1422.0
44,1/3,4271/3
45,5/3,1424.0
44,1/3,4277/3
44,5/3,1426.0
45,1/3,4283/3
44,5/3,1428.0
45,1/3,4289/3
44,5/3,1430.0
44,1.0,4295/3
44,1/3,4298/3
32,1/3,4298/3
45,5/3,1433.0
33,5/3,1433.0
45,1/3,4304/3
33,1/3,4304/3
35,1.0,1435.0
47,1.0,1435.0
36,2/3,1436.0
48,2/3,1436.0
50,1/3,4310/3
38,1/3,4310/3
39,2/3,1437.0
51,2/3,1437.0
52,1/3,4313/3
40,1/3,4313/3
40,2/3,1438.0
52,2/3,1438.0
40,1.0,4316/3
52,1.0,4316/3
40,1.0,4319/3
52,1.0,4319/3
33,1.0,4322/3
45,1.0,4322/3
33,1.0,4325/3
45,1.0,4325/3
31,1.0,4328/3
43,1.0,4328/3
31,1/3,4331/3
43,1/3,4331/3
43,2/3,1444.0
31,2/3,1444.0
r,1/3,4334/3
55,4.0,1445.0
55,2.0,1449.0
60,2.0,1451.0
60,2.0,1453.0
53,1.0,1455.0
54,2/3,1456.0
57,1/3,4370/3
54,2/3,1457.0
55,4/3,4373/3
55,2.0,1459.0
55,2/3,1461.0
55,1/3,4385/3
55,2/3,1462.0
55,1/3,4388/3
43,1/3,4388/3
57,2/3,1463.0
45,2/3,1463.0
59,1/3,4391/3
47,1/3,4391/3
60,2/3,1464.0
48,2/3,1464.0
50,1/3,4394/3
52,2/3,1465.0
53,1/3,4397/3
r,1.75,1466.0
r,0.25,1467.75
36,1/3,1468.0
r,0.5,1468.0
40,0.25,4405/3
43,1/3,1468.5
r,1/6,17623/12
48,0.25,1468.75
r,2/3,8813/6
52,1/3,1469.0
55,0.25,4408/3
59,0.25,1469.5
r,1/6,17635/12
60,0.25,1469.75
r,0.75,1469.75
38,1/3,1470.0
43,0.25,4411/3
47,1/3,1470.5
r,1/6,17647/12
50,0.25,1470.75
r,2/3,8825/6
55,1/3,1471.0
59,0.25,4414/3
61,1/3,1471.5
r,1/6,17659/12
62,0.25,1471.75
r,13/6,8831/6
r,2.0,1472.0
38,1/3,1474.0
r,0.5,1474.0
43,0.25,4423/3
47,1/3,1474.5
r,1/6,17695/12
50,0.25,1474.75
r,2/3,8849/6
55,1/3,1475.0
59,0.25,4426/3
61,1/3,1475.5
r,1/6,17707/12
62,0.25,1475.75
r,2/3,8855/6
40,1/3,1476.0
45,0.25,4429/3
48,1/3,1476.5
r,1/6,17719/12
52,0.25,1476.75
r,2/3,8861/6
55,1/3,1477.0
60,0.25,4432/3
63,1/3,1477.5
r,1/6,17731/12
64,0.25,1477.75
r,13/6,8867/6
r,2.0,1478.0
38,1/3,1480.0
r,0.5,1480.0
46,0.25,4441/3
49,1/3,1480.5
r,1/6,17767/12
52,0.25,1480.75
r,2/3,8885/6
53,1/3,1481.0
59,0.25,4444/3
62,1/3,1481.5
r,1/6,17779/12
65,0.25,1481.75
r,2/3,8891/6
51,1/3,1482.0
55,0.25,4447/3
59,0.25,1482.5
r,1/6,17791/12
63,0.25,1482.75
r,0.75,1482.75
52,1/3,1483.0
55,0.25,4450/3
60,1/3,1483.5
r,1/6,17803/12
64,0.25,1483.75
r,2/3,8903/6
48,1/3,1484.0
52,0.25,4453/3
55,1/3,1484.5
r,1/6,17815/12
59,0.25,1484.75
r,2/3,8909/6
36,1/3,1485.0
40,0.25,4456/3
43,1/3,1485.5
r,1/6,17827/12
48,0.25,1485.75
r,1/6,8915/6
31,0.75,1486.0
43,0.75,1486.0
r,4.5,1486.0
31,1.0,1486.75
43,1.0,1486.75
31,1.0,1487.75
43,1.0,1487.75
43,1.0,1488.75
31,1.0,1488.75
29,0.25,1489.75
41,0.25,1489.75
29,1/3,1490.0
35,0.25,4471/3
38,1/3,1490.5
r,1/6,17887/12
43,0.25,1490.75
r,2/3,8945/6
47,1/3,1491.0
50,0.25,4474/3
52,1/3,1491.5
r,1/6,17899/12
53,0.25,1491.75
r,1/6,8951/6
40,0.5,1492.0
52,0.5,1492.0
r,2.5,1492.0
r,1.0,1492.5
67,0.25,1493.5
64,0.25,1493.75
60,1/3,1494.0
55,0.25,4483/3
52,1/3,1494.5
r,1/6,17935/12
48,0.25,1494.75
r,2/3,8969/6
64,1/3,1495.0
60,0.25,4486/3
55,1/3,1495.5
r,1/6,17947/12
52,0.25,1495.75
r,2/3,8975/6
64,1/3,1496.0
60,0.25,4489/3
55,1/3,1496.5
r,1/6,17959/12
52,0.25,1496.75
r,2/3,8981/6
60,1/3,1497.0
55,0.25,4492/3
52,1/3,1497.5
r,1/6,17971/12
48,0.25,1497.75
r,1/6,8987/6
57,1/3,1498.0
r,0.5,1498.0
55,0.25,4495/3
52,1/3,1498.5
r,1/6,17983/12
49,0.25,1498.75
r,2/3,8993/6
45,1/3,1499.0
55,0.25,4498/3
52,1/3,1499.5
r,1/6,17995/12
49,0.25,1499.75
57,0.25,1499.75
r,2/3,8999/6
r,1/3,1500.0
53,0.25,4501/3
50,0.25,1500.5
r,1/6,18007/12
53,0.25,1500.75
r,0.75,1500.75
50,1/3,1501.0
62,0.25,4504/3
65,0.25,1501.5
r,1/6,18019/12
62,0.25,1501.75
r,0.75,1501.75
65,1/3,1502.0
62,0.25,4507/3
57,1/3,1502.5
r,1/6,18031/12
53,0.25,1502.75
r,2/3,9017/6
65,1/3,1503.0
62,0.25,4510/3
57,0.25,1503.5
r,1/6,18043/12
53,0.25,1503.75
r,0.25,1503.75
55,1/3,1504.0
r,0.5,1504.0
65,0.25,4513/3
62,1/3,1504.5
r,1/6,18055/12
59,0.25,1504.75
r,2/3,9029/6
55,1/3,1505.0
59,0.25,4516/3
62,1/3,1505.5
r,1/6,18067/12
65,0.25,1505.75
r,2/3,9035/6
r,1/3,1506.0
68,0.25,4519/3
65,1/3,1506.5
r,1/6,18079/12
60,0.25,1506.75
r,2/3,9041/6
57,1/3,1507.0
60,0.25,4522/3
65,1/3,1507.5
r,1/6,18091/12
69,0.25,1507.75
r,2/3,9047/6
58,1/3,1508.0
70,0.25,4525/3
58,1/3,1508.5
r,1/6,18103/12
70,0.25,1508.75
r,2/3,9053/6
58,1/3,1509.0
70,0.25,4528/3
59,0.25,1509.5
r,1/6,18115/12
71,0.25,1509.75
r,0.25,1509.75
59,1/3,1510.0
r,0.5,1510.0
60,0.25,4531/3
62,0.25,1510.5
r,1/6,18127/12
59,0.25,1510.75
r,0.75,1510.75
62,1/3,1511.0
64,0.25,4534/3
65,1/3,1511.5
r,1/6,18139/12
64,0.25,1511.75
r,2/3,9071/6
71,1/3,1512.0
72,0.25,4537/3
74,0.25,1512.5
r,1/6,18151/12
72,0.25,1512.75
r,0.75,1512.75
74,1/3,1513.0
76,0.25,4540/3
77,0.25,1513.5
r,1/6,18163/12
76,0.25,1513.75
r,2.25,1513.75
r,2.0,1514.0
36,1/3,1516.0
r,0.5,1516.0
40,0.25,4549/3
43,1/3,1516.5
r,1/6,18199/12
48,0.25,1516.75
r,2/3,9101/6
52,1/3,1517.0
55,0.25,4552/3
59,0.25,1517.5
r,1/6,18211/12
60,0.25,1517.75
r,0.75,1517.75
38,1/3,1518.0
43,0.25,4555/3
47,1/3,1518.5
r,1/6,18223/12
50,0.25,1518.75
r,2/3,9113/6
55,1/3,1519.0
59,0.25,4558/3
61,1/3,1519.5
r,1/6,18235/12
62,0.25,1519.75
r,13/6,9119/6
r,2.0,1520.0
38,1/3,1522.0
r,0.5,1522.0
43,0.25,4567/3
47,1/3,1522.5
r,1/6,18271/12
50,0.25,1522.75
r,2/3,9137/6
55,1/3,1523.0
59,0.25,4570/3
61,1/3,1523.5
r,1/6,18283/12
62,0.25,1523.75
r,2/3,9143/6
40,1/3,1524.0
45,0.25,4573/3
48,1/3,1524.5
r,1/6,18295/12
52,0.25,1524.75
r,2/3,9149/6
55,1/3,1525.0
60,0.25,4576/3
63,1/3,1525.5
r,1/6,18307/12
64,0.25,1525.75
r,13/6,9155/6
r,2.0,1526.0
38,1/3,1528.0
r,0.5,1528.0
46,0.25,4585/3
49,1/3,1528.5
r,1/6,18343/12
52,0.25,1528.75
r,2/3,9173/6
53,1/3,1529.0
59,0.25,4588/3
62,1/3,1529.5
r,1/6,18355/12
65,0.25,1529.75
r,2/3,9179/6
51,1/3,1530.0
55,0.25,4591/3
59,0.25,1530.5
r,1/6,18367/12
63,0.25,1530.75
r,0.75,1530.75
52,1/3,1531.0
55,0.25,4594/3
60,1/3,1531.5
r,1/6,18379/12
64,0.25,1531.75
r,2/3,9191/6
48,1/3,1532.0
52,0.25,4597/3
55,1/3,1532.5
r,1/6,18391/12
59,0.25,1532.75
r,2/3,9197/6
36,1/3,1533.0
40,0.25,4600/3
43,1/3,1533.5
r,1/6,18403/12
48,0.25,1533.75
r,1/6,9203/6
43,0.75,1534.0
31,0.75,1534.0
r,4.5,1534.0
43,1.0,1534.75
31,1.0,1534.75
43,1.0,1535.75
31,1.0,1535.75
31,1.0,1536.75
43,1.0,1536.75
41,0.25,1537.75
29,0.25,1537.75
29,1/3,1538.0
35,0.25,4615/3
38,1/3,1538.5
r,1/6,18463/12
43,0.25,1538.75
r,2/3,9233/6
47,1/3,1539.0
50,0.25,4618/3
52,1/3,1539.5
r,1/6,18475/12
53,0.25,1539.75
r,1/6,9239/6
52,0.5,1540.0
40,0.5,1540.0
r,2.5,1540.0
r,1.0,1540.5
67,0.25,1541.5
64,0.25,1541.75
60,1/3,1542.0
55,0.25,4627/3
52,1/3,1542.5
r,1/6,18511/12
48,0.25,1542.75
r,2/3,9257/6
64,1/3,1543.0
60,0.25,4630/3
55,1/3,1543.5
r,1/6,18523/12
52,0.25,1543.75
r,2/3,9263/6
64,1/3,1544.0
60,0.25,4633/3
55,1/3,1544.5
r,1/6,18535/12
52,0.25,1544.75
r,2/3,9269/6
60,1/3,1545.0
55,0.25,4636/3
52,1/3,1545.5
r,1/6,18547/12
48,0.25,1545.75
r,1/6,9275/6
57,1/3,1546.0
r,0.5,1546.0
55,0.25,4639/3
52,1/3,1546.5
r,1/6,18559/12
49,0.25,1546.75
r,2/3,9281/6
45,1/3,1547.0
55,0.25,4642/3
52,1/3,1547.5
r,1/6,18571/12
49,0.25,1547.75
57,0.25,1547.75
r,2/3,9287/6
r,1/3,1548.0
53,0.25,4645/3
50,0.25,1548.5
r,1/6,18583/12
53,0.25,1548.75
r,0.75,1548.75
50,1/3,1549.0
62,0.25,4648/3
65,0.25,1549.5
r,1/6,18595/12
62,0.25,1549.75
r,0.75,1549.75
65,1/3,1550.0
62,0.25,4651/3
57,1/3,1550.5
r,1/6,18607/12
53,0.25,1550.75
r,2/3,9305/6
65,1/3,1551.0
62,0.25,4654/3
57,0.25,1551.5
r,1/6,18619/12
53,0.25,1551.75
r,0.25,1551.75
55,1/3,1552.0
r,0.5,1552.0
65,0.25,4657/3
62,1/3,1552.5
r,1/6,18631/12
59,0.25,1552.75
r,2/3,9317/6
55,1/3,1553.0
59,0.25,4660/3
62,1/3,1553.5
r,1/6,18643/12
65,0.25,1553.75
r,2/3,9323/6
r,1/3,1554.0
68,0.25,4663/3
65,1/3,1554.5
r,1/6,18655/12
60,0.25,1554.75
r,2/3,9329/6
57,1/3,1555.0
60,0.25,4666/3
65,1/3,1555.5
r,1/6,18667/12
69,0.25,1555.75
r,2/3,9335/6
58,1/3,1556.0
70,0.25,4669/3
58,1/3,1556.5
r,1/6,18679/12
70,0.25,1556.75
r,2/3,9341/6
58,1/3,1557.0
70,0.25,4672/3
59,0.25,1557.5
r,1/6,18691/12
71,0.25,1557.75
r,0.25,1557.75
59,1/3,1558.0
r,0.5,1558.0
60,0.25,4675/3
62,0.25,1558.5
r,1/6,18703/12
59,0.25,1558.75
r,0.75,1558.75
62,1/3,1559.0
64,0.25,4678/3
65,1/3,1559.5
r,1/6,18715/12
64,0.25,1559.75
r,2/3,9359/6
71,1/3,1560.0
72,0.25,4681/3
74,0.25,1560.5
r,1/6,18727/12
72,0.25,1560.75
r,0.75,1560.75
74,1/3,1561.0
71,0.25,4684/3
74,0.25,1561.5
r,1/6,18739/12
72,0.25,1561.75
r,1.75,1561.75
71,1/3,1562.0
69,0.25,4687/3
68,0.25,4687/3
r,5/12,18751/12
32,1/3,1563.0
33,0.25,4690/3
35,1/3,1563.5
r,1/6,18763/12
33,0.25,1563.75
r,1/6,9383/6
33,1/3,1564.0
r,0.5,1564.0
36,0.25,4693/3
40,1/3,1564.5
r,1/6,18775/12
44,0.25,1564.75
r,2/3,9389/6
45,1/3,1565.0
48,0.25,4696/3
52,0.25,1565.5
r,5/12,18787/12
r,4.25,1565.75
57,0.75,1566.0
57,1.0,1566.75
57,1.0,1567.75
57,1.0,1568.75
45,0.25,1569.75
33,0.25,1569.75
31,1/3,1570.0
r,0.5,1570.0
35,0.25,4711/3
40,1/3,1570.5
r,1/6,18847/12
44,0.25,1570.75
r,2/3,9425/6
47,1/3,1571.0
52,0.25,4714/3
56,1/3,1571.5
r,1/6,18859/12
57,0.25,1571.75
r,25/6,9431/6
59,0.75,1572.0
59,1.0,1572.75
59,1.0,1573.75
59,1.0,1574.75
59,0.25,1575.75
44,0.75,1576.0
r,2.75,1576.0
56,0.25,1576.75
45,0.75,1577.0
57,0.25,1577.75
47,1.0,1578.0
59,0.25,1578.75
48,1.0,1579.0
r,0.75,1579.0
60,0.25,1579.75
50,0.75,1580.0
r,2.0,1580.0
62,0.25,1580.75
51,0.75,1581.0
63,0.25,1581.75
64,4/3,1582.0
r,16/3,1582.0
52,0.25,4750/3
53,0.25,4750/3
r,1/6,19003/12
52,0.25,1583.75
57,4/3,1584.0
45,0.25,4756/3
47,0.25,4756/3
r,1/6,19027/12
45,0.25,1585.75
43,1.5,1586.0
31,0.25,4762/3
32,0.25,1587.5
r,5/12,19051/12
31,1/3,1587.75
r,1/3,1588.0
r,0.5,1588.0
35,0.25,4765/3
38,1/3,1588.5
r,1/6,19063/12
43,0.25,1588.75
r,2/3,9533/6
47,1/3,1589.0
50,0.25,4768/3
54,0.25,1589.5
r,1/6,19075/12
55,0.25,1589.75
r,4.25,1589.75
43,0.75,1590.0
43,1.0,1590.75
43,1.0,1591.75
43,1.0,1592.75
43,0.25,1593.75
36,1/3,1594.0
r,0.5,1594.0
40,0.25,4783/3
43,1/3,1594.5
r,1/6,19135/12
47,0.25,1594.75
r,2/3,9569/6
48,1/3,1595.0
52,0.25,4786/3
55,1/3,1595.5
r,1/6,19147/12
59,0.25,1595.75
r,2/3,9575/6
60,1/3,1596.0
65,0.25,4789/3
64,1/3,1596.5
r,1/6,19159/12
62,0.25,1596.75
r,2/3,9581/6
60,1/3,1597.0
36,0.25,4792/3
38,1/3,1597.5
r,1/6,19171/12
40,0.25,1597.75
r,2/3,9587/6
41,1/3,1598.0
55,0.25,4795/3
53,1/3,1598.5
r,1/6,19183/12
52,0.25,1598.75
r,2/3,9593/6
50,1/3,1599.0
38,0.25,4798/3
40,1/3,1599.5
r,1/6,19195/12
41,0.25,1599.75
r,1/6,9599/6
43,1.0,1600.0
r,1.5,1600.0
55,1/3,1601.0
54,0.25,4804/3
55,1/3,1601.5
r,1/6,19219/12
57,0.25,1601.75
r,5/3,9611/6
59,4/3,1602.0
60,0.25,4810/3
62,1/3,1603.5
r,1/6,19243/12
64,0.25,1603.75
r,2/3,9623/6
65,1/3,1604.0
64,0.25,4813/3
62,1/3,1604.5
r,1/6,19255/12
60,0.25,1604.75
r,2/3,9629/6
59,1/3,1605.0
60,0.25,4816/3
59,1/3,1605.5
r,1/6,19267/12
57,0.25,1605.75
r,1/6,9635/6
59,1/3,1606.0
r,0.75,1606.0
59,0.5,4819/3
59,1/3,1606.75
r,0.5,9641/6
r,5/12,19285/12
59,0.25,4822/3
60,1/3,1607.5
r,1/6,19291/12
59,0.25,1607.75
r,2/3,9647/6
60,1/3,1608.0
59,0.25,4825/3
60,1/3,1608.5
r,1/6,19303/12
62,0.25,1608.75
r,2/3,9653/6
64,1/3,1609.0
62,0.25,4828/3
64,1/3,1609.5
r,1/6,19315/12
60,0.25,1609.75
r,13/6,9659/6
r,1.0,1610.0
40,0.75,1611.0
40,0.25,1611.75
33,1/3,1612.0
r,0.5,1612.0
36,0.25,4837/3
40,1/3,1612.5
r,1/6,19351/12
44,0.25,1612.75
r,2/3,9677/6
45,1/3,1613.0
48,0.25,4840/3
52,0.25,1613.5
r,5/12,19363/12
r,4.25,1613.75
57,0.75,1614.0
57,1.0,1614.75
57,1.0,1615.75
57,1.0,1616.75
33,0.25,1617.75
45,0.25,1617.75
31,1/3,1618.0
r,0.5,1618.0
35,0.25,4855/3
40,1/3,1618.5
r,1/6,19423/12
44,0.25,1618.75
r,2/3,9713/6
47,1/3,1619.0
52,0.25,4858/3
56,1/3,1619.5
r,1/6,19435/12
57,0.25,1619.75
r,25/6,9719/6
59,0.75,1620.0
59,1.0,1620.75
59,1.0,1621.75
59,1.0,1622.75
59,0.25,1623.75
44,0.75,1624.0
r,2.75,1624.0
56,0.25,1624.75
45,0.75,1625.0
57,0.25,1625.75
47,1.0,1626.0
59,0.25,1626.75
48,1.0,1627.0
r,0.75,1627.0
60,0.25,1627.75
50,0.75,1628.0
r,2.0,1628.0
62,0.25,1628.75
51,0.75,1629.0
63,0.25,1629.75
64,4/3,1630.0
r,1.5,1630.0
52,0.25,4894/3
53,1/3,1631.5
r,1/6,19579/12
52,0.25,1631.75
r,5/3,9791/6
57,4/3,1632.0
45,0.25,4900/3
47,0.25,1633.5
r,1/6,19603/12
45,0.25,1633.75
r,19/12,1633.75
43,1.5,1634.0
31,0.25,4906/3
32,0.25,1635.5
r,5/12,19627/12
31,1/3,1635.75
r,1/3,1636.0
r,0.5,1636.0
35,0.25,4909/3
38,1/3,1636.5
r,1/6,19639/12
43,0.25,1636.75
r,2/3,9821/6
47,1/3,1637.0
50,0.25,4912/3
54,1/3,1637.5
r,1/6,19651/12
55,0.25,1637.75
r,25/6,9827/6
43,0.75,1638.0
43,1.0,1638.75
43,1.0,1639.75
43,1.0,1640.75
43,0.25,1641.75
36,1/3,1642.0
r,0.5,1642.0
40,0.25,4927/3
43,1/3,1642.5
r,1/6,19711/12
47,0.25,1642.75
r,2/3,9857/6
48,1/3,1643.0
52,0.25,4930/3
55,1/3,1643.5
r,1/6,19723/12
59,0.25,1643.75
r,2/3,9863/6
60,1/3,1644.0
65,0.25,4933/3
64,1/3,1644.5
r,1/6,19735/12
62,0.25,1644.75
r,2/3,9869/6
60,1/3,1645.0
36,0.25,4936/3
38,1/3,1645.5
r,1/6,19747/12
40,0.25,1645.75
r,2/3,9875/6
41,1/3,1646.0
55,0.25,4939/3
53,1/3,1646.5
r,1/6,19759/12
52,0.25,1646.75
r,2/3,9881/6
50,1/3,1647.0
38,0.25,4942/3
40,1/3,1647.5
r,1/6,19771/12
41,0.25,1647.75
r,1/6,9887/6
43,1.0,1648.0
r,1.5,1648.0
55,1/3,1649.0
54,0.25,4948/3
55,1/3,1649.5
r,1/6,19795/12
57,0.25,1649.75
r,5/3,9899/6
59,4/3,1650.0
60,0.25,4954/3
62,1/3,1651.5
r,1/6,19819/12
64,0.25,1651.75
r,2/3,9911/6
65,1/3,1652.0
64,0.25,4957/3
62,1/3,1652.5
r,1/6,19831/12
60,0.25,1652.75
r,2/3,9917/6
59,1/3,1653.0
60,0.25,4960/3
59,1/3,1653.5
r,1/6,19843/12
57,0.25,1653.75
r,1/6,9923/6
59,1/3,1654.0
r,0.75,1654.0
59,0.5,4963/3
59,1/3,1654.75
r,0.5,9929/6
r,5/12,19861/12
59,0.25,4966/3
60,1/3,1655.5
r,1/6,19867/12
59,0.25,1655.75
r,2/3,9935/6
60,1/3,1656.0
45,0.25,4969/3
43,1/3,1656.5
r,1/6,19879/12
41,0.25,1656.75
r,2/3,9941/6
40,1/3,1657.0
41,0.25,4972/3
40,1/3,1657.5
r,1/6,19891/12
38,0.25,1657.75
r,13/6,9947/6
r,2.0,1658.0
r,6.0,1660.0
r,6.0,1666.0
r,5.75,1672.0
r,0.25,1677.75
r,5.75,1678.0
r,0.25,1683.75
r,5.75,1684.0
r,0.25,1689.75
r,6.0,1690.0
r,17/3,1696.0
r,1/12,5105/3
r,0.25,1701.75
47,0.25,1702.0
48,0.25,1702.0
r,0.25,1702.25
50,0.25,1702.5
52,0.25,1702.5
53,0.25,1702.75
55,0.25,1702.75
r,1/3,1703.0
57,0.25,5110/3
59,0.25,5110/3
r,1/6,20443/12
60,0.25,1703.75
62,0.25,1703.75
r,0.25,1704.0
64,1/3,1704.25
65,1/3,1704.25
r,1/12,20455/12
67,0.25,5114/3
69,0.25,5114/3
r,1/12,20459/12
71,0.25,1705.0
72,0.25,1705.0
r,0.25,1705.25
76,0.25,1705.5
74,0.25,1705.5
r,0.25,1705.75
76,1/3,1706.0
r,1/3,5119/3
76,1/3,5120/3
r,1/3,1707.0
76,0.5,5122/3
r,1/6,10247/6
76,1/3,1708.0
r,1/3,5125/3
75,1/3,5126/3
r,1/3,1709.0
76,0.5,5128/3
r,1/6,10259/6
75,1/3,1710.0
r,1/3,5131/3
76,1/3,5132/3
r,1/3,1711.0
79,0.5,5134/3
76,0.5,5134/3
r,1/6,10271/6
79,1/3,1712.0
77,1/3,1712.0
r,1/3,5137/3
79,1/3,5138/3
76,1/3,5138/3
r,1/3,1713.0
77,0.5,5140/3
79,0.5,5140/3
r,1/6,10283/6
79,1/3,1714.0
76,1/3,1714.0
r,1/3,5143/3
79,1/3,5144/3
77,1/3,5144/3
r,1/3,1715.0
71,0.5,5146/3
77,0.5,5146/3
r,1/6,10295/6
77,1/3,1716.0
72,1/3,1716.0
r,1/3,5149/3
71,1/3,5150/3
77,1/3,5150/3
r,1/3,1717.0
77,0.5,5152/3
74,0.5,5152/3
r,1/6,10307/6
79,1/3,1718.0
76,1/3,1718.0
r,1/3,5155/3
79,1/3,5156/3
77,1/3,5156/3
r,1/3,1719.0
78,0.5,5158/3
79,0.5,5158/3
r,1/6,10319/6
79,0.25,1720.0
77,0.25,1720.0
r,0.25,1720.25
76,0.25,1720.5
75,0.25,1720.5
77,0.25,1720.75
76,0.25,1720.75
r,1/3,1721.0
75,0.25,5164/3
77,0.25,5164/3
r,1/6,20659/12
76,0.25,1721.75
75,0.25,1721.75
r,0.25,1722.0
76,1/3,1722.25
77,1/3,1722.25
r,1/12,20671/12
78,0.25,5168/3
79,0.25,5168/3
r,1/12,20675/12
80,0.25,1723.0
81,0.25,1723.0
r,0.25,1723.25
82,0.25,1723.5
83,0.25,1723.5
r,0.25,1723.75
84,1/3,1724.0
r,1/3,5173/3
77,1/3,5174/3
79,1/3,5174/3
r,1/3,1725.0
76,0.5,5176/3
79,0.5,5176/3
r,1/6,10355/6
79,1/3,1726.0
76,1/3,1726.0
r,1/3,5179/3
74,1/3,5180/3
79,1/3,5180/3
r,1/3,1727.0
79,0.5,5182/3
76,0.5,5182/3
r,1/6,10367/6
74,1/3,1728.0
79,1/3,1728.0
r,1/3,5185/3
79,1/3,5186/3
73,1/3,5186/3
r,1/3,1729.0
74,0.5,5188/3
79,0.5,5188/3
r,1/6,10379/6
79,1/3,1730.0
77,1/3,1730.0
r,1/3,5191/3
79,1/3,5192/3
73,1/3,5192/3
r,1/3,1731.0
74,0.5,5194/3
79,0.5,5194/3
r,1/6,10391/6
76,1/3,1732.0
r,1/3,5197/3
76,1/3,5198/3
r,1/3,1733.0
74,0.5,5200/3
r,1/6,10403/6
76,1/3,1734.0
r,1/3,5203/3
84,1/3,5204/3
r,1/3,1735.0
86,0.5,5206/3
r,1/6,10415/6
88,1/3,1736.0
r,1/3,5209/3
88,1/3,5210/3
r,1/3,1737.0
76,0.5,5212/3
82,0.5,5212/3
r,1/6,10427/6
82,1/3,1738.0
76,1/3,1738.0
r,1/3,5215/3
79,1/3,5216/3
76,1/3,5216/3
r,1/3,1739.0
82,0.5,5218/3
76,0.5,5218/3
r,1/6,10439/6
82,1/3,1740.0
76,1/3,1740.0
r,1/3,5221/3
77,1/3,5222/3
81,1/3,5222/3
r,1/3,1741.0
77,0.5,5224/3
r,1/6,10451/6
77,1/3,1742.0
r,1/3,5227/3
77,1/3,5228/3
r,1/3,1743.0
76,0.5,5230/3
r,1/6,10463/6
76,1/3,1744.0
r,1/3,5233/3
74,1/3,5234/3
r,1/3,1745.0
76,0.5,5236/3
r,1/6,10475/6
76,1/3,1746.0
r,1/3,5239/3
76,1/3,5240/3
r,1/3,1747.0
77,0.5,5242/3
r,1/6,10487/6
78,1/3,1748.0
r,1/3,5245/3
79,1/3,5246/3
r,1/3,1749.0
71,0.5,5248/3
77,0.5,5248/3
r,1/6,10499/6
71,1/3,1750.0
77,1/3,1750.0
r,1/3,5251/3
72,1/3,5252/3
76,1/3,5252/3
r,1/3,1751.0
77,0.5,5254/3
74,0.5,5254/3
r,1/6,10511/6
74,1/3,1752.0
77,1/3,1752.0
r,1/3,5257/3
72,1/3,5258/3
76,1/3,5258/3
r,1/3,1753.0
74,0.5,5260/3
71,0.5,5260/3
r,1/6,10523/6
69,1/3,1754.0
72,1/3,1754.0
r,1/3,5263/3
71,0.5,5264/3
68,0.5,5264/3
r,1/12,10531/6
r,0.75,1755.25
r,6.0,1756.0
r,6.0,1762.0
r,6.0,1768.0
r,6.0,1774.0
r,5.75,1780.0
r,0.25,1785.75
r,6.0,1786.0
r,6.0,1792.0
r,5.75,1798.0
r,0.25,1803.75
r,0.5,1804.0
r,1/6,1804.5
76,1/3,5414/3
r,1/3,1805.0
76,0.5,5416/3
r,1/6,10835/6
76,1/3,1806.0
r,1/3,5419/3
76,1/3,5420/3
r,1/3,1807.0
76,0.5,5422/3
r,1/6,10847/6
76,1/3,1808.0
r,1/3,5425/3
76,1/3,5426/3
r,1/3,1809.0
76,0.5,5428/3
r,1/6,10859/6
76,1/3,1810.0
r,1/3,5431/3
76,1/3,5432/3
r,1/3,1811.0
76,0.5,5434/3
r,1/6,10871/6
76,1/3,1812.0
r,1/3,5437/3
76,1/3,5438/3
r,1/3,1813.0
76,0.5,5440/3
r,1/6,10883/6
76,1/3,1814.0
r,1/3,5443/3
76,1/3,5444/3
r,1/3,1815.0
76,0.5,5446/3
r,1/6,10895/6
76,1/3,1816.0
r,1/3,5449/3
76,1/3,5450/3
r,1/3,1817.0
76,0.5,5452/3
r,1/6,10907/6
76,1/3,1818.0
r,1/3,5455/3
76,1/3,5456/3
r,1/3,1819.0
76,0.5,5458/3
r,1/6,10919/6
76,1/3,1820.0
r,1/3,5461/3
76,1/3,5462/3
r,1/3,1821.0
76,0.5,5464/3
r,1/6,10931/6
76,1/3,1822.0
r,1/3,5467/3
76,1/3,5468/3
r,1/3,1823.0
76,0.5,5470/3
r,1/6,10943/6
76,1/3,1824.0
r,1/3,5473/3
76,1/3,5474/3
r,1/3,1825.0
76,0.5,5476/3
r,1/6,10955/6
69,1/3,1826.0
r,1/3,5479/3
81,1/3,5480/3
r,1/3,1827.0
80,0.5,5482/3
r,1/6,10967/6
79,1/3,1828.0
r,1/3,5485/3
79,1/3,5486/3
r,1/3,1829.0
79,0.5,5488/3
r,1/6,10979/6
79,1/3,1830.0
r,1/3,5491/3
79,1/3,5492/3
r,1/3,1831.0
79,0.5,5494/3
r,1/6,10991/6
79,1/3,1832.0
r,1/3,5497/3
79,1/3,5498/3
r,1/3,1833.0
79,0.5,5500/3
r,1/6,11003/6
79,1/3,1834.0
r,1/3,5503/3
79,1/3,5504/3
r,1/3,1835.0
79,0.5,5506/3
r,1/6,11015/6
79,1/3,1836.0
r,1/3,5509/3
79,1/3,5510/3
r,1/3,1837.0
79,0.5,5512/3
r,1/6,11027/6
81,1/3,1838.0
r,1/3,5515/3
80,1/3,5516/3
r,1/3,1839.0
81,0.5,5518/3
r,1/6,11039/6
82,1/3,1840.0
r,1/3,5521/3
82,1/3,5522/3
r,1/3,1841.0
82,0.5,5524/3
r,1/6,11051/6
82,1/3,1842.0
r,1/3,5527/3
82,1/3,5528/3
r,1/3,1843.0
82,0.5,5530/3
r,1/6,11063/6
83,1/3,1844.0
r,1/3,5533/3
83,1/3,5534/3
r,1/3,1845.0
83,0.5,5536/3
r,1/6,11075/6
83,1/3,1846.0
r,1/3,5539/3
83,1/3,5540/3
79,1/3,5540/3
r,1/3,1847.0
84,0.5,5542/3
r,1/6,11087/6
84,1/3,1848.0
r,1/3,5545/3
72,1/3,5546/3
r,1/3,1849.0
72,0.5,5548/3
r,1/6,11099/6
72,1/3,1850.0
r,1/3,5551/3
72,1/3,5552/3
r,1/3,1851.0
72,0.5,5554/3
r,1/6,11111/6
72,1/3,1852.0
r,1/3,5557/3
72,1/3,5558/3
r,1/3,1853.0
72,0.5,5560/3
r,1/6,11123/6
72,1/3,1854.0
r,1/3,5563/3
72,1/3,5564/3
r,1/3,1855.0
72,0.5,5566/3
r,1/6,11135/6
72,1/3,1856.0
r,1/3,5569/3
72,1/3,5570/3
r,1/3,1857.0
72,0.5,5572/3
r,1/6,11147/6
72,1/3,1858.0
r,1/3,5575/3
72,1/3,5576/3
r,1/3,1859.0
72,0.5,5578/3
r,1/6,11159/6
79,0.25,1860.0
77,0.25,1860.0
r,0.25,1860.25
76,0.25,1860.5
77,0.25,1860.5
76,0.25,1860.75
74,0.25,1860.75
r,1/3,1861.0
77,0.25,5584/3
76,0.25,5584/3
r,1/6,22339/12
72,0.25,1861.75
72,1/3,1862.0
r,1/3,5587/3
60,1/3,5588/3
r,1/3,1863.0
60,0.5,5590/3
r,1/6,11183/6
60,1/3,1864.0
r,1/3,5593/3
60,1/3,5594/3
r,1/3,1865.0
60,0.5,5596/3
r,1/6,11195/6
60,1/3,1866.0
r,1/3,5599/3
60,1/3,5600/3
r,1/3,1867.0
60,0.5,5602/3
r,1/6,11207/6
60,1/3,1868.0
r,1/3,5605/3
60,1/3,5606/3
r,1/3,1869.0
60,0.5,5608/3
r,1/6,11219/6
48,1/3,1870.0
r,1/3,5611/3
52,1/3,5612/3
r,1/3,1871.0
55,1/3,5614/3
r,1/3,5615/3
59,1/3,1872.0
r,1/3,5617/3
55,1/3,5618/3
r,1/3,1873.0
53,1/3,5620/3
r,1/3,5621/3
52,1/3,1874.0
r,1/3,5623/3
50,1/3,5624/3
r,1/3,1875.0
48,1/3,5626/3
r,1/3,5627/3
45,1/3,1876.0
r,1/3,5629/3
48,1/3,5630/3
r,1/3,1877.0
52,1/3,5632/3
r,7/12,5633/3
57,1/3,1878.25
r,1/12,22543/12
52,1/3,5636/3
r,1/3,1879.0
50,1/3,5638/3
r,1/3,5639/3
48,1/3,1880.0
r,1/3,5641/3
47,1/3,5642/3
r,1/3,1881.0
45,1/3,5644/3
r,1/3,5645/3
43,1/3,1882.0
r,1/3,5647/3
48,1/3,5648/3
r,1/3,1883.0
52,1/3,5650/3
r,1/12,5651/3
r,0.25,1883.75
43,1/3,1884.0
r,1/3,5653/3
47,1/3,5654/3
r,1/3,1885.0
50,1/3,5656/3
r,1/3,5657/3
43,1/3,1886.0
r,1/3,5659/3
43,1/3,5660/3
r,1/3,1887.0
43,0.25,5662/3
45,0.25,5662/3
r,1/6,22651/12
47,0.25,1887.75
r,2.5,1888.0
r,0.25,1890.5
r,0.25,1890.75
r,1.0,1891.0
r,1.75,1892.0
r,0.25,1893.75
r,11/3,1894.0
r,1/12,5693/3
r,0.25,1897.75
r,0.25,1898.0
r,1.75,1898.25
31,0.25,1900.0
36,0.25,1900.0
r,0.25,1900.25
40,0.25,1900.5
43,0.25,1900.5
48,0.25,1900.75
52,0.25,1900.75
r,1/3,1901.0
55,2/3,5704/3
31,0.25,1902.0
35,0.25,1902.0
r,0.25,1902.25
38,0.25,1902.5
43,0.25,1902.5
47,0.25,1902.75
50,0.25,1902.75
r,1/3,1903.0
55,0.75,5710/3
r,19/12,22849/12
r,1/3,5717/3
r,4.0,1906.0
48,4/3,1910.0
36,4/3,1910.0
43,2/3,5734/3
31,2/3,5734/3
43,4.0,1912.0
31,4.0,1912.0
72,4/3,1916.0
71,2/3,5752/3
71,4.0,1918.0
72,4/3,1922.0
71,2/3,5770/3
71,2.0,1924.0
71,2.0,1926.0
71,2.0,1928.0
71,2.0,1930.0
70,2.0,1932.0
53,4/3,1934.0
41,4/3,1934.0
34,2/3,5806/3
46,2/3,5806/3
46,4.0,1936.0
34,4.0,1936.0
65,4/3,1940.0
58,2/3,5824/3
58,2.0,1942.0
58,2.0,1944.0
58,2.0,1946.0
58,2.0,1948.0
58,2.0,1950.0
58,2.0,1952.0
58,2.0,1954.0
r,0.25,1956.0
r,1.5,1956.25
r,0.5,1957.75
r,1.5,1958.25
r,0.25,1959.75
r,0.25,1960.0
r,1.5,1960.25
r,0.5,1961.75
r,1.5,1962.25
r,0.25,1963.75
34,22/3,1964.0
32,2/3,5914/3
31,4.0,1972.0
30,2.0,1976.0
29,10/3,1978.0
31,2/3,5944/3
32,4/3,1982.0
33,2/3,5950/3
34,4/3,1984.0
r,14/3,5956/3
r,2/3,1990.0
51,4/3,5972/3
39,4/3,5972/3
r,2/3,1992.0
41,4/3,5978/3
53,4/3,5978/3
r,2/3,1994.0
43,2/3,5984/3
55,2/3,5984/3
48,2/3,5986/3
36,2/3,5986/3
35,4/3,1996.0
47,4/3,1996.0
r,14/3,5992/3
r,2/3,2002.0
36,4/3,6008/3
48,4/3,6008/3
r,2/3,2004.0
49,4/3,6014/3
37,4/3,6014/3
r,2/3,2006.0
39,2/3,6020/3
51,2/3,6020/3
32,2/3,6022/3
44,2/3,6022/3
43,4/3,2008.0
31,4/3,2008.0
r,14/3,6028/3
r,2/3,2014.0
56,4/3,6044/3
44,4/3,6044/3
r,2/3,2016.0
42,4/3,6050/3
54,4/3,6050/3
r,2/3,2018.0
55,4/3,6056/3
43,4/3,6056/3
r,2/3,2020.0
76,4/3,6062/3
r,2/3,2022.0
77,4/3,6068/3
r,2/3,2024.0
74,4/3,6074/3
r,2/3,2026.0
39,4/3,6080/3
51,4/3,6080/3
r,2/3,2028.0
36,4/3,6086/3
48,4/3,6086/3
r,2/3,2030.0
38,2/3,6092/3
50,2/3,6092/3
36,2/3,6094/3
48,2/3,6094/3
35,2/3,2032.0
47,2/3,2032.0
71,4/3,6098/3
r,2/3,2034.0
72,4/3,6104/3
r,2/3,2036.0
69,4/3,6110/3
r,2/3,2038.0
34,4/3,6116/3
46,4/3,6116/3
r,2/3,2040.0
31,4/3,6122/3
43,4/3,6122/3
32,0.25,2042.0
r,0.25,2042.25
32,0.25,2042.5
32,0.25,2042.75
r,1/3,2043.0
32,0.25,6130/3
r,1/6,24523/12
32,0.25,2043.75
r,0.25,2044.0
30,1/3,2044.25
r,1/12,24535/12
30,0.25,6134/3
r,1/12,24539/12
30,0.25,2045.0
r,0.25,2045.25
30,0.25,2045.5
r,0.25,2045.75
31,0.25,2046.0
r,0.25,2046.25
31,0.25,2046.5
31,0.25,2046.75
r,0.25,2047.0
r,1/12,2047.25
31,0.25,6142/3
r,1/6,24571/12
31,0.25,2047.75
43,0.25,2047.75
r,0.25,2048.0
36,1/3,2048.25
40,1/3,2048.25
r,1/12,24583/12
43,0.25,6146/3
48,0.25,6146/3
r,1/12,24587/12
52,0.25,2049.0
48,0.25,2049.0
r,0.25,2049.25
52,0.25,2049.5
55,0.25,2049.5
r,0.25,2049.75
48,0.25,2050.0
r,5/12,2050.25
47,0.25,6152/3
r,5/12,24611/12
48,0.25,6154/3
r,5/12,24619/12
50,0.25,2052.0
r,5/12,2052.25
48,0.25,6158/3
r,5/12,24635/12
50,0.25,6160/3
r,5/12,24643/12
47,1/3,2054.0
r,1/3,6163/3
45,0.25,6164/3
r,5/12,24659/12
47,0.25,6166/3
r,5/12,24667/12
47,0.25,2056.0
r,5/12,2056.25
48,0.25,6170/3
r,5/12,24683/12
47,0.25,6172/3
r,5/12,24691/12
48,0.25,2058.0
r,5/12,2058.25
50,0.25,6176/3
r,5/12,24707/12
48,0.25,6178/3
r,5/12,24715/12
50,0.25,2060.0
r,5/12,2060.25
49,0.25,6182/3
r,5/12,24731/12
50,0.25,6184/3
r,5/12,24739/12
52,0.25,2062.0
r,0.25,2062.25
52,0.25,2062.5
52,0.25,2062.75
r,1/3,2063.0
52,0.25,6190/3
r,1/6,24763/12
52,0.25,2063.75
48,0.25,2063.75
r,0.5,2064.0
48,0.25,2064.5
48,0.25,2064.75
r,1/3,2065.0
48,0.25,6196/3
r,1/6,24787/12
48,0.25,2065.75
52,0.25,2065.75
r,0.5,2066.0
52,0.25,2066.5
50,0.25,2066.75
r,1/3,2067.0
48,0.25,6202/3
r,1/6,24811/12
48,0.25,2067.75
43,0.25,2067.75
r,2/3,2068.0
42,0.25,6206/3
r,5/12,24827/12
43,0.25,6208/3
r,5/12,24835/12
43,0.25,2070.0
r,5/12,2070.25
42,0.25,6212/3
r,5/12,24851/12
43,0.25,6214/3
r,5/12,24859/12
43,0.25,2072.0
r,5/12,2072.25
42,0.25,6218/3
r,5/12,24875/12
41,0.25,6220/3
r,1/6,24883/12
r,0.25,2073.75
40,0.25,2074.0
r,5/12,2074.25
39,0.25,6224/3
r,5/12,24899/12
40,0.25,6226/3
r,5/12,24907/12
33,0.25,2076.0
r,5/12,2076.25
47,0.25,6230/3
r,5/12,24923/12
48,0.25,6232/3
r,5/12,24931/12
46,0.25,2078.0
r,5/12,2078.25
45,0.25,6236/3
r,5/12,24947/12
46,0.25,6238/3
r,1/6,24955/12
r,0.25,2079.75
45,0.25,2080.0
r,13/12,2080.25
45,0.25,6244/3
r,5/12,24979/12
45,0.25,2082.0
r,13/12,2082.25
45,0.25,6250/3
r,5/12,25003/12
45,0.25,2084.0
r,5/12,2084.25
45,0.25,6254/3
r,5/12,25019/12
44,0.25,6256/3
r,5/12,25027/12
43,0.25,2086.0
r,5/12,2086.25
43,0.25,6260/3
r,5/12,25043/12
43,0.25,6262/3
r,5/12,25051/12
43,0.25,2088.0
r,5/12,2088.25
43,0.25,6266/3
r,5/12,25067/12
43,0.25,6268/3
r,5/12,25075/12
43,0.25,2090.0
r,5/12,2090.25
45,0.25,6272/3
r,5/12,25091/12
47,0.25,6274/3
r,5/12,25099/12
47,0.25,2092.0
r,5/12,2092.25
48,0.25,6278/3
r,5/12,25115/12
50,0.25,6280/3
r,5/12,25123/12
50,0.25,2094.0
r,5/12,2094.25
50,0.25,6284/3
r,5/12,25139/12
48,0.25,6286/3
r,5/12,25147/12
47,0.25,2096.0
r,5/12,2096.25
45,0.25,6290/3
r,5/12,25163/12
44,0.25,6292/3
r,1/6,25171/12
r,0.25,2097.75
45,0.25,2098.0
r,5/12,2098.25
44,0.25,6296/3
r,5/12,25187/12
45,0.25,6298/3
r,5/12,25195/12
45,0.25,2100.0
r,5/12,2100.25
44,0.25,6302/3
r,5/12,25211/12
45,0.25,6304/3
r,5/12,25219/12
45,0.25,2102.0
r,5/12,2102.25
45,0.25,6308/3
r,5/12,25235/12
44,0.25,6310/3
r,5/12,25243/12
44,0.25,2104.0
r,5/12,2104.25
45,0.25,6314/3
r,5/12,25259/12
44,0.25,6316/3
r,5/12,25267/12
44,0.25,2106.0
r,5/12,2106.25
45,0.25,6320/3
r,5/12,25283/12
44,0.25,6322/3
r,5/12,25291/12
44,0.25,2108.0
r,5/12,2108.25
45,0.25,6326/3
r,5/12,25307/12
44,0.25,6328/3
r,5/12,25315/12
44,0.25,2110.0
r,5/12,2110.25
45,0.25,6332/3
r,5/12,25331/12
44,0.25,6334/3
r,5/12,25339/12
45,0.25,2112.0
r,5/12,2112.25
47,0.25,6338/3
r,5/12,25355/12
45,0.25,6340/3
r,5/12,25363/12
41,0.25,2114.0
r,0.25,2114.25
41,0.25,2114.5
41,0.25,2114.75
r,1/3,2115.0
39,0.25,6346/3
r,1/6,25387/12
39,0.25,2115.75
40,0.25,2115.75
r,2/3,2116.0
39,0.25,6350/3
r,5/12,25403/12
40,0.25,6352/3
r,5/12,25411/12
40,0.25,2118.0
r,5/12,2118.25
39,0.25,6356/3
r,5/12,25427/12
40,0.25,6358/3
r,5/12,25435/12
33,0.25,2120.0
r,5/12,2120.25
32,0.25,6362/3
r,5/12,25451/12
33,0.25,6364/3
r,5/12,25459/12
31,0.25,2122.0
r,5/12,2122.25
30,0.25,6368/3
r,5/12,25475/12
31,0.25,6370/3
r,5/12,25483/12
31,0.25,2124.0
r,5/12,2124.25
30,0.25,6374/3
r,5/12,25499/12
31,0.25,6376/3
r,5/12,25507/12
31,0.25,2126.0
r,5/12,2126.25
30,0.25,6380/3
r,5/12,25523/12
31,0.25,6382/3
r,5/12,25531/12
31,0.25,2128.0
r,5/12,2128.25
30,0.25,6386/3
r,5/12,25547/12
31,0.25,6388/3
r,5/12,25555/12
31,0.25,2130.0
r,5/12,2130.25
30,0.25,6392/3
r,5/12,25571/12
31,0.25,6394/3
r,5/12,25579/12
29,0.25,2132.0
r,5/12,2132.25
29,0.25,6398/3
r,5/12,25595/12
29,0.25,6400/3
r,1/6,25603/12
r,0.25,2133.75
31,0.25,2134.0
36,0.25,2134.0
r,0.25,2134.25
38,0.25,2134.5
43,0.25,2134.5
48,0.25,2134.75
50,0.25,2134.75
r,1/3,2135.0
55,0.25,6406/3
50,0.25,6406/3
r,1/6,25627/12
48,0.25,2135.75
43,0.25,2135.75
r,4/3,2136.0
43,0.25,6412/3
r,5/12,25651/12
43,0.25,2138.0
r,5/12,2138.25
45,0.25,6416/3
r,5/12,25667/12
47,0.25,6418/3
r,5/12,25675/12
47,0.25,2140.0
r,5/12,2140.25
43,0.25,6422/3
r,5/12,25691/12
48,0.25,6424/3
r,5/12,25699/12
48,0.25,2142.0
r,5/12,2142.25
47,0.25,6428/3
r,5/12,25715/12
48,0.25,6430/3
r,1/6,25723/12
r,0.25,2143.75
44,0.25,2144.0
r,5/12,2144.25
40,0.25,6434/3
r,5/12,25739/12
45,0.25,6436/3
r,5/12,25747/12
45,0.25,2146.0
r,5/12,2146.25
44,0.25,6440/3
r,5/12,25763/12
45,0.25,6442/3
r,1/6,25771/12
r,0.25,2147.75
40,0.25,2148.0
r,5/12,2148.25
36,0.25,6446/3
r,5/12,25787/12
41,0.25,6448/3
r,5/12,25795/12
41,0.25,2150.0
r,5/12,2150.25
40,0.25,6452/3
r,5/12,25811/12
38,0.25,6454/3
r,1/6,25819/12
r,0.25,2151.75
37,0.25,2152.0
r,5/12,2152.25
33,0.25,6458/3
r,5/12,25835/12
38,0.25,6460/3
r,5/12,25843/12
38,0.25,2154.0
r,5/12,2154.25
37,0.25,6464/3
r,5/12,25859/12
38,0.25,6466/3
r,5/12,25867/12
36,0.25,2156.0
r,5/12,2156.25
35,0.25,6470/3
r,5/12,25883/12
36,0.25,6472/3
r,5/12,25891/12
35,0.25,2158.0
r,5/12,2158.25
34,0.25,6476/3
r,5/12,25907/12
35,0.25,6478/3
r,5/12,25915/12
35,0.25,2160.0
r,5/12,2160.25
34,0.25,6482/3
r,5/12,25931/12
35,0.25,6484/3
r,5/12,25939/12
31,0.25,2162.0
r,5/12,2162.25
29,0.25,6488/3
r,5/12,25955/12
31,0.25,6490/3
r,5/12,25963/12
36,0.25,2164.0
r,5/12,2164.25
35,0.25,6494/3
r,5/12,25979/12
36,0.25,6496/3
r,5/12,25987/12
36,0.25,2166.0
r,5/12,2166.25
38,0.25,6500/3
r,5/12,26003/12
40,0.25,6502/3
r,5/12,26011/12
41,0.25,2168.0
r,5/12,2168.25
41,0.25,6506/3
r,5/12,26027/12
42,0.25,6508/3
r,5/12,26035/12
43,0.25,2170.0
r,5/12,2170.25
43,0.25,6512/3
r,5/12,26051/12
43,0.25,6514/3
r,5/12,26059/12
43,0.25,2172.0
r,0.5,2172.25
43,0.25,2172.75
r,1/3,2173.0
43,0.25,6520/3
r,1/12,26083/12
r,1/3,6521/3
67,4/3,2174.0
55,4/3,2174.0
64,0.5,6526/3
52,0.5,6526/3
r,1/6,13055/6
52,2.0,2176.0
64,2.0,2176.0
52,4/3,2178.0
64,4/3,2178.0
48,2/3,6538/3
60,2/3,6538/3
60,2.0,2180.0
48,2.0,2180.0
48,4/3,2182.0
60,4/3,2182.0
57,2/3,6550/3
45,2/3,6550/3
57,2.0,2184.0
45,2.0,2184.0
49,0.25,2186.0
r,5/12,2186.25
45,0.25,6560/3
r,5/12,26243/12
50,0.25,6562/3
r,5/12,26251/12
50,0.25,2188.0
r,5/12,2188.25
49,0.25,6566/3
r,5/12,26267/12
50,0.25,6568/3
r,5/12,26275/12
50,0.25,2190.0
r,5/12,2190.25
49,0.25,6572/3
r,5/12,26291/12
50,0.25,6574/3
r,5/12,26299/12
48,0.25,2192.0
r,5/12,2192.25
47,0.25,6578/3
r,5/12,26315/12
48,0.25,6580/3
r,5/12,26323/12
47,0.25,2194.0
r,5/12,2194.25
46,0.25,6584/3
r,5/12,26339/12
47,0.25,6586/3
r,5/12,26347/12
47,0.25,2196.0
r,5/12,2196.25
46,0.25,6590/3
r,5/12,26363/12
47,0.25,6592/3
r,5/12,26371/12
47,0.25,2198.0
r,5/12,2198.25
46,0.25,6596/3
r,5/12,26387/12
47,0.25,6598/3
r,5/12,26395/12
45,0.25,2200.0
r,5/12,2200.25
44,0.25,6602/3
r,5/12,26411/12
45,0.25,6604/3
r,5/12,26419/12
45,0.25,2202.0
r,5/12,2202.25
44,0.25,6608/3
r,5/12,26435/12
45,0.25,6610/3
r,5/12,26443/12
45,0.25,2204.0
r,5/12,2204.25
44,0.25,6614/3
r,5/12,26459/12
45,0.25,6616/3
r,5/12,26467/12
43,0.25,2206.0
r,5/12,2206.25
43,0.25,6620/3
r,5/12,26483/12
43,0.25,6622/3
r,5/12,26491/12
43,0.25,2208.0
r,5/12,2208.25
43,0.25,6626/3
r,5/12,26507/12
43,0.25,6628/3
r,5/12,26515/12
43,0.25,2210.0
r,5/12,2210.25
43,0.25,6632/3
r,5/12,26531/12
43,0.25,6634/3
r,5/12,26539/12
43,0.25,2212.0
r,5/12,2212.25
43,0.25,6638/3
r,5/12,26555/12
43,0.25,6640/3
r,5/12,26563/12
43,0.25,2214.0
r,5/12,2214.25
43,0.25,6644/3
r,5/12,26579/12
43,0.25,6646/3
r,5/12,26587/12
43,0.25,2216.0
r,5/12,2216.25
43,0.25,6650/3
r,5/12,26603/12
43,0.25,6652/3
r,5/12,26611/12
43,0.25,2218.0
r,5/12,2218.25
43,0.25,6656/3
r,5/12,26627/12
43,0.25,6658/3
r,5/12,26635/12
43,0.25,2220.0
r,5/12,2220.25
43,0.25,6662/3
r,5/12,26651/12
43,0.25,6664/3
r,5/12,26659/12
43,0.25,2222.0
r,0.25,2222.25
r,1/6,2222.5
43,0.25,6668/3
r,1/12,26675/12
55,0.25,2223.0
43,0.25,2223.0
r,0.25,2223.25
47,0.25,2223.5
50,0.25,2223.5
53,0.25,2223.75
55,0.25,2223.75
r,0.25,2224.0
59,0.25,2224.25
62,0.25,2224.25
65,0.25,2224.5
r,1.0,2224.75
r,0.25,2225.75
r,4.0,2226.0
r,3.75,2230.0
r,0.25,2233.75
76,0.25,2234.0
72,0.25,2234.0
r,0.25,2234.25
76,0.25,2234.5
72,0.25,2234.5
76,0.25,2234.75
72,0.25,2234.75
r,1/3,2235.0
76,0.25,6706/3
72,0.25,6706/3
r,1/6,26827/12
76,0.25,2235.75
72,0.25,2235.75
r,0.25,2236.0
76,1/3,2236.25
72,1/3,2236.25
r,1/12,26839/12
76,0.25,6710/3
72,0.25,6710/3
r,1/12,26843/12
76,0.25,2237.0
72,0.25,2237.0
r,0.25,2237.25
76,0.25,2237.5
72,0.25,2237.5
r,0.25,2237.75
76,0.25,2238.0
73,0.25,2238.0
r,0.25,2238.25
76,0.25,2238.5
73,0.25,2238.5
76,0.25,2238.75
73,0.25,2238.75
r,1/3,2239.0
77,0.25,6718/3
74,0.25,6718/3
r,1/6,26875/12
77,0.25,2239.75
71,0.25,2239.75
r,0.25,2240.0
77,1/3,2240.25
71,1/3,2240.25
r,1/12,26887/12
77,0.25,6722/3
71,0.25,6722/3
r,1/12,26891/12
77,0.25,2241.0
71,0.25,2241.0
r,0.25,2241.25
77,0.25,2241.5
71,0.25,2241.5
r,0.25,2241.75
77,0.25,2242.0
71,0.25,2242.0
r,0.25,2242.25
77,0.25,2242.5
71,0.25,2242.5
77,0.25,2242.75
71,0.25,2242.75
r,1/3,2243.0
77,0.25,6730/3
71,0.25,6730/3
r,1/6,26923/12
77,0.25,2243.75
72,0.25,2243.75
r,0.25,2244.0
76,1/3,2244.25
72,1/3,2244.25
r,1/12,26935/12
76,0.25,6734/3
72,0.25,6734/3
r,1/12,26939/12
76,0.25,2245.0
73,0.25,2245.0
r,0.25,2245.25
76,0.25,2245.5
73,0.25,2245.5
r,0.25,2245.75
77,0.25,2246.0
74,0.25,2246.0
r,0.25,2246.25
77,0.25,2246.5
75,0.25,2246.5
78,0.25,2246.75
75,0.25,2246.75
r,1/3,2247.0
76,0.25,6742/3
75,0.25,6742/3
r,1/6,26971/12
76,0.25,2247.75
64,0.25,2247.75
r,0.25,2248.0
76,1/3,2248.25
64,1/3,2248.25
r,1/12,26983/12
76,0.25,6746/3
64,0.25,6746/3
r,1/12,26987/12
76,0.25,2249.0
64,0.25,2249.0
r,0.25,2249.25
76,0.25,2249.5
64,0.25,2249.5
r,0.25,2249.75
72,0.25,2250.0
60,0.25,2250.0
r,0.25,2250.25
72,0.25,2250.5
60,0.25,2250.5
72,0.25,2250.75
60,0.25,2250.75
r,1/3,2251.0
72,0.25,6754/3
60,0.25,6754/3
r,1/6,27019/12
72,0.25,2251.75
64,0.25,2251.75
r,0.25,2252.0
76,1/3,2252.25
64,1/3,2252.25
r,1/12,27031/12
76,0.25,6758/3
64,0.25,6758/3
r,1/12,27035/12
76,0.25,2253.0
64,0.25,2253.0
r,0.25,2253.25
76,0.25,2253.5
64,0.25,2253.5
r,0.25,2253.75
76,0.25,2254.0
67,0.25,2254.0
r,0.25,2254.25
76,0.25,2254.5
67,0.25,2254.5
76,0.25,2254.75
67,0.25,2254.75
r,1/3,2255.0
76,0.25,6766/3
67,0.25,6766/3
r,1/6,27067/12
76,0.25,2255.75
67,0.25,2255.75
r,0.25,2256.0
74,1/3,2256.25
67,1/3,2256.25
r,1/12,27079/12
74,0.25,6770/3
67,0.25,6770/3
r,1/12,27083/12
74,0.25,2257.0
67,0.25,2257.0
r,0.25,2257.25
74,0.25,2257.5
67,0.25,2257.5
r,0.25,2257.75
74,0.25,2258.0
65,0.25,2258.0
r,0.25,2258.25
74,0.25,2258.5
65,0.25,2258.5
74,0.25,2258.75
65,0.25,2258.75
r,1/3,2259.0
74,0.25,6778/3
65,0.25,6778/3
r,1/6,27115/12
74,0.25,2259.75
64,0.25,2259.75
r,0.25,2260.0
67,1/3,2260.25
64,1/3,2260.25
r,1/12,27127/12
67,0.25,6782/3
64,0.25,6782/3
r,1/12,27131/12
67,0.25,2261.0
64,0.25,2261.0
r,0.25,2261.25
67,0.25,2261.5
64,0.25,2261.5
r,0.25,2261.75
60,0.25,2262.0
64,0.25,2262.0
r,0.25,2262.25
60,0.25,2262.5
64,0.25,2262.5
60,0.25,2262.75
64,0.25,2262.75
r,1/3,2263.0
60,0.25,6790/3
64,0.25,6790/3
r,1/6,27163/12
60,0.25,2263.75
58,0.25,2263.75
r,0.25,2264.0
60,1/3,2264.25
58,1/3,2264.25
r,1/12,27175/12
60,0.25,6794/3
58,0.25,6794/3
r,1/12,27179/12
60,0.25,2265.0
58,0.25,2265.0
r,0.25,2265.25
60,0.25,2265.5
58,0.25,2265.5
r,0.25,2265.75
57,0.25,2266.0
60,0.25,2266.0
r,0.25,2266.25
57,0.25,2266.5
60,0.25,2266.5
57,0.25,2266.75
60,0.25,2266.75
r,1/3,2267.0
57,0.25,6802/3
60,0.25,6802/3
r,1/6,27211/12
57,0.25,2267.75
60,0.25,2267.75
r,0.25,2268.0
57,1/3,2268.25
60,1/3,2268.25
r,1/12,27223/12
59,0.25,6806/3
62,0.25,6806/3
r,1/12,27227/12
59,0.25,2269.0
62,0.25,2269.0
r,0.25,2269.25
59,0.25,2269.5
62,0.25,2269.5
r,0.25,2269.75
59,0.25,2270.0
65,0.25,2270.0
r,0.25,2270.25
59,0.25,2270.5
65,0.25,2270.5
59,0.25,2270.75
65,0.25,2270.75
r,1/3,2271.0
64,0.25,6814/3
60,0.25,6814/3
r,1/6,27259/12
64,0.25,2271.75
62,0.25,2271.75
r,0.25,2272.0
65,1/3,2272.25
62,1/3,2272.25
r,1/12,27271/12
67,0.25,6818/3
64,0.25,6818/3
r,1/12,27275/12
67,0.25,2273.0
62,0.25,2273.0
r,0.25,2273.25
65,0.25,2273.5
62,0.25,2273.5
r,0.25,2273.75
60,0.25,2274.0
64,0.25,2274.0
r,0.25,2274.25
60,0.25,2274.5
65,0.25,2274.5
62,0.25,2274.75
65,0.25,2274.75
r,1/3,2275.0
60,0.25,6826/3
64,0.25,6826/3
r,1/6,27307/12
60,0.25,2275.75
59,0.25,2275.75
r,0.25,2276.0
62,1/3,2276.25
59,1/3,2276.25
r,1/12,27319/12
60,0.25,6830/3
57,0.25,6830/3
r,1/12,27323/12
60,0.25,2277.0
59,0.25,2277.0
r,0.25,2277.25
62,0.25,2277.5
59,0.25,2277.5
r,0.25,2277.75
48,2.0,2278.0
48,2.0,2280.0
48,2.0,2282.0
48,2.0,2284.0
r,2.0,2286.0
36,1/3,2288.0
r,17/12,6865/3
r,0.25,2289.75
36,1/3,2290.0
r,5/3,6871/3
36,1/3,2292.0
r,5/3,6877/3
36,1/3,2294.0
r,17/12,6883/3
r,0.25,2295.75
55,1.0,2296.0
r,1.0,2297.0
79,0.25,2298.0
81,0.25,2298.0
r,0.25,2298.25
79,0.25,2298.5
78,0.25,2298.5
79,0.25,2298.75
81,0.25,2298.75
r,1/3,2299.0
83,0.25,6898/3
84,0.25,6898/3
r,1/6,27595/12
81,0.25,2299.75
83,0.25,2299.75
r,0.25,2300.0
84,1/3,2300.25
83,1/3,2300.25
r,1/12,27607/12
82,0.25,6902/3
83,0.25,6902/3
r,1/12,27611/12
84,0.25,2301.0
86,0.25,2301.0
r,0.25,2301.25
88,0.25,2301.5
85,0.25,2301.5
r,0.25,2301.75
86,0.25,2302.0
88,0.25,2302.0
r,0.25,2302.25
86,0.25,2302.5
84,0.25,2302.5
86,0.25,2302.75
84,0.25,2302.75
r,1/3,2303.0
83,0.25,6910/3
84,0.25,6910/3
r,1/6,27643/12
83,0.25,2303.75
81,0.25,2303.75
r,0.25,2304.0
83,1/3,2304.25
81,1/3,2304.25
r,1/12,27655/12
79,0.25,6914/3
81,0.25,6914/3
r,1/12,27659/12
79,0.25,2305.0
81,0.25,2305.0
r,0.25,2305.25
83,0.25,2305.5
81,0.25,2305.5
r,0.25,2305.75
83,0.25,2306.0
84,0.25,2306.0
r,0.25,2306.25
83,0.25,2306.5
84,0.25,2306.5
86,0.25,2306.75
88,0.25,2306.75
r,1/3,2307.0
89,0.25,6922/3
88,0.25,6922/3
r,1/6,27691/12
86,0.25,2307.75
88,0.25,2307.75
r,0.25,2308.0
86,1/3,2308.25
84,1/3,2308.25
r,1/12,27703/12
83,0.25,6926/3
81,0.25,6926/3
r,1/12,27707/12
79,0.25,2309.0
77,0.25,2309.0
r,0.25,2309.25
76,0.25,2309.5
74,0.25,2309.5
r,0.25,2309.75
76,0.25,2310.0
74,0.25,2310.0
r,0.25,2310.25
72,0.25,2310.5
71,0.25,2310.5
69,0.25,2310.75
67,0.25,2310.75
r,1/3,2311.0
65,0.25,6934/3
64,0.25,6934/3
r,1/6,27739/12
62,0.25,2311.75
64,0.25,2311.75
r,0.25,2312.0
62,1/3,2312.25
60,1/3,2312.25
r,1/12,27751/12
59,0.25,6938/3
57,0.25,6938/3
r,1/12,27755/12
55,0.25,2313.0
53,0.25,2313.0
r,0.25,2313.25
52,0.25,2313.5
50,0.25,2313.5
r,0.25,2313.75
48,1.25,2314.0
r,0.75,2315.25
36,4/3,2316.0
31,2/3,6952/3
31,14/3,2318.0
43,2/3,6968/3
31,2/3,6968/3
36,1.0,6970/3
48,1.0,6970/3
r,1/3,6973/3
55,2/3,6974/3
43,2/3,6974/3
60,2/3,6976/3
48,2/3,6976/3
r,2/3,2326.0
31,2/3,6980/3
43,2/3,6980/3
36,2/3,6982/3
48,2/3,6982/3
36,1.0,2328.0
48,1.0,2328.0
r,3.0,2329.0
