r,4.0,0.0
37,1.0,4.0
40,1.0,4.0
r,0.25,4.0
r,0.5,4.0
45,2/3,4.25
49,2/3,4.25
52,0.5,4.5
r,37/12,59/12
r,3.0,5.0
r,3.0,5.0
r,3.0,8.0
49,2/3,11.0
r,1/3,35/3
50,2/3,12.0
r,1/3,38/3
52,2/3,13.0
r,1/3,41/3
53,2/3,14.0
r,1/3,44/3
49,2/3,15.0
r,1/3,47/3
50,2/3,16.0
r,1/3,50/3
52,2/3,17.0
r,1/3,53/3
53,2/3,18.0
r,1/3,56/3
54,2/3,19.0
r,1/3,59/3
55,2/3,20.0
r,1/3,62/3
57,2/3,21.0
r,1/3,65/3
58,2/3,22.0
r,1/3,68/3
58,2/3,23.0
r,1/3,71/3
58,2.0,24.0
57,2.0,26.0
40,0.25,28.0
43,0.25,28.0
48,0.25,28.25
52,0.25,28.25
55,0.25,28.5
r,1.25,28.75
r,1.0,30.0
r,1.0,31.0
r,3.0,32.0
52,2/3,35.0
r,1/3,107/3
53,2/3,36.0
r,7/3,110/3
54,2/3,39.0
r,1/3,119/3
55,2/3,40.0
r,7/3,122/3
55,2/3,43.0
r,1/3,131/3
r,1.0,44.0
55,2/3,45.0
r,4/3,137/3
55,2/3,47.0
r,1/3,143/3
r,1.0,48.0
56,2/3,49.0
r,4/3,149/3
56,2/3,51.0
r,1/3,155/3
57,2/3,52.0
r,10/3,158/3
r,4.0,56.0
r,4.0,60.0
r,3.0,64.0
46,0.5,67.0
45,0.5,67.5
45,0.5,68.0
49,0.5,68.5
49,0.5,69.0
50,0.5,69.5
50,0.5,70.0
46,0.5,70.5
46,0.5,71.0
45,0.5,71.5
45,0.5,72.0
49,0.5,72.5
49,0.5,73.0
50,0.5,73.5
50,0.5,74.0
46,0.5,74.5
46,0.5,75.0
45,0.5,75.5
45,4.0,76.0
r,1.0,76.0
50,3.0,77.0
45,1.0,80.0
45,1.0,81.0
45,1.0,82.0
45,1.0,83.0
38,2.0,84.0
41,2/3,86.0
r,1/3,260/3
45,2/3,87.0
r,1/12,263/3
r,0.25,87.75
50,12.0,88.0
40,2.0,100.0
43,2/3,102.0
r,1/3,308/3
49,2/3,103.0
r,1/12,311/3
r,0.25,103.75
52,12.0,104.0
41,2.0,116.0
45,2/3,118.0
r,1/3,356/3
50,2/3,119.0
r,1/12,359/3
r,0.25,119.75
53,4.0,120.0
44,2.0,124.0
47,2/3,126.0
r,1/3,380/3
52,2/3,127.0
r,1/12,383/3
r,0.25,127.75
56,4.0,128.0
45,2.0,132.0
48,2/3,134.0
r,1/3,404/3
53,2/3,135.0
r,1/12,407/3
r,0.25,135.75
57,4.0,136.0
47,2.0,140.0
50,2/3,142.0
r,1/3,428/3
56,2/3,143.0
r,1/12,431/3
r,0.25,143.75
59,4.0,144.0
48,2.0,148.0
57,2/3,150.0
r,1/3,452/3
60,2/3,151.0
r,1/12,455/3
r,0.25,151.75
63,8/3,152.0
r,13/12,464/3
r,0.25,155.75
63,8/3,156.0
r,13/12,476/3
r,0.25,159.75
63,8/3,160.0
r,13/12,488/3
r,0.25,163.75
52,4.0,164.0
52,4.0,168.0
52,4.0,172.0
52,2.0,176.0
52,2.0,178.0
52,4.0,180.0
52,4.0,184.0
52,4.0,188.0
52,2.0,192.0
52,2.0,194.0
52,4.0,196.0
52,4.0,200.0
52,4.0,204.0
52,9.0,208.0
44,0.5,217.0
47,0.5,217.5
38,0.5,218.0
47,0.5,218.5
44,0.5,219.0
38,0.5,219.5
36,1/3,220.0
r,2/3,661/3
45,1/3,221.0
r,2/3,664/3
46,4.0,222.0
45,1.0,226.0
44,1.0,227.0
45,1/3,228.0
r,2/3,685/3
57,1/3,229.0
r,2/3,688/3
58,4.0,230.0
57,1.0,234.0
56,1.0,235.0
57,1/3,236.0
r,2/3,709/3
60,1/3,237.0
r,2/3,712/3
62,3.0,238.0
63,1/3,241.0
r,2/3,724/3
64,3.0,242.0
64,1.0,245.0
65,1.0,246.0
61,1.0,247.0
62,1.0,248.0
r,3.0,248.0
50,1.0,249.0
52,2.0,250.0
56,1.0,251.0
45,2/3,252.0
r,1/3,758/3
33,2/3,253.0
r,1/3,761/3
34,4.0,254.0
33,1.0,258.0
32,1.0,259.0
33,2/3,260.0
r,1/3,782/3
33,2/3,261.0
r,1/3,785/3
34,4.0,262.0
33,1.0,266.0
32,1.0,267.0
33,2/3,268.0
r,1/3,806/3
33,2/3,269.0
r,1/3,809/3
34,4.0,270.0
33,1.0,274.0
32,1.0,275.0
31,0.5,276.0
30,0.5,276.5
31,0.5,277.0
33,0.5,277.5
35,0.5,278.0
31,0.5,278.5
33,0.5,279.0
35,0.5,279.5
36,0.5,280.0
35,0.5,280.5
36,0.5,281.0
38,0.5,281.5
40,0.5,282.0
39,0.5,282.5
40,0.5,283.0
39,0.5,283.5
40,0.5,284.0
39,0.5,284.5
40,0.5,285.0
42,0.5,285.5
44,0.5,286.0
40,0.5,286.5
42,0.5,287.0
44,0.5,287.5
45,0.5,288.0
44,0.5,288.5
45,0.5,289.0
47,0.5,289.5
48,0.5,290.0
45,0.5,290.5
47,0.5,291.0
48,0.5,291.5
50,0.5,292.0
49,0.5,292.5
50,0.5,293.0
52,0.5,293.5
53,0.5,294.0
50,0.5,294.5
52,0.5,295.0
53,0.5,295.5
52,0.5,296.0
63,0.5,296.5
64,0.5,297.0
63,0.5,297.5
64,0.5,298.0
63,0.5,298.5
64,0.5,299.0
52,0.5,299.5
64,2.0,300.0
52,8.0,300.0
62,2.0,302.0
60,2.0,304.0
59,2.0,306.0
57,0.5,308.0
52,0.5,308.5
48,0.5,309.0
57,0.5,309.5
59,0.5,310.0
56,0.5,310.5
52,0.5,311.0
59,0.5,311.5
60,0.5,312.0
57,0.5,312.5
52,0.5,313.0
64,0.5,313.5
63,0.5,314.0
64,0.5,314.5
63,0.5,315.0
64,0.5,315.5
52,2.0,316.0
r,1.0,316.0
64,2.0,317.0
52,2.0,318.0
62,2.0,319.0
52,2.0,320.0
r,1.0,320.0
60,2.0,321.0
52,2.0,322.0
59,1.0,323.0
57,0.5,324.0
52,0.5,324.5
48,0.5,325.0
57,0.5,325.5
59,0.5,326.0
56,0.5,326.5
52,0.5,327.0
59,0.5,327.5
60,0.5,328.0
57,0.5,328.5
52,0.5,329.0
64,0.5,329.5
63,0.5,330.0
64,0.5,330.5
63,0.5,331.0
64,0.5,331.5
52,2.0,332.0
r,1.0,332.0
64,2.0,333.0
52,2.0,334.0
62,2.0,335.0
52,2.0,336.0
r,1.0,336.0
60,2.0,337.0
52,2.0,338.0
59,1.0,339.0
45,2.0,340.0
r,1.0,340.0
57,1.0,341.0
52,2.0,342.0
r,1.0,342.0
59,1.0,343.0
57,2.0,344.0
r,1.0,344.0
60,1.0,345.0
52,2.0,346.0
r,1.0,346.0
59,1.0,347.0
45,1.5,348.0
57,1.5,348.0
r,0.5,349.5
33,5/3,350.0
r,1/3,1055/3
33,5/3,352.0
r,1/12,1061/3
r,0.25,353.75
33,5/3,354.0
r,1/3,1067/3
33,8.0,356.0
43,2.0,364.0
31,2.0,364.0
41,2.0,366.0
29,2.0,366.0
40,2.0,368.0
28,2.0,368.0
41,1.0,370.0
29,1.0,370.0
38,1.0,371.0
26,1.0,371.0
37,1.0,372.0
40,1.0,372.0
r,0.25,372.0
r,0.5,372.0
45,2/3,372.25
49,2/3,372.25
52,0.5,372.5
r,37/12,4475/12
r,3.0,373.0
r,3.0,373.0
r,3.0,376.0
49,2/3,379.0
r,1/3,1139/3
50,2/3,380.0
r,1/3,1142/3
52,2/3,381.0
r,1/3,1145/3
53,2/3,382.0
r,1/3,1148/3
49,2/3,383.0
r,1/3,1151/3
50,2/3,384.0
r,1/3,1154/3
52,2/3,385.0
r,1/3,1157/3
53,2/3,386.0
r,1/3,1160/3
54,2/3,387.0
r,1/3,1163/3
55,2/3,388.0
r,1/3,1166/3
57,2/3,389.0
r,1/3,1169/3
58,2/3,390.0
r,1/3,1172/3
58,2/3,391.0
r,1/3,1175/3
58,2.0,392.0
57,2.0,394.0
40,0.25,396.0
43,0.25,396.0
48,0.25,396.25
52,0.25,396.25
55,0.25,396.5
r,1.25,396.75
r,1.0,398.0
r,1.0,399.0
r,3.0,400.0
52,2/3,403.0
r,1/3,1211/3
53,2/3,404.0
r,7/3,1214/3
54,2/3,407.0
r,1/3,1223/3
55,2/3,408.0
r,7/3,1226/3
55,2/3,411.0
r,1/3,1235/3
r,1.0,412.0
55,2/3,413.0
r,4/3,1241/3
55,2/3,415.0
r,1/3,1247/3
r,1.0,416.0
56,2/3,417.0
r,4/3,1253/3
56,2/3,419.0
r,1/3,1259/3
57,2/3,420.0
r,10/3,1262/3
r,4.0,424.0
r,4.0,428.0
r,3.0,432.0
46,0.5,435.0
45,0.5,435.5
45,0.5,436.0
49,0.5,436.5
49,0.5,437.0
50,0.5,437.5
50,0.5,438.0
46,0.5,438.5
46,0.5,439.0
45,0.5,439.5
45,0.5,440.0
49,0.5,440.5
49,0.5,441.0
50,0.5,441.5
50,0.5,442.0
46,0.5,442.5
46,0.5,443.0
45,0.5,443.5
45,4.0,444.0
r,1.0,444.0
50,3.0,445.0
45,1.0,448.0
45,1.0,449.0
45,1.0,450.0
45,1.0,451.0
38,2.0,452.0
41,2/3,454.0
r,1/3,1364/3
45,2/3,455.0
r,1/12,1367/3
r,0.25,455.75
50,12.0,456.0
40,2.0,468.0
43,2/3,470.0
r,1/3,1412/3
49,2/3,471.0
r,1/12,1415/3
r,0.25,471.75
52,12.0,472.0
41,2.0,484.0
45,2/3,486.0
r,1/3,1460/3
50,2/3,487.0
r,1/12,1463/3
r,0.25,487.75
53,4.0,488.0
44,2.0,492.0
47,2/3,494.0
r,1/3,1484/3
52,2/3,495.0
r,1/12,1487/3
r,0.25,495.75
56,4.0,496.0
45,2.0,500.0
48,2/3,502.0
r,1/3,1508/3
53,2/3,503.0
r,1/12,1511/3
r,0.25,503.75
57,4.0,504.0
47,2.0,508.0
50,2/3,510.0
r,1/3,1532/3
56,2/3,511.0
r,1/12,1535/3
r,0.25,511.75
59,4.0,512.0
48,2.0,516.0
57,2/3,518.0
r,1/3,1556/3
60,2/3,519.0
r,1/12,1559/3
r,0.25,519.75
63,8/3,520.0
r,13/12,1568/3
r,0.25,523.75
63,8/3,524.0
r,13/12,1580/3
r,0.25,527.75
63,8/3,528.0
r,13/12,1592/3
r,0.25,531.75
52,4.0,532.0
52,4.0,536.0
52,4.0,540.0
52,2.0,544.0
52,2.0,546.0
52,4.0,548.0
52,4.0,552.0
52,4.0,556.0
52,2.0,560.0
52,2.0,562.0
52,4.0,564.0
52,4.0,568.0
52,4.0,572.0
52,9.0,576.0
44,0.5,585.0
47,0.5,585.5
38,0.5,586.0
47,0.5,586.5
44,0.5,587.0
38,0.5,587.5
36,1/3,588.0
r,2/3,1765/3
45,1/3,589.0
r,2/3,1768/3
46,4.0,590.0
45,1.0,594.0
44,1.0,595.0
45,1/3,596.0
r,2/3,1789/3
57,1/3,597.0
r,2/3,1792/3
58,4.0,598.0
57,1.0,602.0
56,1.0,603.0
57,1/3,604.0
r,2/3,1813/3
60,1/3,605.0
r,2/3,1816/3
62,3.0,606.0
63,1/3,609.0
r,2/3,1828/3
64,3.0,610.0
64,1.0,613.0
65,1.0,614.0
61,1.0,615.0
62,1.0,616.0
r,3.0,616.0
50,1.0,617.0
52,2.0,618.0
56,1.0,619.0
45,2/3,620.0
r,1/3,1862/3
33,2/3,621.0
r,1/3,1865/3
34,4.0,622.0
33,1.0,626.0
32,1.0,627.0
33,2/3,628.0
r,1/3,1886/3
33,2/3,629.0
r,1/3,1889/3
34,4.0,630.0
33,1.0,634.0
32,1.0,635.0
33,2/3,636.0
r,1/3,1910/3
33,2/3,637.0
r,1/3,1913/3
34,4.0,638.0
33,1.0,642.0
32,1.0,643.0
31,0.5,644.0
30,0.5,644.5
31,0.5,645.0
33,0.5,645.5
35,0.5,646.0
31,0.5,646.5
33,0.5,647.0
35,0.5,647.5
36,0.5,648.0
35,0.5,648.5
36,0.5,649.0
38,0.5,649.5
40,0.5,650.0
39,0.5,650.5
40,0.5,651.0
39,0.5,651.5
40,0.5,652.0
39,0.5,652.5
40,0.5,653.0
42,0.5,653.5
44,0.5,654.0
40,0.5,654.5
42,0.5,655.0
44,0.5,655.5
45,0.5,656.0
44,0.5,656.5
45,0.5,657.0
47,0.5,657.5
48,0.5,658.0
45,0.5,658.5
47,0.5,659.0
48,0.5,659.5
50,0.5,660.0
49,0.5,660.5
50,0.5,661.0
52,0.5,661.5
53,0.5,662.0
50,0.5,662.5
52,0.5,663.0
53,0.5,663.5
52,0.5,664.0
63,0.5,664.5
64,0.5,665.0
63,0.5,665.5
64,0.5,666.0
63,0.5,666.5
64,0.5,667.0
52,0.5,667.5
52,8.0,668.0
64,2.0,668.0
62,2.0,670.0
60,2.0,672.0
59,2.0,674.0
57,0.5,676.0
52,0.5,676.5
48,0.5,677.0
57,0.5,677.5
59,0.5,678.0
56,0.5,678.5
52,0.5,679.0
59,0.5,679.5
60,0.5,680.0
57,0.5,680.5
52,0.5,681.0
64,0.5,681.5
63,0.5,682.0
64,0.5,682.5
63,0.5,683.0
64,0.5,683.5
52,2.0,684.0
r,1.0,684.0
64,2.0,685.0
52,2.0,686.0
62,2.0,687.0
52,2.0,688.0
r,1.0,688.0
60,2.0,689.0
52,2.0,690.0
59,1.0,691.0
57,0.5,692.0
52,0.5,692.5
48,0.5,693.0
57,0.5,693.5
59,0.5,694.0
56,0.5,694.5
52,0.5,695.0
59,0.5,695.5
60,0.5,696.0
57,0.5,696.5
52,0.5,697.0
64,0.5,697.5
63,0.5,698.0
64,0.5,698.5
63,0.5,699.0
64,0.5,699.5
52,2.0,700.0
r,1.0,700.0
64,2.0,701.0
52,2.0,702.0
62,2.0,703.0
52,2.0,704.0
r,1.0,704.0
60,2.0,705.0
52,2.0,706.0
59,1.0,707.0
45,2.0,708.0
r,1.0,708.0
57,1.0,709.0
52,2.0,710.0
r,1.0,710.0
59,1.0,711.0
57,2.0,712.0
r,1.0,712.0
60,1.0,713.0
52,2.0,714.0
r,1.0,714.0
59,1.0,715.0
57,1.5,716.0
45,1.5,716.0
r,0.5,717.5
33,5/3,718.0
r,1/3,2159/3
33,5/3,720.0
r,1/12,2165/3
r,0.25,721.75
33,5/3,722.0
r,1/3,2171/3
33,8.0,724.0
31,8.0,732.0
30,0.25,740.0
33,0.25,740.0
r,1/12,740.25
38,0.25,2221/3
42,0.25,2221/3
r,1/12,8887/12
45,0.25,2222/3
50,0.25,2222/3
r,1/12,8891/12
54,0.25,741.0
57,0.25,741.0
r,1/12,741.25
r,2/3,2224/3
r,1.0,742.0
r,1.0,743.0
r,3.0,744.0
r,0.5,747.0
36,0.25,747.5
39,0.25,747.5
42,0.25,747.75
45,0.25,747.75
r,0.25,748.0
48,0.25,748.25
51,0.25,748.25
54,0.25,748.5
57,0.25,748.5
60,0.25,748.75
63,0.25,748.75
r,0.25,749.0
r,0.75,749.25
r,1.0,750.0
r,1.0,751.0
r,4.0,752.0
37,0.25,756.0
42,0.25,756.0
r,1/12,756.25
46,0.25,2269/3
49,0.25,2269/3
r,1/12,9079/12
54,0.25,2270/3
58,0.25,2270/3
r,1/12,9083/12
61,0.25,757.0
66,0.25,757.0
r,1/12,757.25
r,2/3,2272/3
r,1.0,758.0
r,1.0,759.0
r,4.0,760.0
30,2.0,764.0
33,2/3,766.0
r,1/3,2300/3
37,2/3,767.0
r,1/12,2303/3
r,0.25,767.75
42,12.0,768.0
32,2.0,780.0
35,2/3,782.0
r,1/3,2348/3
41,2/3,783.0
r,1/12,2351/3
r,0.25,783.75
44,11.75,784.0
r,0.25,795.75
33,2.0,796.0
37,2/3,798.0
r,1/3,2396/3
42,2/3,799.0
r,1/12,2399/3
r,0.25,799.75
45,4.0,800.0
35,2.0,804.0
38,2/3,806.0
r,1/3,2420/3
42,2/3,807.0
r,1/12,2423/3
r,0.25,807.75
47,4.0,808.0
35,2.0,812.0
38,2/3,814.0
r,1/3,2444/3
43,2/3,815.0
r,1/12,2447/3
r,0.25,815.75
47,4.0,816.0
36,2.0,820.0
40,2/3,822.0
r,1/3,2468/3
43,2/3,823.0
r,1/12,2471/3
r,0.25,823.75
48,4.0,824.0
37,2.0,828.0
40,2/3,830.0
r,1/3,2492/3
45,2/3,831.0
r,1/12,2495/3
r,0.25,831.75
49,4.0,832.0
38,2.0,836.0
41,2/3,838.0
r,1/3,2516/3
45,2/3,839.0
r,1/12,2519/3
r,0.25,839.75
50,4.0,840.0
47,4.0,844.0
46,4.0,848.0
45,0.75,852.0
r,3.25,852.75
r,1.0,856.0
61,0.5,857.0
64,0.5,857.0
r,0.5,857.5
65,0.5,858.0
62,0.5,858.0
r,0.5,858.5
62,0.5,859.0
r,0.5,859.5
61,0.5,860.0
64,0.5,860.0
r,0.5,860.5
61,0.5,861.0
64,0.5,861.0
r,0.5,861.5
62,0.5,862.0
65,0.5,862.0
r,0.5,862.5
59,0.5,863.0
62,0.5,863.0
r,0.5,863.5
61,0.5,864.0
64,0.5,864.0
r,0.5,864.5
61,0.5,865.0
64,0.5,865.0
r,0.5,865.5
62,0.5,866.0
65,0.5,866.0
r,0.5,866.5
59,0.5,867.0
62,0.5,867.0
r,0.25,867.5
r,0.25,867.75
64,2/3,868.0
61,2/3,868.0
r,10/3,2606/3
r,1.0,872.0
52,0.5,873.0
49,0.5,873.0
r,0.5,873.5
53,0.5,874.0
50,0.5,874.0
r,0.5,874.5
47,0.5,875.0
50,0.5,875.0
r,0.5,875.5
52,0.5,876.0
49,0.5,876.0
r,0.5,876.5
52,0.5,877.0
49,0.5,877.0
r,0.5,877.5
53,0.5,878.0
50,0.5,878.0
r,0.5,878.5
47,0.5,879.0
50,0.5,879.0
r,0.5,879.5
52,0.5,880.0
49,0.5,880.0
r,0.5,880.5
52,0.5,881.0
49,0.5,881.0
r,0.5,881.5
50,0.5,882.0
53,0.5,882.0
r,0.5,882.5
47,0.5,883.0
50,0.5,883.0
r,0.25,883.5
r,0.25,883.75
52,2/3,884.0
49,2/3,884.0
r,10/3,2654/3
r,1.0,888.0
52,0.5,889.0
49,0.5,889.0
r,0.5,889.5
47,0.5,890.0
50,0.5,890.0
r,0.5,890.5
50,0.5,891.0
53,0.5,891.0
r,0.5,891.5
52,0.5,892.0
49,0.5,892.0
r,0.5,892.5
52,0.5,893.0
49,0.5,893.0
r,0.5,893.5
47,0.5,894.0
50,0.5,894.0
r,0.5,894.5
53,0.5,895.0
50,0.5,895.0
r,0.5,895.5
52,0.5,896.0
49,0.5,896.0
r,0.5,896.5
52,0.5,897.0
49,0.5,897.0
r,0.5,897.5
47,0.5,898.0
50,0.5,898.0
r,0.5,898.5
53,0.5,899.0
50,0.5,899.0
r,0.5,899.5
52,4.0,900.0
49,4.0,900.0
45,4.0,904.0
33,4.0,904.0
45,4.0,908.0
33,4.0,908.0
33,3.5,912.0
45,3.5,912.0
49,0.25,915.5
52,0.25,915.75
45,8.0,916.0
33,8.0,916.0
46,3.0,928.0
45,1.0,931.0
43,1.0,932.0
41,1.0,933.0
39,1.0,934.0
38,1.0,935.0
37,1.0,936.0
43,1.0,937.0
46,1.0,938.0
45,1.0,939.0
43,1.0,940.0
41,1.0,941.0
39,1.0,942.0
38,1.0,943.0
37,0.25,944.0
40,0.25,944.25
45,0.25,944.5
49,0.25,944.75
52,0.25,945.0
r,0.75,945.25
r,1.0,946.0
r,1.0,947.0
r,2.5,948.0
r,1.0,950.5
r,0.5,951.5
r,2.75,952.0
r,0.25,954.75
r,0.75,955.0
r,0.25,955.75
r,3.0,956.0
r,1.0,959.0
r,1.75,960.0
r,0.25,961.75
r,1.75,962.0
r,0.25,963.75
r,1.0,964.0
r,2.0,965.0
49,2/3,967.0
r,1/3,2903/3
50,2/3,968.0
r,1/3,2906/3
52,2/3,969.0
r,1/3,2909/3
53,2/3,970.0
r,1/3,2912/3
49,2/3,971.0
r,1/3,2915/3
50,2/3,972.0
r,1/3,2918/3
52,2/3,973.0
r,1/3,2921/3
53,2/3,974.0
r,1/3,2924/3
54,2/3,975.0
r,1/3,2927/3
55,2/3,976.0
r,1/3,2930/3
57,2/3,977.0
r,1/3,2933/3
58,2/3,978.0
r,1/3,2936/3
58,2/3,979.0
r,1/3,2939/3
58,2.0,980.0
57,2.0,982.0
40,0.25,984.0
43,0.25,984.0
48,0.25,984.25
52,0.25,984.25
55,0.25,984.5
r,1.25,984.75
r,1.0,986.0
r,1.0,987.0
r,4.0,988.0
r,3.75,992.0
r,0.25,995.75
r,1.0,996.0
r,1.5,997.0
r,1.0,998.5
r,0.5,999.5
r,1.5,1000.0
r,0.5,1001.5
r,1.0,1002.0
r,0.5,1003.0
r,0.5,1003.5
r,4.0,1004.0
41,1/3,1008.0
29,1/3,1008.0
r,5/3,3025/3
41,1/3,1010.0
29,1/3,1010.0
r,5/3,3031/3
41,1/3,1012.0
29,1/3,1012.0
r,5/3,3037/3
41,1/3,1014.0
29,1/3,1014.0
r,17/12,3043/3
r,0.25,1015.75
42,0.5,1016.0
30,0.5,1016.0
r,2.25,1016.5
r,0.25,1018.75
r,0.75,1019.0
r,0.25,1019.75
r,0.25,1020.0
r,2.5,1020.25
r,0.25,1022.75
r,0.75,1023.0
r,0.25,1023.75
54,1/3,1024.0
42,1/3,1024.0
r,5/3,3073/3
54,1/3,1026.0
42,1/3,1026.0
r,5/3,3079/3
54,1/3,1028.0
42,1/3,1028.0
r,5/3,3085/3
54,1/3,1030.0
42,1/3,1030.0
r,17/12,3091/3
r,0.25,1031.75
55,1/3,1032.0
43,1/3,1032.0
r,29/12,3097/3
r,0.25,1034.75
r,0.75,1035.0
r,0.25,1035.75
r,0.25,1036.0
r,2.5,1036.25
r,0.25,1038.75
r,0.75,1039.0
r,0.25,1039.75
55,1/3,1040.0
r,5/3,3121/3
55,1/3,1042.0
r,5/3,3127/3
55,1/3,1044.0
r,5/3,3133/3
55,1/3,1046.0
r,17/12,3139/3
r,0.25,1047.75
56,1/3,1048.0
r,11/3,3145/3
r,1.5,1052.0
r,0.5,1053.5
r,1.0,1054.0
r,1.0,1055.0
57,3.75,1056.0
r,0.25,1059.75
57,3.75,1060.0
r,0.25,1063.75
57,3.75,1064.0
r,0.25,1067.75
57,2.0,1068.0
57,2.0,1070.0
57,3.75,1072.0
r,0.25,1075.75
57,3.75,1076.0
r,0.25,1079.75
57,3.75,1080.0
r,0.25,1083.75
57,1.75,1084.0
r,0.25,1085.75
57,1.75,1086.0
r,0.25,1087.75
57,3.75,1088.0
r,0.25,1091.75
57,3.75,1092.0
r,0.25,1095.75
57,3.75,1096.0
r,0.25,1099.75
57,4/3,1100.0
r,8/3,3304/3
r,4.0,1104.0
r,1.0,1108.0
37,0.5,1109.0
40,0.5,1109.5
31,0.5,1110.0
40,0.5,1110.5
37,0.5,1111.0
31,0.5,1111.5
29,1/3,1112.0
r,2/3,3337/3
50,1/3,1113.0
r,2/3,3340/3
51,4.0,1114.0
50,1.0,1118.0
49,1.0,1119.0
50,1/3,1120.0
r,2/3,3361/3
62,1/3,1121.0
r,2/3,3364/3
63,4.0,1122.0
62,1.0,1126.0
61,1.0,1127.0
62,1/3,1128.0
r,2/3,3385/3
65,1/3,1129.0
r,2/3,3388/3
67,3.0,1130.0
68,1/3,1133.0
r,2/3,3400/3
69,3.0,1134.0
69,1.0,1137.0
70,1.0,1138.0
66,1.0,1139.0
67,1.0,1140.0
55,1.0,1141.0
57,2.0,1142.0
50,1.0,1144.0
38,1/3,1145.0
r,2/3,3436/3
39,4.0,1146.0
38,1.0,1150.0
37,1.0,1151.0
38,1/3,1152.0
r,2/3,3457/3
38,1/3,1153.0
r,2/3,3460/3
39,4.0,1154.0
38,1.0,1158.0
37,1.0,1159.0
38,1/3,1160.0
r,2/3,3481/3
38,1/3,1161.0
r,2/3,3484/3
39,4.0,1162.0
38,1.0,1166.0
37,1.0,1167.0
36,0.5,1168.0
35,0.5,1168.5
36,0.5,1169.0
38,0.5,1169.5
40,0.5,1170.0
36,0.5,1170.5
38,0.5,1171.0
40,0.5,1171.5
41,0.5,1172.0
40,0.5,1172.5
41,0.5,1173.0
43,0.5,1173.5
45,0.5,1174.0
44,0.5,1174.5
45,0.5,1175.0
44,0.5,1175.5
45,0.5,1176.0
44,0.5,1176.5
45,0.5,1177.0
47,0.5,1177.5
49,0.5,1178.0
45,0.5,1178.5
47,0.5,1179.0
49,0.5,1179.5
50,0.5,1180.0
49,0.5,1180.5
50,0.5,1181.0
52,0.5,1181.5
53,0.5,1182.0
50,0.5,1182.5
52,0.5,1183.0
53,0.5,1183.5
55,0.5,1184.0
54,0.5,1184.5
55,0.5,1185.0
57,0.5,1185.5
58,0.5,1186.0
55,0.5,1186.5
57,0.5,1187.0
58,0.5,1187.5
57,0.5,1188.0
56,0.5,1188.5
57,0.5,1189.0
56,0.5,1189.5
57,0.5,1190.0
56,0.5,1190.5
57,0.5,1191.0
45,0.5,1191.5
57,2.0,1192.0
45,8.0,1192.0
55,2.0,1194.0
53,2.0,1196.0
52,2.0,1198.0
50,0.5,1200.0
45,0.5,1200.5
41,0.5,1201.0
50,0.5,1201.5
52,0.5,1202.0
49,0.5,1202.5
45,0.5,1203.0
52,0.5,1203.5
53,0.5,1204.0
50,0.5,1204.5
45,0.5,1205.0
57,0.5,1205.5
56,0.5,1206.0
57,0.5,1206.5
56,0.5,1207.0
57,0.5,1207.5
57,2.0,1208.0
45,8.0,1208.0
55,2.0,1210.0
53,2.0,1212.0
52,2.0,1214.0
50,0.5,1216.0
45,0.5,1216.5
41,0.5,1217.0
50,0.5,1217.5
52,0.5,1218.0
49,0.5,1218.5
45,0.5,1219.0
52,0.5,1219.5
53,0.5,1220.0
50,0.5,1220.5
45,0.5,1221.0
57,0.5,1221.5
56,0.5,1222.0
57,0.5,1222.5
56,0.5,1223.0
57,0.5,1223.5
45,2.0,1224.0
r,1.0,1224.0
57,2.0,1225.0
45,2.0,1226.0
55,2.0,1227.0
45,2.0,1228.0
r,1.0,1228.0
53,2.0,1229.0
45,2.0,1230.0
52,1.0,1231.0
38,2.0,1232.0
r,1.0,1232.0
50,1.0,1233.0
45,2.0,1234.0
r,1.0,1234.0
52,1.0,1235.0
50,2.0,1236.0
r,1.0,1236.0
53,1.0,1237.0
45,2.0,1238.0
r,1.0,1238.0
52,1.0,1239.0
38,1.0,1240.0
r,1.0,1241.0
38,1.75,1242.0
r,0.25,1243.75
38,1.75,1244.0
r,0.25,1245.75
38,1.75,1246.0
r,0.25,1247.75
r,4.0,1248.0
r,4.0,1252.0
r,4.0,1256.0
r,4.0,1260.0
r,4.0,1264.0
r,2.5,1268.0
r,0.5,1270.5
r,0.5,1271.0
r,0.5,1271.5
38,3.25,1272.0
r,0.75,1275.25
50,3.25,1276.0
38,3.25,1276.0
r,0.75,1279.25
50,8.0,1280.0
38,8.0,1280.0
r,3.0,1292.0
r,3.0,1295.0
34,0.25,1298.0
41,0.25,1298.0
46,0.25,1298.25
50,0.25,1298.25
53,0.25,1298.5
58,0.25,1298.5
r,2.25,1298.75
r,0.75,1301.0
r,0.25,1301.75
r,1.0,1302.0
34,1.0,1303.0
36,3.0,1304.0
r,0.75,1307.0
r,0.25,1307.75
r,1.0,1308.0
45,1.0,1309.0
46,3.0,1310.0
r,0.75,1313.0
r,0.25,1313.75
r,1.0,1314.0
50,1.0,1315.0
51,1.5,1316.0
53,0.5,1317.5
55,0.5,1318.0
55,0.5,1318.5
53,1.5,1319.0
r,0.75,1320.5
r,0.25,1321.25
r,0.25,1321.5
r,0.25,1321.75
34,3.0,1322.0
46,2.0,1325.0
34,1.0,1327.0
46,1.0,1327.0
29,3.0,1328.0
41,3.0,1328.0
41,1.0,1331.0
r,1.75,1332.0
r,0.25,1333.75
r,0.75,1334.0
r,0.25,1334.75
r,1.75,1335.0
r,0.25,1336.75
53,2.0,1337.0
54,1.0,1339.0
55,0.5,1340.0
r,0.25,1340.5
r,0.25,1340.75
r,1.0,1341.0
52,1/3,1342.0
r,5/12,4027/3
r,0.25,1342.75
r,1.0,1343.0
53,1/3,1344.0
r,2/3,4033/3
41,1/3,1345.0
r,2/3,4036/3
34,0.75,1346.0
46,0.25,1346.75
34,0.25,1346.75
46,0.25,1346.75
34,1/3,1347.0
r,5/12,4042/3
46,0.25,1347.75
34,0.25,1347.75
46,0.25,1347.75
34,1/3,1348.0
r,5/12,4045/3
46,0.25,1348.75
34,0.25,1348.75
46,0.25,1348.75
34,1/3,1349.0
r,29/12,4048/3
r,0.25,1351.75
r,0.75,1352.0
46,0.25,1352.75
34,0.25,1352.75
46,0.25,1352.75
34,1/3,1353.0
r,5/12,4060/3
46,0.25,1353.75
34,0.25,1353.75
46,0.25,1353.75
34,1/3,1354.0
r,5/12,4063/3
46,0.25,1354.75
34,0.25,1354.75
46,0.25,1354.75
34,1/3,1355.0
r,1/3,4066/3
r,1/12,4067/3
r,0.25,1355.75
r,1.5,1356.0
r,0.5,1357.5
r,0.75,1358.0
46,0.25,1358.75
34,0.25,1358.75
46,0.25,1358.75
34,1/3,1359.0
r,5/12,4078/3
46,0.25,1359.75
34,0.25,1359.75
46,0.25,1359.75
34,1/3,1360.0
r,5/12,4081/3
46,0.25,1360.75
34,0.25,1360.75
46,0.25,1360.75
34,1/3,1361.0
r,29/12,4084/3
r,0.25,1363.75
r,0.75,1364.0
48,0.25,1364.75
36,0.25,1364.75
48,0.25,1364.75
36,1/3,1365.0
r,5/12,4096/3
84,0.25,1365.75
72,0.25,1365.75
84,0.25,1365.75
72,0.5,1366.0
r,0.5,1366.5
r,0.75,1367.0
48,0.25,1367.75
36,0.25,1367.75
48,0.25,1367.75
36,1/3,1368.0
r,11/12,4105/3
84,0.25,1369.25
72,0.25,1369.25
84,0.25,1369.25
72,0.5,1369.5
r,0.75,1370.0
48,0.25,1370.75
36,0.25,1370.75
48,0.25,1370.75
36,1/3,1371.0
r,11/12,4114/3
84,0.25,1372.25
72,0.25,1372.25
84,0.25,1372.25
72,0.5,1372.5
r,0.75,1373.0
48,0.25,1373.75
36,0.25,1373.75
48,0.25,1373.75
36,1/3,1374.0
r,5/12,4123/3
84,0.25,1374.75
72,0.25,1374.75
84,0.25,1374.75
72,0.5,1375.0
r,1/6,1375.5
r,1/12,4127/3
84,0.25,1375.75
72,0.25,1375.75
84,0.25,1375.75
r,0.75,1376.0
48,0.25,1376.75
36,0.25,1376.75
48,1/3,1377.0
r,5/12,4132/3
84,0.25,1377.75
72,0.25,1377.75
84,0.5,1378.0
r,0.5,1378.5
r,0.75,1379.0
48,0.25,1379.75
36,0.25,1379.75
48,1/3,1380.0
r,5/12,4141/3
84,0.25,1380.75
72,0.25,1380.75
84,0.5,1381.0
r,0.5,1381.5
r,0.5,1382.0
r,0.25,1382.5
48,0.25,1382.75
36,0.25,1382.75
48,1/3,1383.0
r,5/12,4150/3
48,0.25,1383.75
36,0.25,1383.75
48,1/3,1384.0
r,5/12,4153/3
48,0.25,1384.75
36,0.25,1384.75
48,1/3,1385.0
r,1/6,4156/3
r,0.5,1385.5
59,0.5,1386.0
58,0.5,1386.5
57,0.5,1387.0
55,0.5,1387.5
58,0.5,1387.5
41,6.0,1388.0
36,3.0,1394.0
41,1.5,1397.0
45,0.5,1398.5
46,0.5,1399.0
43,0.5,1399.5
41,6.0,1400.0
48,2.0,1406.0
36,1.0,1408.0
41,0.75,1409.0
29,0.75,1409.0
41,0.25,1409.75
29,0.25,1409.75
41,0.25,1409.75
29,1/3,1410.0
r,5/12,4231/3
41,0.25,1410.75
29,0.25,1410.75
41,0.25,1410.75
29,1/3,1411.0
r,1/6,4234/3
r,0.5,1411.5
r,0.75,1412.0
41,0.25,1412.75
29,0.25,1412.75
41,0.25,1412.75
29,1/3,1413.0
r,5/12,4240/3
41,0.25,1413.75
29,0.25,1413.75
41,0.25,1413.75
29,1/3,1414.0
r,1/6,4243/3
r,0.5,1414.5
r,0.75,1415.0
41,0.25,1415.75
29,0.25,1415.75
41,0.25,1415.75
29,1/3,1416.0
r,5/12,4249/3
41,0.25,1416.75
29,0.25,1416.75
41,0.25,1416.75
29,0.5,1417.0
r,0.5,1417.5
r,0.75,1418.0
41,0.25,1418.75
29,0.25,1418.75
41,0.25,1418.75
29,1/3,1419.0
r,5/12,4258/3
41,0.25,1419.75
29,0.25,1419.75
41,0.25,1419.75
29,0.5,1420.0
r,0.5,1420.5
r,0.5,1421.0
r,0.25,1421.5
60,0.25,1421.75
57,0.25,1421.75
53,0.25,1421.75
57,0.25,1421.75
60,0.25,1421.75
53,1/3,1422.0
r,7/6,4267/3
r,1/6,1423.5
r,1/12,4271/3
r,0.25,1423.75
34,3.0,1424.0
46,3.0,1424.0
46,2.0,1427.0
34,1.0,1429.0
36,3.0,1430.0
r,0.75,1433.0
r,0.25,1433.75
r,1.0,1434.0
45,1.0,1435.0
34,3.0,1436.0
r,0.75,1439.0
r,0.25,1439.75
r,1.0,1440.0
50,1.0,1441.0
51,1.5,1442.0
53,0.5,1443.5
55,0.5,1444.0
55,0.5,1444.5
53,1.5,1445.0
r,0.25,1446.5
r,1.0,1446.75
r,0.25,1447.75
46,1.0,1448.0
r,1.75,1449.0
r,0.25,1450.75
r,0.75,1451.0
r,0.25,1451.75
r,1.75,1452.0
r,0.25,1453.75
29,1.0,1454.0
r,1.75,1455.0
r,0.25,1456.75
r,0.75,1457.0
r,0.25,1457.75
r,1.75,1458.0
r,0.25,1459.75
45,1.0,1460.0
r,1.75,1461.0
r,0.25,1462.75
r,0.75,1463.0
r,0.25,1463.75
r,0.75,1464.0
r,0.25,1464.75
r,0.75,1465.0
r,0.25,1465.75
r,0.75,1466.0
r,0.25,1466.75
r,1.75,1467.0
r,0.25,1468.75
r,2.75,1469.0
r,0.25,1471.75
34,0.75,1472.0
46,0.25,1472.75
34,0.25,1472.75
46,0.25,1472.75
34,1/3,1473.0
r,5/12,4420/3
46,0.25,1473.75
34,0.25,1473.75
46,0.25,1473.75
34,1/3,1474.0
r,5/12,4423/3
46,0.25,1474.75
34,0.25,1474.75
46,0.25,1474.75
34,1/3,1475.0
r,29/12,4426/3
r,0.25,1477.75
r,0.75,1478.0
46,0.25,1478.75
34,0.25,1478.75
46,0.25,1478.75
34,1/3,1479.0
r,5/12,4438/3
46,0.25,1479.75
34,0.25,1479.75
46,0.25,1479.75
34,1/3,1480.0
r,5/12,4441/3
46,0.25,1480.75
34,0.25,1480.75
46,0.25,1480.75
34,1/3,1481.0
r,29/12,4444/3
r,0.25,1483.75
r,0.75,1484.0
51,0.25,1484.75
39,0.25,1484.75
51,0.25,1484.75
39,1/3,1485.0
r,5/12,4456/3
51,0.25,1485.75
39,0.25,1485.75
51,0.25,1485.75
39,1/3,1486.0
r,5/12,4459/3
51,0.25,1486.75
39,0.25,1486.75
51,0.25,1486.75
39,1/3,1487.0
r,29/12,4462/3
r,0.25,1489.75
r,0.75,1490.0
53,0.25,1490.75
41,0.25,1490.75
53,0.25,1490.75
41,1/3,1491.0
r,5/12,4474/3
89,0.25,1491.75
77,0.25,1491.75
89,0.25,1491.75
77,0.5,1492.0
r,0.5,1492.5
r,0.75,1493.0
53,0.25,1493.75
41,0.25,1493.75
53,0.25,1493.75
41,1/3,1494.0
r,5/12,4483/3
89,0.25,1494.75
77,0.25,1494.75
89,0.25,1494.75
77,0.5,1495.0
r,0.5,1495.5
r,0.75,1496.0
53,0.25,1496.75
41,0.25,1496.75
53,0.25,1496.75
41,1/3,1497.0
r,5/12,4492/3
89,0.25,1497.75
77,0.25,1497.75
89,0.25,1497.75
77,0.5,1498.0
r,0.5,1498.5
r,0.75,1499.0
53,0.25,1499.75
41,0.25,1499.75
53,0.25,1499.75
41,1/3,1500.0
r,5/12,4501/3
89,0.25,1500.75
77,0.25,1500.75
89,0.25,1500.75
77,0.5,1501.0
r,0.25,1501.5
89,0.25,1501.75
77,0.25,1501.75
89,0.25,1501.75
77,0.5,1502.0
r,0.25,1502.5
53,0.25,1502.75
41,0.25,1502.75
53,1/3,1503.0
r,5/12,4510/3
89,0.25,1503.75
77,0.25,1503.75
89,0.5,1504.0
r,0.5,1504.5
r,0.75,1505.0
53,0.25,1505.75
41,0.25,1505.75
53,1/3,1506.0
r,5/12,4519/3
89,0.25,1506.75
77,0.25,1506.75
89,0.25,1507.0
r,0.25,1507.25
r,0.5,1507.5
r,0.5,1508.0
r,0.25,1508.5
53,0.25,1508.75
41,0.25,1508.75
53,0.5,1509.0
r,0.25,1509.5
53,0.25,1509.75
41,0.25,1509.75
53,0.5,1510.0
r,0.25,1510.5
53,0.25,1510.75
41,0.25,1510.75
53,0.75,1511.0
r,1.5,1511.75
r,0.75,1513.25
46,6.0,1514.0
41,3.0,1520.0
46,1.25,1523.0
r,0.25,1524.25
50,0.5,1524.5
51,0.5,1525.0
48,0.5,1525.5
46,6.0,1526.0
53,1.75,1532.0
r,0.25,1533.75
29,1.0,1534.0
41,1.0,1534.0
46,0.75,1535.0
46,0.25,1535.75
34,0.25,1535.75
46,0.25,1535.75
34,1/3,1536.0
r,5/12,4609/3
46,0.25,1536.75
34,0.25,1536.75
46,0.25,1536.75
34,1/3,1537.0
r,1/6,4612/3
r,0.5,1537.5
r,0.75,1538.0
46,0.25,1538.75
34,0.25,1538.75
46,0.25,1538.75
34,1/3,1539.0
r,5/12,4618/3
46,0.25,1539.75
34,0.25,1539.75
46,0.25,1539.75
34,1/3,1540.0
r,1/6,4621/3
r,0.5,1540.5
r,0.75,1541.0
46,0.25,1541.75
34,0.25,1541.75
46,0.25,1541.75
34,1/3,1542.0
r,5/12,4627/3
46,0.25,1542.75
34,0.25,1542.75
46,0.25,1542.75
34,1/3,1543.0
r,1/6,4630/3
r,0.5,1543.5
r,0.75,1544.0
46,0.25,1544.75
34,0.25,1544.75
46,0.25,1544.75
34,1/3,1545.0
r,5/12,4636/3
46,0.25,1545.75
34,0.25,1545.75
46,0.25,1545.75
34,1/3,1546.0
r,5/12,4639/3
46,0.25,1546.75
34,0.25,1546.75
46,0.25,1546.75
34,1/3,1547.0
r,5/12,4642/3
56,0.25,1547.75
46,0.25,1547.75
56,0.25,1547.75
46,1/3,1548.0
r,5/12,4645/3
56,0.25,1548.75
46,0.25,1548.75
56,0.25,1548.75
46,1/3,1549.0
r,1/6,4648/3
r,0.5,1549.5
r,0.75,1550.0
46,0.25,1550.75
34,0.25,1550.75
46,0.25,1550.75
34,1/3,1551.0
r,5/12,4654/3
46,0.25,1551.75
34,0.25,1551.75
46,0.25,1551.75
34,1/3,1552.0
r,1/6,4657/3
r,0.5,1552.5
r,0.75,1553.0
58,0.25,1553.75
46,0.25,1553.75
58,0.25,1553.75
46,1/3,1554.0
r,1/6,4663/3
r,0.25,1554.5
58,0.25,1554.75
46,0.25,1554.75
58,0.25,1554.75
46,1/3,1555.0
r,1/6,4666/3
r,0.5,1555.5
r,0.75,1556.0
46,0.25,1556.75
34,0.25,1556.75
46,0.25,1556.75
34,1/3,1557.0
r,5/12,4672/3
46,0.25,1557.75
34,0.25,1557.75
46,0.25,1557.75
34,1/3,1558.0
r,1/6,4675/3
r,0.5,1558.5
r,1/3,1559.0
r,1/6,4678/3
r,0.25,1559.5
58,0.25,1559.75
46,0.25,1559.75
58,0.25,1559.75
46,1/3,1560.0
r,1/6,4681/3
r,0.25,1560.5
58,0.25,1560.75
46,0.25,1560.75
58,0.25,1560.75
46,1/3,1561.0
r,1/6,4684/3
r,0.25,1561.5
58,0.25,1561.75
46,0.25,1561.75
58,0.25,1561.75
46,3.0,1562.0
r,0.75,1565.0
r,0.25,1565.75
r,1.0,1566.0
r,0.75,1567.0
r,0.25,1567.75
r,0.75,1568.0
r,0.25,1568.75
r,1.0,1569.0
34,1.0,1570.0
33,3.0,1571.0
r,0.5,1574.0
r,0.25,1574.5
r,0.25,1574.75
r,1.0,1575.0
58,1.0,1576.0
57,3.0,1577.0
r,0.5,1580.0
r,0.25,1580.5
r,0.25,1580.75
r,0.75,1581.0
r,0.25,1581.75
54,1.0,1582.0
55,0.5,1583.0
r,0.25,1583.5
r,0.25,1583.75
r,0.5,1584.0
52,1/3,1584.5
r,2/3,9509/6
r,0.5,1585.5
r,0.5,1586.0
53,1/3,1586.5
r,2/3,9521/6
29,1/3,1587.5
r,2/3,9527/6
41,0.25,1588.5
r,0.25,1588.75
34,3.0,1589.0
46,3.0,1589.0
34,3.0,1592.0
46,3.0,1592.0
46,3.0,1595.0
46,3.0,1598.0
46,1.0,1601.0
46,1.0,1602.0
46,1.0,1603.0
46,0.5,1604.0
r,0.25,1604.5
r,1.75,1604.75
34,0.5,1606.5
r,3.0,1607.0
r,0.75,1610.0
r,0.25,1610.75
r,0.5,1611.0
50,1.5,1611.5
50,1.5,1613.0
50,1.5,1614.5
45,1.5,1616.0
45,1.5,1617.5
45,1.5,1619.0
45,1.5,1620.5
50,1.5,1622.0
55,1.5,1623.5
51,1.5,1625.0
49,1.5,1626.5
50,1.5,1628.0
45,1.5,1629.5
45,1.5,1631.0
38,3.0,1632.5
55,1.5,1635.5
51,1.5,1637.0
49,1.5,1638.5
50,1.5,1640.0
45,1.5,1641.5
45,1.5,1643.0
50,3.0,1644.5
45,1.5,1647.5
45,1.5,1649.0
50,3.0,1650.5
45,1.5,1653.5
45,0.75,1655.0
33,0.25,1655.75
41,0.25,1656.0
40,0.25,1656.25
38,0.5,1656.5
r,0.25,1657.0
33,0.25,1657.25
41,0.25,1657.5
40,0.25,1657.75
38,0.5,1658.0
r,0.25,1658.5
33,0.25,1658.75
41,0.25,1659.0
40,0.25,1659.25
38,0.5,1659.5
r,0.25,1660.0
33,0.25,1660.25
41,0.25,1660.5
38,0.25,1660.75
31,1.5,1661.0
43,1.5,1661.0
36,0.25,1662.5
48,0.25,1662.5
r,0.25,1662.75
52,0.25,1663.0
r,0.25,1663.25
55,0.25,1663.5
r,0.25,1663.75
60,0.25,1664.0
r,0.25,1664.25
64,0.25,1664.5
r,0.25,1664.75
60,0.25,1665.0
r,0.25,1665.25
55,0.25,1665.5
r,0.25,1665.75
52,0.25,1666.0
r,0.25,1666.25
55,0.25,1666.5
r,0.25,1666.75
52,0.25,1667.0
r,0.25,1667.25
48,0.25,1667.5
31,0.25,1667.75
40,0.25,1668.0
38,0.25,1668.25
36,0.5,1668.5
r,0.25,1669.0
31,0.25,1669.25
40,0.25,1669.5
38,0.25,1669.75
36,0.5,1670.0
r,0.25,1670.5
31,0.25,1670.75
40,0.25,1671.0
38,0.25,1671.25
36,0.5,1671.5
r,0.25,1672.0
31,0.25,1672.25
40,0.25,1672.5
36,0.25,1672.75
29,1.5,1673.0
41,1.5,1673.0
28,0.5,1674.5
40,0.5,1674.5
59,0.5,1675.0
56,0.5,1675.5
59,0.5,1676.0
56,0.5,1676.5
59,0.5,1677.0
56,0.5,1677.5
59,0.5,1678.0
56,0.5,1678.5
59,0.5,1679.0
56,0.5,1679.5
59,0.5,1680.0
56,0.5,1680.5
59,0.5,1681.0
56,0.5,1681.5
59,0.5,1682.0
56,0.5,1682.5
59,0.5,1683.0
57,0.5,1683.5
60,0.5,1684.0
57,0.5,1684.5
52,0.5,1685.0
59,0.5,1685.5
52,0.5,1686.0
57,0.5,1686.5
59,0.5,1687.0
56,0.5,1687.5
59,0.5,1688.0
56,0.5,1688.5
59,0.5,1689.0
56,0.5,1689.5
59,0.5,1690.0
56,0.5,1690.5
59,0.5,1691.0
56,0.5,1691.5
59,0.5,1692.0
56,0.5,1692.5
59,0.5,1693.0
56,0.5,1693.5
59,0.5,1694.0
56,0.5,1694.5
59,0.5,1695.0
57,0.5,1695.5
60,0.5,1696.0
57,0.5,1696.5
52,0.5,1697.0
59,0.5,1697.5
52,0.5,1698.0
53,0.5,1698.5
57,0.5,1699.0
53,0.5,1699.5
50,0.5,1700.0
53,0.5,1700.5
50,0.5,1701.0
52,0.5,1701.5
57,0.5,1702.0
52,0.5,1702.5
50,0.5,1703.0
52,0.5,1703.5
50,0.5,1704.0
48,0.5,1704.5
47,0.5,1705.0
48,0.5,1705.5
50,0.5,1706.0
48,0.5,1706.5
50,0.5,1707.0
52,0.5,1707.5
51,0.5,1708.0
52,0.5,1708.5
52,0.5,1709.0
52,0.5,1709.5
52,0.5,1710.0
45,1.5,1710.5
45,1.5,1712.0
45,1.5,1713.5
45,1.5,1715.0
40,1.5,1716.5
40,1.5,1718.0
45,1.5,1719.5
45,1.5,1721.0
45,1.5,1722.5
45,1.5,1724.0
40,1.5,1725.5
40,1.5,1727.0
45,3.0,1728.5
r,0.5,1728.5
56,0.5,1729.0
55,0.5,1729.5
53,0.5,1730.0
52,0.5,1730.5
51,0.5,1731.0
52,0.5,1731.5
59,0.5,1732.0
60,0.5,1732.5
62,0.5,1733.0
60,0.5,1733.5
59,0.5,1734.0
45,3.0,1734.5
r,0.5,1734.5
56,0.5,1735.0
55,0.5,1735.5
53,0.5,1736.0
52,0.5,1736.5
51,0.5,1737.0
52,0.5,1737.5
65,0.5,1738.0
64,0.5,1738.5
62,0.5,1739.0
60,0.5,1739.5
59,0.5,1740.0
45,1.0,1740.5
45,0.75,1741.5
r,0.25,1742.25
45,0.75,1742.5
r,0.25,1743.25
45,0.75,1743.5
r,0.25,1744.25
45,0.75,1744.5
r,0.25,1745.25
45,0.75,1745.5
r,0.25,1746.25
r,1.5,1746.5
r,1.5,1748.0
r,1.5,1749.5
r,0.25,1751.0
r,0.25,1751.25
r,0.25,1751.5
r,0.5,1751.75
r,0.25,1752.25
50,1.5,1752.5
50,1.5,1754.0
50,1.5,1755.5
45,1.5,1757.0
45,1.5,1758.5
45,1.5,1760.0
45,1.5,1761.5
50,1.5,1763.0
55,1.5,1764.5
51,1.5,1766.0
49,1.5,1767.5
50,1.5,1769.0
45,1.5,1770.5
45,1.5,1772.0
38,3.0,1773.5
55,1.5,1776.5
51,1.5,1778.0
49,1.5,1779.5
50,1.5,1781.0
45,1.5,1782.5
45,1.5,1784.0
50,3.0,1785.5
45,1.5,1788.5
45,1.5,1790.0
50,3.0,1791.5
45,1.5,1794.5
45,0.75,1796.0
33,0.25,1796.75
41,0.25,1797.0
40,0.25,1797.25
38,0.5,1797.5
r,0.25,1798.0
33,0.25,1798.25
41,0.25,1798.5
40,0.25,1798.75
38,0.5,1799.0
r,0.25,1799.5
33,0.25,1799.75
41,0.25,1800.0
40,0.25,1800.25
38,0.5,1800.5
r,0.25,1801.0
33,0.25,1801.25
41,0.25,1801.5
38,0.25,1801.75
43,1.5,1802.0
31,1.5,1802.0
48,0.25,1803.5
36,0.25,1803.5
r,0.25,1803.75
52,0.25,1804.0
r,0.25,1804.25
55,0.25,1804.5
r,0.25,1804.75
60,0.25,1805.0
r,0.25,1805.25
64,0.25,1805.5
r,0.25,1805.75
60,0.25,1806.0
r,0.25,1806.25
55,0.25,1806.5
r,0.25,1806.75
52,0.25,1807.0
r,0.25,1807.25
55,0.25,1807.5
r,0.25,1807.75
52,0.25,1808.0
r,0.25,1808.25
48,0.25,1808.5
31,0.25,1808.75
40,0.25,1809.0
38,0.25,1809.25
36,0.5,1809.5
r,0.25,1810.0
31,0.25,1810.25
40,0.25,1810.5
38,0.25,1810.75
36,0.5,1811.0
r,0.25,1811.5
31,0.25,1811.75
40,0.25,1812.0
38,0.25,1812.25
36,0.5,1812.5
r,0.25,1813.0
31,0.25,1813.25
40,0.25,1813.5
36,0.25,1813.75
41,1.5,1814.0
29,1.5,1814.0
40,0.5,1815.5
28,0.5,1815.5
59,0.5,1816.0
56,0.5,1816.5
59,0.5,1817.0
56,0.5,1817.5
59,0.5,1818.0
56,0.5,1818.5
59,0.5,1819.0
56,0.5,1819.5
59,0.5,1820.0
56,0.5,1820.5
59,0.5,1821.0
56,0.5,1821.5
59,0.5,1822.0
56,0.5,1822.5
59,0.5,1823.0
56,0.5,1823.5
59,0.5,1824.0
57,0.5,1824.5
60,0.5,1825.0
57,0.5,1825.5
52,0.5,1826.0
59,0.5,1826.5
52,0.5,1827.0
57,0.5,1827.5
59,0.5,1828.0
56,0.5,1828.5
59,0.5,1829.0
56,0.5,1829.5
59,0.5,1830.0
56,0.5,1830.5
59,0.5,1831.0
56,0.5,1831.5
59,0.5,1832.0
56,0.5,1832.5
59,0.5,1833.0
56,0.5,1833.5
59,0.5,1834.0
56,0.5,1834.5
59,0.5,1835.0
56,0.5,1835.5
59,0.5,1836.0
57,0.5,1836.5
60,0.5,1837.0
57,0.5,1837.5
52,0.5,1838.0
59,0.5,1838.5
52,0.5,1839.0
53,0.5,1839.5
57,0.5,1840.0
53,0.5,1840.5
50,0.5,1841.0
53,0.5,1841.5
50,0.5,1842.0
52,0.5,1842.5
57,0.5,1843.0
52,0.5,1843.5
50,0.5,1844.0
52,0.5,1844.5
50,0.5,1845.0
48,0.5,1845.5
47,0.5,1846.0
48,0.5,1846.5
50,0.5,1847.0
48,0.5,1847.5
50,0.5,1848.0
52,0.5,1848.5
51,0.5,1849.0
52,0.5,1849.5
52,0.5,1850.0
52,0.5,1850.5
52,0.5,1851.0
45,1.5,1851.5
45,1.5,1853.0
45,1.5,1854.5
45,1.5,1856.0
40,1.5,1857.5
40,1.5,1859.0
45,1.5,1860.5
45,1.5,1862.0
45,1.5,1863.5
45,1.5,1865.0
40,1.5,1866.5
40,1.5,1868.0
45,3.0,1869.5
r,0.5,1869.5
56,0.5,1870.0
55,0.5,1870.5
53,0.5,1871.0
52,0.5,1871.5
51,0.5,1872.0
52,0.5,1872.5
59,0.5,1873.0
60,0.5,1873.5
62,0.5,1874.0
60,0.5,1874.5
59,0.5,1875.0
45,3.0,1875.5
r,0.5,1875.5
56,0.5,1876.0
55,0.5,1876.5
53,0.5,1877.0
52,0.5,1877.5
51,0.5,1878.0
52,0.5,1878.5
65,0.5,1879.0
64,0.5,1879.5
62,0.5,1880.0
60,0.5,1880.5
59,0.5,1881.0
45,1.0,1881.5
45,0.75,1882.5
r,0.25,1883.25
45,0.75,1883.5
r,0.25,1884.25
45,0.75,1884.5
r,0.25,1885.25
45,0.75,1885.5
r,0.25,1886.25
45,0.75,1886.5
r,0.25,1887.25
r,1.5,1887.5
r,1.5,1889.0
r,1.5,1890.5
r,0.25,1892.0
r,0.25,1892.25
r,0.25,1892.5
r,0.5,1892.75
r,0.25,1893.25
66,1.5,1893.5
66,1.5,1895.0
66,1.5,1896.5
66,1.5,1898.0
31,1.5,1899.5
43,1.5,1901.0
55,1.5,1902.5
67,0.25,1904.0
70,0.25,1904.25
74,0.25,1904.5
72,0.25,1904.75
71,0.25,1905.0
69,0.25,1905.25
68,1.5,1905.5
68,1.5,1907.0
68,1.5,1908.5
68,1.5,1910.0
33,1.5,1911.5
45,1.5,1913.0
57,1.5,1914.5
r,0.25,1916.0
45,0.25,1916.25
46,0.25,1916.5
43,0.25,1916.75
52,0.25,1917.0
50,0.25,1917.25
49,0.5,1917.5
r,0.25,1918.0
49,0.25,1918.25
55,0.25,1918.5
53,0.25,1918.75
52,0.5,1919.0
r,0.25,1919.5
52,0.25,1919.75
58,0.25,1920.0
57,0.25,1920.25
55,0.5,1920.5
r,0.25,1921.0
55,0.25,1921.25
64,0.25,1921.5
62,0.25,1921.75
61,0.5,1922.0
r,0.25,1922.5
41,0.25,1922.75
45,0.25,1923.0
43,0.25,1923.25
41,0.5,1923.5
r,0.25,1924.0
41,0.25,1924.25
53,0.25,1924.5
52,0.25,1924.75
50,0.5,1925.0
r,0.25,1925.5
50,0.25,1925.75
57,0.25,1926.0
55,0.25,1926.25
53,0.5,1926.5
r,0.25,1927.0
53,0.25,1927.25
65,0.25,1927.5
64,0.25,1927.75
62,0.25,1928.0
65,0.25,1928.25
68,0.5,1928.5
r,0.25,1929.0
r,0.25,1929.25
r,1.5,1929.5
r,1.5,1931.0
r,1.5,1932.5
r,0.25,1934.0
56,0.25,1934.25
55,0.25,1934.5
53,0.25,1934.75
51,0.25,1935.0
50,0.25,1935.25
48,0.5,1935.5
r,1.0,1936.0
r,1.5,1937.0
r,1.5,1938.5
r,0.75,1940.0
36,0.25,1940.75
48,0.25,1941.0
46,0.25,1941.25
45,0.5,1941.5
r,0.25,1942.0
45,0.25,1942.25
51,0.25,1942.5
49,0.25,1942.75
48,0.5,1943.0
r,0.25,1943.5
48,0.25,1943.75
54,0.25,1944.0
53,0.25,1944.25
51,0.5,1944.5
r,0.25,1945.0
51,0.25,1945.25
60,0.25,1945.5
58,0.25,1945.75
57,0.5,1946.0
r,0.25,1946.5
37,0.25,1946.75
49,0.25,1947.0
48,0.25,1947.25
46,0.5,1947.5
r,0.25,1948.0
46,0.25,1948.25
53,0.25,1948.5
51,0.25,1948.75
49,0.5,1949.0
r,0.25,1949.5
49,0.25,1949.75
61,0.25,1950.0
60,0.25,1950.25
58,0.5,1950.5
r,0.25,1951.0
58,0.25,1951.25
65,0.25,1951.5
63,0.25,1951.75
61,0.25,1952.0
65,0.25,1952.25
70,0.5,1952.5
r,0.25,1953.0
r,0.25,1953.25
r,1.5,1953.5
r,1.5,1955.0
r,1.5,1956.5
r,1.25,1958.0
r,0.25,1959.25
r,1.5,1959.5
r,1.5,1961.0
r,1.5,1962.5
r,1.25,1964.0
r,0.25,1965.25
r,1.5,1965.5
r,1.25,1967.0
r,0.25,1968.25
r,1.5,1968.5
r,1.25,1970.0
r,0.25,1971.25
r,1.5,1971.5
r,1.25,1973.0
r,0.25,1974.25
r,0.5,1974.5
r,1.0,1975.0
r,0.75,1976.0
r,0.5,1976.75
r,0.25,1977.25
46,1.5,1977.5
46,1.5,1979.0
46,1.5,1980.5
41,1.5,1982.0
41,1.5,1983.5
41,1.5,1985.0
41,1.5,1986.5
46,1.5,1988.0
46,1.5,1989.5
46,1.5,1991.0
46,1.5,1992.5
46,1.5,1994.0
46,1.5,1995.5
46,1.5,1997.0
46,1.5,1998.5
46,1.5,2000.0
46,1.5,2001.5
46,1.5,2003.0
45,1.5,2004.5
50,1.5,2006.0
45,1.5,2007.5
50,1.5,2009.0
45,1.5,2010.5
55,1.5,2012.0
49,1.5,2013.5
50,1.5,2015.0
45,1.5,2016.5
55,1.5,2018.0
49,1.5,2019.5
50,1.5,2021.0
50,1.5,2022.5
60,1.5,2024.0
54,1.5,2025.5
55,1.5,2027.0
50,1.5,2028.5
60,1.5,2030.0
54,1.5,2031.5
55,1.5,2033.0
49,1.5,2034.5
50,1.5,2036.0
54,1.5,2037.5
55,1.5,2039.0
49,1.5,2040.5
50,1.5,2042.0
49,1.5,2043.5
50,1.5,2045.0
49,1.5,2046.5
50,1.5,2048.0
45,0.5,2049.5
r,1.0,2050.0
r,1.5,2051.0
r,1.5,2052.5
r,1.5,2054.0
r,1.5,2055.5
r,1.5,2057.0
r,1.5,2058.5
r,1.5,2060.0
r,1.5,2061.5
r,1.5,2063.0
r,1.5,2064.5
r,1.5,2066.0
r,1.5,2067.5
r,1.5,2069.0
r,1.5,2070.5
r,0.25,2072.0
r,0.25,2072.25
r,0.25,2072.5
r,0.5,2072.75
r,0.25,2073.25
50,1.5,2073.5
50,1.5,2075.0
50,1.5,2076.5
45,1.5,2078.0
45,1.5,2079.5
45,1.5,2081.0
45,1.5,2082.5
50,1.5,2084.0
55,1.5,2085.5
51,1.5,2087.0
49,1.5,2088.5
50,1.5,2090.0
45,1.5,2091.5
45,1.5,2093.0
38,3.0,2094.5
55,1.5,2097.5
51,1.5,2099.0
48,1.5,2100.5
45,1.5,2102.0
46,1.5,2103.5
39,1.5,2105.0
41,1.5,2106.5
38,1.5,2108.0
43,1.5,2109.5
39,1.5,2111.0
41,1.5,2112.5
34,0.75,2114.0
29,0.25,2114.75
37,0.25,2115.0
36,0.25,2115.25
34,0.5,2115.5
r,0.25,2116.0
29,0.25,2116.25
37,0.25,2116.5
36,0.25,2116.75
34,0.5,2117.0
r,0.25,2117.5
29,0.25,2117.75
37,0.25,2118.0
36,0.25,2118.25
34,0.5,2118.5
r,0.25,2119.0
29,0.25,2119.25
37,0.25,2119.5
34,0.25,2119.75
36,1.5,2120.0
24,1.5,2120.0
29,0.25,2121.5
41,0.25,2121.5
r,0.25,2121.75
44,0.25,2122.0
r,0.25,2122.25
48,0.25,2122.5
r,0.25,2122.75
53,0.25,2123.0
r,0.25,2123.25
56,0.25,2123.5
r,0.25,2123.75
53,0.25,2124.0
r,0.25,2124.25
48,0.25,2124.5
r,0.25,2124.75
44,0.25,2125.0
r,0.25,2125.25
48,0.25,2125.5
r,0.25,2125.75
44,0.25,2126.0
r,0.25,2126.25
41,0.25,2126.5
36,0.25,2126.75
44,0.25,2127.0
43,0.25,2127.25
41,0.5,2127.5
r,0.25,2128.0
36,0.25,2128.25
44,0.25,2128.5
43,0.25,2128.75
41,0.5,2129.0
r,0.25,2129.5
36,0.25,2129.75
44,0.25,2130.0
43,0.25,2130.25
41,0.5,2130.5
r,0.25,2131.0
36,0.25,2131.25
44,0.25,2131.5
41,0.25,2131.75
31,1.5,2132.0
43,1.5,2132.0
36,0.25,2133.5
48,0.25,2133.5
r,0.25,2133.75
51,0.25,2134.0
r,0.25,2134.25
55,0.25,2134.5
r,0.25,2134.75
60,0.25,2135.0
r,0.25,2135.25
63,0.25,2135.5
r,0.25,2135.75
60,0.25,2136.0
r,0.25,2136.25
55,0.25,2136.5
r,0.25,2136.75
51,0.25,2137.0
r,0.25,2137.25
55,0.25,2137.5
r,0.25,2137.75
51,0.25,2138.0
r,0.25,2138.25
48,0.25,2138.5
31,0.25,2138.75
39,0.25,2139.0
38,0.25,2139.25
36,0.5,2139.5
r,0.25,2140.0
31,0.25,2140.25
39,0.25,2140.5
38,0.25,2140.75
36,0.5,2141.0
r,0.25,2141.5
31,0.25,2141.75
39,0.25,2142.0
38,0.25,2142.25
36,0.5,2142.5
r,0.25,2143.0
31,0.25,2143.25
39,0.25,2143.5
36,0.25,2143.75
38,1.5,2144.0
26,1.5,2144.0
31,0.25,2145.5
43,0.25,2145.5
r,0.25,2145.75
46,0.25,2146.0
r,0.25,2146.25
50,0.25,2146.5
r,0.25,2146.75
55,0.25,2147.0
r,0.25,2147.25
58,0.25,2147.5
r,0.25,2147.75
55,0.25,2148.0
r,0.25,2148.25
50,0.25,2148.5
r,0.25,2148.75
46,0.25,2149.0
r,0.25,2149.25
50,0.25,2149.5
r,0.25,2149.75
46,0.25,2150.0
r,0.25,2150.25
43,0.25,2150.5
38,0.25,2150.75
46,0.25,2151.0
45,0.25,2151.25
43,0.5,2151.5
r,0.25,2152.0
38,0.25,2152.25
46,0.25,2152.5
45,0.25,2152.75
43,0.5,2153.0
r,0.25,2153.5
38,0.25,2153.75
46,0.25,2154.0
45,0.25,2154.25
43,0.5,2154.5
r,0.25,2155.0
38,0.25,2155.25
46,0.25,2155.5
43,0.25,2155.75
34,1.5,2156.0
46,1.5,2156.0
45,0.5,2157.5
33,0.5,2157.5
52,0.5,2158.0
49,0.5,2158.5
52,0.5,2159.0
49,0.5,2159.5
52,0.5,2160.0
49,0.5,2160.5
52,0.5,2161.0
49,0.5,2161.5
52,0.5,2162.0
49,0.5,2162.5
52,0.5,2163.0
49,0.5,2163.5
52,0.5,2164.0
49,0.5,2164.5
52,0.5,2165.0
49,0.5,2165.5
52,0.5,2166.0
50,0.5,2166.5
53,0.5,2167.0
50,0.5,2167.5
45,0.5,2168.0
52,0.5,2168.5
45,0.5,2169.0
50,0.5,2169.5
52,0.5,2170.0
49,0.5,2170.5
52,0.5,2171.0
49,0.5,2171.5
52,0.5,2172.0
49,0.5,2172.5
52,0.5,2173.0
49,0.5,2173.5
52,0.5,2174.0
49,0.5,2174.5
52,0.5,2175.0
49,0.5,2175.5
52,0.5,2176.0
49,0.5,2176.5
52,0.5,2177.0
49,0.5,2177.5
52,0.5,2178.0
50,0.5,2178.5
53,0.5,2179.0
50,0.5,2179.5
45,0.5,2180.0
52,0.5,2180.5
45,0.5,2181.0
46,0.5,2181.5
50,0.5,2182.0
46,0.5,2182.5
43,0.5,2183.0
46,0.5,2183.5
43,0.5,2184.0
45,0.5,2184.5
50,0.5,2185.0
45,0.5,2185.5
43,0.5,2186.0
45,0.5,2186.5
43,0.5,2187.0
41,0.5,2187.5
40,0.5,2188.0
41,0.5,2188.5
43,0.5,2189.0
41,0.5,2189.5
43,0.5,2190.0
45,0.5,2190.5
44,0.5,2191.0
45,0.5,2191.5
45,0.5,2192.0
45,0.5,2192.5
45,0.5,2193.0
38,1.5,2193.5
38,1.5,2195.0
38,1.5,2196.5
38,1.5,2198.0
33,1.5,2199.5
33,1.5,2201.0
38,1.5,2202.5
38,1.5,2204.0
38,1.5,2205.5
38,1.5,2207.0
33,1.5,2208.5
33,1.5,2210.0
50,3.0,2211.5
r,0.5,2211.5
61,0.5,2212.0
60,0.5,2212.5
58,0.5,2213.0
57,0.5,2213.5
56,0.5,2214.0
57,0.5,2214.5
64,0.5,2215.0
65,0.5,2215.5
67,0.5,2216.0
65,0.5,2216.5
64,0.5,2217.0
50,3.0,2217.5
r,0.5,2217.5
61,0.5,2218.0
60,0.5,2218.5
58,0.5,2219.0
57,0.5,2219.5
56,0.5,2220.0
57,0.5,2220.5
64,0.5,2221.0
65,0.5,2221.5
67,0.5,2222.0
65,0.5,2222.5
64,0.5,2223.0
50,0.75,2223.5
r,0.25,2224.25
50,0.75,2224.5
r,0.25,2225.25
50,0.75,2225.5
r,0.25,2226.25
50,0.75,2226.5
r,0.25,2227.25
50,0.75,2227.5
r,0.25,2228.25
50,0.75,2228.5
r,0.25,2229.25
r,1/6,2229.5
r,4/3,6689/3
r,1.5,2231.0
r,1.5,2232.5
r,0.5,2234.0
r,0.25,2234.5
r,0.5,2234.75
r,0.25,2235.25
66,1.5,2235.5
66,1.5,2237.0
66,1.5,2238.5
66,1.5,2240.0
55,1.5,2241.5
55,1.5,2243.0
55,1.5,2244.5
55,1.5,2246.0
68,1.5,2247.5
68,1.5,2249.0
68,1.5,2250.5
68,1.5,2252.0
57,1.5,2253.5
57,1.5,2255.0
57,1.5,2256.5
57,1.5,2258.0
57,1.5,2259.5
57,1.5,2261.0
57,1.5,2262.5
57,1.5,2264.0
57,1.5,2265.5
57,1.5,2267.0
57,1.5,2268.5
57,1.5,2270.0
57,1.5,2271.5
57,1.5,2273.0
57,1.5,2274.5
57,1.5,2276.0
50,1.5,2277.5
50,1.5,2279.0
50,1.5,2280.5
45,1.5,2282.0
45,1.5,2283.5
45,1.5,2285.0
45,1.5,2286.5
50,1.5,2288.0
55,1.5,2289.5
51,1.5,2291.0
49,1.5,2292.5
50,1.5,2294.0
45,1.5,2295.5
45,1.5,2297.0
38,0.5,2298.5
r,1.0,2299.0
r,1.25,2300.0
r,0.25,2301.25
55,1.5,2301.5
51,1.5,2303.0
49,1.5,2304.5
50,1.5,2306.0
45,1.5,2307.5
45,1.5,2309.0
50,3.0,2310.5
45,1.5,2313.5
45,1.5,2315.0
50,3.0,2316.5
45,1.5,2319.5
45,1.5,2321.0
50,0.5,2322.5
r,0.5,2323.0
r,0.5,2323.5
r,0.25,2324.0
r,1/12,2324.25
r,7/6,6973/3
r,1.0,2325.5
r,0.25,2326.5
r,0.25,2326.75
r,0.75,2327.0
r,0.25,2327.75
r,0.5,2328.0
50,1.5,2328.5
45,1.5,2330.0
50,1.5,2331.5
45,1.5,2333.0
50,1.5,2334.5
45,1.5,2336.0
50,1.5,2337.5
45,1.5,2339.0
50,1.5,2340.5
50,1.5,2342.0
50,1.5,2343.5
50,1.5,2345.0
50,1.5,2346.5
r,0.25,2348.0
r,1.0,2348.25
r,0.25,2349.25
r,0.25,2349.5
r,1.25,2349.75
