61,1.0,0.0
58,1.0,0.0
42,2.0,0.0
30,2.0,0.0
r,1.75,0.0
61,1.0,1.0
66,1.0,1.0
58,1.0,1.0
65,0.25,1.75
68,0.25,1.75
59,0.25,1.75
65,1.0,2.0
68,1.0,2.0
59,1.0,2.0
30,2.0,2.0
42,2.0,2.0
r,2.0,2.0
70,0.5,3.0
66,0.5,3.0
61,0.5,3.0
70,0.25,3.5
64,0.25,3.5
61,0.25,3.5
r,0.25,3.75
66,1.0,4.0
63,1.0,4.0
71,0.5,4.0
30,2.0,4.0
42,2.0,4.0
73,0.25,4.5
71,0.25,4.5
70,0.25,4.75
71,0.25,4.75
65,0.75,5.0
68,0.75,5.0
75,0.75,5.0
r,1.25,5.0
73,0.25,5.75
71,0.25,5.75
66,1.0,6.0
30,1.0,6.0
42,1.0,6.0
r,1/3,6.0
70,0.25,6.25
75,0.25,6.25
73,0.25,19/3
73,0.25,6.5
r,17/12,79/12
r,1.25,6.75
70,0.75,7.0
71,0.25,7.75
42,0.5,8.0
42,3.0,8.0
73,1.0,8.0
54,0.5,8.5
66,1.0,9.0
61,1.0,9.0
58,0.5,9.0
54,0.5,9.5
59,0.5,10.0
61,1.0,10.0
65,1.0,10.0
54,0.5,10.5
61,1.0,11.0
66,1.0,11.0
42,1.0,11.0
58,0.5,11.0
r,1.0,11.0
54,0.5,11.5
71,3.0,12.0
61,3.0,12.0
59,3.0,12.0
65,3.0,12.0
56,0.5,12.0
49,0.5,12.5
56,0.5,13.0
49,0.5,13.5
56,0.5,14.0
49,0.5,14.5
53,0.5,15.0
56,1.0,15.0
68,1.0,15.0
61,1.0,15.0
49,0.5,15.5
42,0.5,16.0
58,1.0,16.0
61,1.0,16.0
70,1.0,16.0
54,0.5,16.5
75,1.0,17.0
63,1.0,17.0
47,0.5,17.0
54,0.5,17.5
46,0.5,18.0
61,1.0,18.0
73,1.0,18.0
54,0.5,18.5
51,0.5,19.0
66,1.0,19.0
78,1.0,19.0
54,0.5,19.5
65,1.0,20.0
42,1.0,20.0
77,1.0,20.0
49,0.5,20.0
54,0.5,20.5
63,1.0,21.0
42,1.0,21.0
75,1.0,21.0
47,0.5,21.0
54,0.5,21.5
73,1.0,22.0
61,1.0,22.0
42,1.0,22.0
46,0.5,22.0
54,0.5,22.5
70,0.25,23.0
71,0.25,23.0
r,1.0,23.0
r,0.25,23.25
70,0.25,23.5
66,0.25,23.75
71,0.25,23.75
r,0.25,24.0
r,1.0,24.0
73,0.25,24.25
71,0.25,24.5
68,0.25,24.5
r,0.25,24.75
49,0.25,25.0
65,1.0,25.0
53,0.25,25.25
56,0.25,25.5
59,0.25,25.5
r,0.25,25.75
47,1.0,26.0
r,2.0,26.0
71,0.25,27.0
73,0.25,27.0
r,0.25,27.25
71,0.25,27.5
68,0.25,27.75
73,0.25,28.0
r,1.0,28.0
75,0.25,28.25
73,0.25,28.25
r,0.25,28.5
70,0.25,28.75
46,0.25,29.0
66,1.0,29.0
49,0.25,29.25
54,0.25,29.5
58,0.25,29.5
r,0.25,29.75
46,1.0,30.0
r,2.0,30.0
42,1/3,31.0
78,1/3,31.0
44,1/3,94/3
77,1/3,94/3
46,1/3,95/3
75,1/3,95/3
47,2.0,32.0
73,1/3,32.0
r,2.0,32.0
71,1/3,97/3
70,1/3,98/3
68,1/3,33.0
66,1/3,100/3
65,1/3,101/3
63,1/3,34.0
49,1.0,34.0
49,2.0,34.0
61,1/3,103/3
60,1/3,104/3
59,1.0,35.0
61,1/3,35.0
63,1/3,106/3
65,1/3,107/3
66,1.0,36.0
61,1.0,36.0
54,1.0,36.0
58,1.0,36.0
61,1.0,37.0
56,1.0,37.0
68,1.0,37.0
65,1.0,37.0
49,1.0,37.0
70,1.0,38.0
54,1.0,38.0
42,1.0,38.0
61,1.0,38.0
66,1.0,38.0
r,0.5,39.0
r,0.5,39.5
70,2/3,40.0
58,2/3,40.0
66,2/3,40.0
54,2/3,40.0
61,2/3,40.0
r,1/3,122/3
r,0.5,41.0
r,0.5,41.5
56,2/3,42.0
47,2/3,42.0
71,2/3,42.0
51,2/3,42.0
63,2/3,42.0
68,2/3,42.0
r,1/3,128/3
r,0.5,43.0
r,0.5,43.5
65,1.0,44.0
61,1.0,44.0
68,1.0,44.0
49,1.0,44.0
42,1.0,45.0
61,1.0,45.0
66,1.0,45.0
70,1.0,45.0
37,1.0,46.0
71,1.0,46.0
68,1.0,46.0
61,1.0,46.0
r,0.5,47.0
r,0.5,47.5
53,2/3,48.0
56,2/3,48.0
59,2/3,48.0
61,2/3,48.0
68,2/3,48.0
71,2/3,48.0
r,1/3,146/3
r,0.5,49.0
r,0.5,49.5
73,2/3,50.0
61,2/3,50.0
49,2/3,50.0
53,2/3,50.0
56,2/3,50.0
59,2/3,50.0
65,2/3,50.0
68,2/3,50.0
r,1/3,152/3
r,0.5,51.0
r,0.5,51.5
70,1.0,52.0
61,1.0,52.0
66,1.0,52.0
54,1.0,52.0
58,1.0,52.0
r,3.0,52.0
73,0.25,53.0
75,0.25,53.25
73,0.25,53.25
r,0.25,53.5
70,0.25,53.75
78,2.25,54.0
66,1.0,55.0
70,1.0,55.0
68,3.0,56.0
71,3.0,56.0
r,0.25,56.0
77,0.25,56.25
78,0.25,56.5
77,0.25,56.5
75,0.25,56.75
77,0.75,57.0
78,0.25,57.75
80,1.0,58.0
77,1.0,59.0
68,1.0,59.0
71,1.0,59.0
r,1.0,59.0
74,1/3,60.0
68,2.0,60.0
70,2.0,60.0
r,0.25,60.0
83,1/3,60.25
r,1/6,181/3
82,0.25,60.5
74,0.25,60.5
r,13/6,727/12
r,0.25,60.75
74,0.25,61.0
83,0.25,61.0
r,0.25,61.25
82,0.25,61.5
74,0.25,61.5
r,0.25,61.75
65,1.0,62.0
68,1.0,62.0
74,0.25,62.0
83,0.25,62.0
r,0.25,62.25
82,1/3,62.5
74,0.25,62.75
74,0.25,62.75
r,5/12,377/6
58,1.0,63.0
65,1.0,63.0
68,1.0,63.0
r,1.0,63.0
83,0.25,63.25
82,0.25,63.25
r,0.25,63.5
74,0.25,63.75
75,1/3,64.0
75,0.75,64.0
66,1.25,64.0
63,1.25,64.0
58,1.25,64.0
r,0.25,64.0
83,1/3,64.25
r,1/6,193/3
82,0.25,64.5
75,0.25,64.5
r,5/12,775/12
r,0.25,64.75
r,0.25,64.75
62,1.25,65.0
56,1.25,65.0
65,1.25,65.0
77,1/3,65.0
77,0.75,65.0
83,1/3,65.25
r,1/6,196/3
82,0.25,65.5
77,0.25,65.5
r,5/12,787/12
r,0.25,65.75
r,2.25,65.75
78,1/3,66.0
58,0.75,66.0
78,0.75,66.0
54,0.75,66.0
63,0.75,66.0
83,1/3,66.25
r,1/6,199/3
82,0.25,66.5
78,0.25,66.5
r,5/12,799/12
r,0.25,66.75
r,1.25,66.75
87,0.25,67.0
58,1.0,67.0
54,1.0,67.0
63,1.0,67.0
87,1.0,67.0
82,0.25,67.25
78,0.25,67.5
75,0.25,67.75
84,1/3,68.0
84,1/3,68.0
78,1/3,68.0
63,1.0,68.0
57,1.0,68.0
54,1.0,68.0
r,0.75,68.0
r,1/6,205/3
75,1/3,68.5
84,0.25,68.75
r,1/6,413/6
87,1/3,69.0
87,2/3,69.0
54,2/3,69.0
56,2/3,69.0
63,2/3,69.0
r,0.25,69.0
78,1/3,69.25
r,1/6,208/3
75,0.25,69.5
85,0.25,69.5
r,2/3,835/12
r,1/3,209/3
85,0.25,69.75
84,0.5,70.0
84,0.5,70.0
54,1.0,70.0
57,1.0,70.0
63,1.0,70.0
78,1/3,70.25
75,1/3,70.5
r,1/6,847/12
84,0.25,70.75
r,1/6,425/6
63,0.75,71.0
54,0.75,71.0
56,0.75,71.0
87,0.75,71.0
87,0.25,71.0
78,0.25,71.0
r,1.0,71.0
r,0.25,71.25
75,0.25,71.5
85,0.25,71.75
85,0.25,71.75
r,0.25,71.75
84,0.5,72.0
84,0.5,72.0
63,1.25,72.0
54,1.25,72.0
57,1.25,72.0
r,0.25,72.0
78,0.25,72.25
75,0.25,72.25
r,0.25,72.5
r,0.5,72.5
84,0.25,72.75
87,1/3,73.0
63,2/3,73.0
87,2/3,73.0
54,2/3,73.0
56,2/3,73.0
78,1/3,73.25
r,1/6,220/3
75,1/3,73.5
r,1/6,883/12
r,1/3,221/3
87,1/3,73.75
r,1/6,443/6
80,1/3,74.0
78,1/3,74.0
80,1.0,74.0
r,2/3,889/12
r,1/6,223/3
75,1/3,74.5
80,0.25,74.75
82,0.25,74.75
r,1/6,449/6
58,2/3,75.0
82,2/3,75.0
63,2/3,75.0
54,2/3,75.0
r,0.25,75.0
r,1.0,75.0
78,0.25,75.25
75,0.25,75.5
r,1/12,227/3
82,1/3,75.75
r,0.25,75.75
54,1.0,76.0
57,1.0,76.0
63,1.0,76.0
84,0.25,76.0
84,0.25,76.0
78,0.25,76.0
r,0.75,76.0
r,0.25,76.25
75,1/3,76.5
84,0.25,76.75
r,1/6,461/6
87,1/3,77.0
63,2/3,77.0
54,2/3,77.0
87,2/3,77.0
56,2/3,77.0
r,0.25,77.0
78,1/3,77.25
r,1/6,232/3
75,0.25,77.5
85,0.25,77.5
85,0.25,77.5
r,2/3,931/12
r,1/3,233/3
r,0.25,77.75
84,0.5,78.0
84,0.5,78.0
54,1.0,78.0
57,1.0,78.0
63,1.0,78.0
78,0.25,78.25
75,0.25,78.25
r,0.25,78.5
r,1.5,78.5
84,0.25,78.75
87,0.25,79.0
56,0.75,79.0
54,0.75,79.0
63,0.75,79.0
87,0.75,79.0
78,0.25,79.25
75,0.25,79.5
85,0.25,79.5
85,0.25,79.75
r,0.25,79.75
84,0.5,80.0
84,0.5,80.0
57,1.0,80.0
54,1.0,80.0
63,1.0,80.0
r,0.25,80.0
78,0.25,80.25
75,0.25,80.25
r,0.25,80.5
r,0.75,80.5
84,0.25,80.75
56,0.75,81.0
54,0.75,81.0
63,0.75,81.0
87,0.75,81.0
87,1/3,81.0
78,1/3,81.25
r,1/6,244/3
75,1/3,81.5
r,5/12,979/12
87,1/3,81.75
r,1/6,491/6
80,1/3,82.0
78,1/3,82.0
80,1.0,82.0
r,5/12,985/12
r,5/12,247/3
75,1/3,82.5
80,1/3,82.75
r,1/6,497/6
63,0.75,83.0
58,0.75,83.0
54,0.75,83.0
82,0.75,83.0
82,0.25,83.0
78,0.25,83.0
r,5/12,997/12
r,0.75,83.25
75,0.25,83.5
82,0.25,83.75
84,0.25,83.75
r,0.25,83.75
63,1.25,84.0
56,1.25,84.0
54,1.25,84.0
84,0.25,84.0
80,0.25,84.0
r,1.0,84.0
r,0.25,84.25
75,0.25,84.5
84,0.25,84.5
r,0.25,84.75
61,1.0,85.0
53,1.0,85.0
56,1.0,85.0
85,0.25,85.0
80,0.25,85.25
r,2.75,85.25
73,0.25,85.5
85,0.25,85.5
r,0.25,85.75
85,0.25,86.0
56,1.0,86.0
61,1.0,86.0
53,1.0,86.0
80,0.25,86.25
73,0.25,86.5
85,0.25,86.75
85,0.25,86.75
61,1.0,87.0
56,1.0,87.0
53,1.0,87.0
r,0.25,87.0
80,0.25,87.25
73,0.25,87.5
85,0.25,87.75
85,0.25,88.0
61,1.0,88.0
55,1.0,88.0
52,1.0,88.0
79,0.25,88.25
73,0.25,88.25
r,0.25,88.5
85,0.25,88.75
61,1.0,89.0
55,1.0,89.0
52,1.0,89.0
85,0.25,89.0
79,0.25,89.0
r,0.25,89.25
73,0.25,89.5
85,0.25,89.5
r,0.25,89.75
61,1.0,90.0
52,1.0,90.0
55,1.0,90.0
85,0.25,90.0
79,0.25,90.0
r,0.25,90.25
73,0.25,90.5
85,0.25,90.75
85,0.25,91.0
61,1.0,91.0
52,1.0,91.0
55,1.0,91.0
79,0.25,91.25
73,0.25,91.25
r,0.25,91.5
85,0.25,91.75
45,1.0,92.0
49,1.0,92.0
55,1.0,92.0
52,1.0,92.0
85,0.25,92.0
79,0.25,92.25
73,0.25,92.25
r,0.25,92.5
85,0.25,92.75
85,0.25,93.0
45,1.0,93.0
49,1.0,93.0
52,1.0,93.0
55,1.0,93.0
79,0.25,93.25
73,0.25,93.25
r,0.25,93.5
85,0.25,93.75
55,1.0,94.0
45,1.0,94.0
49,1.0,94.0
52,1.0,94.0
85,0.25,94.0
79,0.25,94.0
r,0.25,94.25
73,0.25,94.5
85,0.25,94.5
r,0.25,94.75
45,1.0,95.0
49,1.0,95.0
52,1.0,95.0
55,1.0,95.0
85,0.25,95.0
79,0.25,95.25
73,0.25,95.25
r,0.25,95.5
85,0.25,95.75
65,0.25,95.75
63,0.25,95.75
56,4.0,96.0
85,0.25,96.0
65,0.25,96.0
r,2.75,96.0
63,0.25,96.25
78,0.25,96.25
65,0.25,96.25
73,0.25,96.5
63,0.25,96.5
65,0.25,96.5
85,0.25,96.5
63,0.25,96.75
65,0.25,96.75
63,0.25,97.0
85,0.25,97.0
65,0.25,97.0
63,0.25,97.0
78,0.25,97.25
65,0.25,97.25
63,0.25,97.25
73,0.25,97.5
65,0.25,97.5
63,0.25,97.75
85,0.25,97.75
65,0.25,97.75
63,0.25,98.0
84,0.25,98.0
65,0.25,98.0
63,0.25,98.0
78,1/3,98.25
65,1/3,98.25
63,1/3,98.25
72,1/3,98.25
r,1/12,1183/12
65,0.25,296/3
63,0.25,296/3
84,0.25,296/3
65,0.25,98.75
63,0.25,98.75
84,0.25,98.75
r,1/3,1187/12
r,0.25,99.0
65,0.25,99.25
63,0.25,99.25
65,0.25,99.25
78,1/3,99.25
65,1/3,99.25
63,1/3,99.25
72,1/3,99.25
r,1/6,99.5
r,5/12,1195/12
65,0.25,299/3
84,0.25,299/3
63,0.25,299/3
61,0.25,299/3
r,1/12,1199/12
63,0.25,100.0
49,1.0,100.0
85,1.0,100.0
77,1.0,100.0
61,1.0,100.0
73,1.0,100.0
r,1.75,100.25
r,3.0,101.0
61,1/3,102.0
77,1/3,102.0
63,1/3,307/3
73,1/3,307/3
65,1/3,308/3
68,1/3,308/3
70,1/3,103.0
66,1/3,103.0
73,1/3,310/3
61,1/3,310/3
66,1/3,311/3
70,1/3,311/3
68,1/3,104.0
61,1.0,104.0
65,1.0,104.0
73,1/3,313/3
75,1/3,314/3
77,1/3,105.0
r,2.0,105.0
73,1/3,316/3
80,1/3,317/3
77,1/3,106.0
49,1/3,106.0
73,1/3,319/3
51,1/3,319/3
68,1/3,320/3
53,1/3,320/3
44,1.0,107.0
66,1/3,107.0
54,1/3,107.0
63,1/3,322/3
51,1/3,322/3
56,1/3,323/3
68,1/3,323/3
49,1.0,108.0
53,1.0,108.0
65,1.0,108.0
r,4/3,108.0
68,0.5,109.0
73,0.5,328/3
r,1/6,109.5
75,0.5,329/3
r,1/6,659/6
61,0.5,110.0
77,0.5,110.0
r,1/6,661/6
63,0.5,331/3
73,0.5,331/3
r,1/6,110.5
68,1/3,332/3
65,1/3,332/3
r,1/6,665/6
70,1/3,111.0
66,1/3,111.0
r,1.0,111.0
73,1/3,334/3
61,1/3,334/3
70,1/3,335/3
66,1/3,335/3
61,1.0,112.0
65,1.0,112.0
68,0.5,112.0
r,1/3,112.0
73,0.5,337/3
r,1/6,112.5
75,0.5,338/3
r,19/6,677/6
77,0.5,113.0
r,1/6,679/6
73,0.5,340/3
r,1/6,113.5
80,0.25,341/3
r,7/6,683/6
r,1/12,1367/12
68,4/3,114.0
65,4/3,114.0
58,4/3,114.0
74,4/3,114.0
66,2/3,115.0
63,2/3,115.0
75,2/3,115.0
51,2/3,115.0
r,2/3,346/3
r,1/3,347/3
63,2.0,116.0
56,2.0,116.0
66,5/3,116.0
72,5/3,116.0
r,1/3,353/3
54,2.0,118.0
44,2.0,118.0
51,2.0,118.0
66,0.25,118.0
68,0.25,118.0
r,0.25,118.25
66,0.25,118.5
65,0.25,118.5
r,0.25,118.75
66,0.25,119.0
75,0.25,119.25
73,0.25,119.25
r,0.25,119.5
72,0.25,119.75
73,1/3,120.0
53,1.0,120.0
49,1.0,120.0
r,0.25,120.0
68,0.25,120.25
r,1/6,361/3
73,0.25,120.5
77,0.25,120.5
r,3.5,120.5
r,0.25,120.75
80,1/3,121.0
r,0.25,121.0
85,0.25,121.25
r,1/6,364/3
89,0.25,121.5
87,0.25,121.5
r,1.5,121.5
r,0.25,121.75
70,4/3,122.0
86,4/3,122.0
77,4/3,122.0
80,4/3,122.0
63,2/3,123.0
75,2/3,123.0
78,2/3,123.0
87,2/3,123.0
r,2/3,370/3
r,1/3,371/3
78,5/3,124.0
84,5/3,124.0
68,2.0,124.0
75,2.0,124.0
r,1/3,377/3
56,2.0,126.0
63,2.0,126.0
66,2.0,126.0
78,0.25,126.0
80,0.25,126.0
r,0.25,126.25
78,0.25,126.5
77,0.25,126.75
78,0.25,126.75
r,0.25,127.0
87,0.25,127.25
85,0.25,127.25
r,0.25,127.5
84,0.25,127.75
61,1.0,128.0
65,1.0,128.0
85,0.25,128.0
80,0.25,128.25
77,0.25,128.25
r,0.25,128.5
73,0.25,128.75
68,0.25,129.0
r,1.0,129.0
73,0.25,129.25
68,0.25,129.25
r,0.25,129.5
65,0.25,129.75
66,0.25,130.0
68,0.25,130.0
51,2.0,130.0
54,2.0,130.0
44,2.0,130.0
r,0.25,130.25
66,0.25,130.5
65,0.25,130.75
66,0.25,131.0
75,0.25,131.25
73,0.25,131.25
r,0.25,131.5
72,0.25,131.75
49,1.0,132.0
53,1.0,132.0
73,0.25,132.0
68,0.25,132.25
65,0.25,132.25
r,0.25,132.5
61,0.25,132.75
56,0.25,133.0
61,0.25,133.0
r,2.0,133.0
r,0.25,133.25
56,0.25,133.5
53,0.25,133.75
42,0.25,133.75
r,0.25,134.0
44,0.25,134.25
42,0.25,134.5
41,0.25,134.5
r,0.25,134.75
42,0.25,135.0
63,1.0,135.0
56,1.0,135.0
60,1.0,135.0
66,1.0,135.0
44,0.25,135.25
46,0.25,135.5
48,0.25,135.5
r,0.25,135.75
49,0.25,136.0
r,1.25,136.0
51,0.25,136.25
53,0.25,136.25
r,0.25,136.5
54,0.25,136.75
56,0.25,136.75
63,1.0,137.0
60,1.0,137.0
66,1.0,137.0
54,0.25,137.25
53,0.25,137.5
51,0.25,137.75
49,0.25,138.0
48,0.25,138.0
r,1.0,138.0
r,0.25,138.25
46,0.25,138.5
44,0.25,138.5
r,0.25,138.75
68,1.0,139.0
66,1.0,139.0
60,1.0,139.0
63,1.0,139.0
46,0.25,139.0
44,0.25,139.25
46,0.25,139.5
48,0.25,139.75
49,0.25,140.0
51,0.25,140.0
r,1.0,140.0
r,0.25,140.25
53,0.25,140.5
54,0.25,140.5
r,0.25,140.75
61,1.0,141.0
65,1.0,141.0
59,1.0,141.0
68,1.0,141.0
56,0.25,141.0
54,0.25,141.25
53,0.25,141.5
54,0.25,141.5
r,1.25,141.75
56,0.25,142.0
54,0.25,142.25
53,0.25,142.5
51,0.25,142.5
r,0.25,142.75
58,0.75,143.0
70,0.75,143.0
49,0.25,143.0
47,0.25,143.0
r,0.25,143.25
46,0.25,143.5
44,0.25,143.5
59,0.25,143.75
71,0.25,143.75
r,0.25,143.75
42,0.5,144.0
61,1.0,144.0
73,1.0,144.0
54,0.5,144.5
66,1.0,145.0
61,1.0,145.0
58,0.5,145.0
54,0.5,145.5
65,1.0,146.0
61,1.0,146.0
59,0.5,146.0
54,0.5,146.5
66,1.0,147.0
61,1.0,147.0
58,0.5,147.0
54,0.5,147.5
71,3.0,148.0
65,3.0,148.0
61,3.0,148.0
59,3.0,148.0
56,0.5,148.0
49,0.5,148.5
56,0.5,149.0
49,0.5,149.5
56,0.5,150.0
49,0.5,150.5
68,1.0,151.0
56,1.0,151.0
61,1.0,151.0
53,0.5,151.0
49,0.5,151.5
70,1.0,152.0
58,1.0,152.0
61,1.0,152.0
42,0.5,152.0
54,0.5,152.5
75,1.0,153.0
63,1.0,153.0
47,0.5,153.0
54,0.5,153.5
73,1.0,154.0
61,1.0,154.0
46,0.5,154.0
54,0.5,154.5
51,0.5,155.0
66,1.0,155.0
78,1.0,155.0
54,0.5,155.5
65,1.0,156.0
77,1.0,156.0
42,1.0,156.0
49,0.5,156.0
54,0.5,156.5
75,1.0,157.0
42,1.0,157.0
63,1.0,157.0
47,0.5,157.0
54,0.5,157.5
46,0.5,158.0
42,1.0,158.0
61,1.0,158.0
73,1.0,158.0
54,0.5,158.5
70,0.25,159.0
r,1.0,159.0
71,0.25,159.25
70,0.25,159.25
r,0.25,159.5
66,0.25,159.75
71,0.25,160.0
r,1.25,160.0
73,0.25,160.25
71,0.25,160.25
r,0.25,160.5
68,0.25,160.75
49,0.25,160.75
65,1.0,161.0
53,0.25,161.25
56,0.25,161.5
59,0.25,161.5
r,2.25,161.75
47,1.0,162.0
71,0.25,163.0
73,0.25,163.25
71,0.25,163.5
68,0.25,163.75
73,0.25,164.0
75,0.25,164.0
r,1.0,164.0
r,0.25,164.25
73,0.25,164.5
70,0.25,164.5
r,0.25,164.75
46,0.25,165.0
66,1.0,165.0
49,0.25,165.25
54,0.25,165.25
r,0.25,165.5
58,0.25,165.75
46,1.0,166.0
r,2.0,166.0
42,1/3,167.0
78,1/3,167.0
77,1/3,502/3
44,1/3,502/3
75,1/3,503/3
46,1/3,503/3
47,2.0,168.0
73,1/3,168.0
r,2.0,168.0
71,1/3,505/3
70,1/3,506/3
68,1/3,169.0
66,1/3,508/3
65,1/3,509/3
49,1.0,170.0
49,2.0,170.0
63,1/3,170.0
61,1/3,511/3
60,1/3,512/3
59,1.0,171.0
61,1/3,171.0
63,1/3,514/3
65,1/3,515/3
61,1.0,172.0
66,1.0,172.0
54,1.0,172.0
58,1.0,172.0
68,1.0,173.0
61,1.0,173.0
56,1.0,173.0
49,1.0,173.0
65,1.0,173.0
42,1.0,174.0
66,1.0,174.0
54,1.0,174.0
61,1.0,174.0
70,1.0,174.0
r,0.5,175.0
r,0.5,175.5
66,2/3,176.0
54,2/3,176.0
58,2/3,176.0
61,2/3,176.0
70,2/3,176.0
r,1/3,530/3
r,0.5,177.0
r,0.5,177.5
71,2/3,178.0
51,2/3,178.0
63,2/3,178.0
47,2/3,178.0
56,2/3,178.0
68,2/3,178.0
r,1/3,536/3
r,0.5,179.0
r,0.5,179.5
68,1.0,180.0
49,1.0,180.0
61,1.0,180.0
65,1.0,180.0
61,1.0,181.0
42,1.0,181.0
66,1.0,181.0
70,1.0,181.0
68,1.0,182.0
61,1.0,182.0
37,1.0,182.0
71,1.0,182.0
r,0.5,183.0
r,0.5,183.5
71,2/3,184.0
61,2/3,184.0
59,2/3,184.0
53,2/3,184.0
56,2/3,184.0
68,2/3,184.0
r,1/3,554/3
r,0.5,185.0
r,0.5,185.5
73,2/3,186.0
65,2/3,186.0
68,2/3,186.0
49,2/3,186.0
53,2/3,186.0
56,2/3,186.0
59,2/3,186.0
61,2/3,186.0
r,1/3,560/3
r,0.5,187.0
r,0.5,187.5
61,1.0,188.0
54,1.0,188.0
58,1.0,188.0
70,1.0,188.0
66,1.0,188.0
r,3.0,188.0
73,0.25,189.0
75,0.25,189.25
73,0.25,189.25
r,0.25,189.5
70,0.25,189.75
78,2.25,190.0
70,1.0,191.0
66,1.0,191.0
68,3.0,192.0
71,3.0,192.0
r,0.25,192.0
77,0.25,192.25
78,0.25,192.25
r,1/6,192.5
77,0.25,578/3
75,0.25,578/3
r,1/12,2315/12
77,0.75,193.0
78,0.25,193.75
80,1.0,194.0
77,1.0,195.0
68,1.0,195.0
71,1.0,195.0
r,1.0,195.0
74,1/3,196.0
70,2.0,196.0
68,2.0,196.0
r,0.25,196.0
83,1/3,196.25
r,1/6,589/3
82,1/3,196.5
r,1/6,2359/12
74,0.25,196.75
r,1/6,1181/6
74,0.25,197.0
83,0.25,197.0
r,1.25,197.0
r,0.25,197.25
82,0.25,197.5
74,0.25,197.5
r,0.25,197.75
74,1/3,198.0
65,1.0,198.0
68,1.0,198.0
83,0.25,198.25
82,0.25,198.25
r,5/12,595/3
r,1.5,198.5
74,0.25,198.75
74,0.25,199.0
68,1.0,199.0
65,1.0,199.0
58,1.0,199.0
83,0.25,199.25
82,0.25,199.25
r,0.25,199.5
74,0.25,199.75
63,1.25,200.0
58,1.25,200.0
66,1.25,200.0
75,1/3,200.0
83,1/3,200.0
75,0.75,200.0
r,1.0,200.0
r,1/6,601/3
82,1/3,200.5
75,0.25,200.75
r,1/6,1205/6
65,1.25,201.0
56,1.25,201.0
62,1.25,201.0
77,1/3,201.0
77,0.75,201.0
83,0.25,201.25
82,0.25,201.25
r,2/3,604/3
r,0.25,201.5
77,0.25,201.75
r,2.25,201.75
78,1/3,202.0
78,0.75,202.0
58,0.75,202.0
54,0.75,202.0
63,0.75,202.0
83,1/3,202.25
r,1/6,607/3
82,0.25,202.5
78,0.25,202.5
r,5/12,2431/12
r,0.25,202.75
r,1.25,202.75
87,0.25,203.0
54,1.0,203.0
58,1.0,203.0
63,1.0,203.0
87,1.0,203.0
82,0.25,203.25
78,0.25,203.25
r,0.25,203.5
75,0.25,203.75
84,0.5,204.0
84,0.5,204.0
54,1.25,204.0
63,1.25,204.0
57,1.25,204.0
r,0.25,204.0
78,1/3,204.25
75,1/3,204.5
r,1/6,2455/12
84,0.25,204.75
r,1/6,1229/6
54,0.75,205.0
56,0.75,205.0
63,0.75,205.0
87,0.75,205.0
87,1/3,205.0
78,0.25,205.25
75,0.25,205.25
r,11/12,616/3
r,0.5,205.5
85,0.25,205.75
85,0.25,205.75
84,0.5,206.0
84,0.5,206.0
63,1.25,206.0
54,1.25,206.0
57,1.25,206.0
78,0.25,206.25
75,0.25,206.25
r,0.25,206.5
r,0.5,206.5
84,0.25,206.75
87,0.25,207.0
87,2/3,207.0
54,2/3,207.0
56,2/3,207.0
63,2/3,207.0
78,0.25,207.25
r,0.75,207.25
75,0.25,207.5
85,0.25,207.5
r,1/3,623/3
85,0.25,207.75
63,1.0,208.0
57,1.0,208.0
54,1.0,208.0
84,0.25,208.0
84,0.25,208.0
78,0.25,208.0
r,1.25,208.0
r,0.25,208.25
75,0.25,208.5
84,0.25,208.5
r,0.25,208.75
54,0.75,209.0
56,0.75,209.0
63,0.75,209.0
87,0.75,209.0
87,1/3,209.0
78,1/3,209.25
r,1/6,628/3
75,1/3,209.5
r,5/12,2515/12
87,1/3,209.75
r,1/6,1259/6
80,1/3,210.0
80,1.0,210.0
r,1/6,2521/12
78,1/3,210.25
r,1/6,631/3
75,1/3,210.5
r,1/6,2527/12
80,0.25,210.75
82,0.25,210.75
r,5/12,1265/6
54,0.75,211.0
58,0.75,211.0
63,0.75,211.0
82,0.75,211.0
r,1.0,211.0
78,0.25,211.25
75,0.25,211.25
r,0.5,211.5
82,1/3,211.75
54,1.0,212.0
57,1.0,212.0
63,1.0,212.0
84,0.5,212.0
84,0.5,212.0
r,0.25,212.0
78,0.25,212.25
75,0.25,212.25
r,0.25,212.5
r,0.75,212.5
84,0.25,212.75
87,1/3,213.0
56,2/3,213.0
87,2/3,213.0
63,2/3,213.0
54,2/3,213.0
78,1/3,213.25
r,1/6,640/3
75,0.25,213.5
85,0.25,213.5
85,0.25,213.5
r,29/12,2563/12
r,1/3,641/3
r,0.25,213.75
54,1.0,214.0
57,1.0,214.0
63,1.0,214.0
84,0.25,214.0
84,0.25,214.0
78,0.25,214.0
r,0.25,214.25
75,0.25,214.5
84,0.25,214.5
r,0.25,214.75
87,0.25,215.0
56,0.75,215.0
54,0.75,215.0
63,0.75,215.0
87,0.75,215.0
78,0.25,215.25
75,0.25,215.5
85,0.25,215.5
85,0.25,215.75
r,0.25,215.75
54,1.0,216.0
57,1.0,216.0
63,1.0,216.0
84,0.5,216.0
84,0.5,216.0
r,0.25,216.0
78,0.25,216.25
75,0.25,216.25
r,0.25,216.5
r,1.5,216.5
84,0.25,216.75
63,2/3,217.0
56,2/3,217.0
87,2/3,217.0
54,2/3,217.0
87,0.25,217.0
78,0.25,217.0
r,0.25,217.25
75,1/3,217.5
r,1/12,653/3
87,1/3,217.75
r,1/6,1307/6
80,1/3,218.0
78,1/3,218.0
80,1.0,218.0
r,5/12,2617/12
r,5/12,655/3
75,1/3,218.5
80,1/3,218.75
r,1/6,1313/6
63,0.75,219.0
58,0.75,219.0
54,0.75,219.0
82,0.75,219.0
82,0.25,219.0
78,0.25,219.0
r,5/12,2629/12
r,0.75,219.25
75,0.25,219.5
82,0.25,219.75
84,0.25,219.75
r,0.25,219.75
54,1.0,220.0
63,1.0,220.0
56,1.0,220.0
84,0.25,220.0
80,0.25,220.0
r,0.25,220.25
75,0.25,220.5
84,0.25,220.5
r,0.25,220.75
53,1.0,221.0
56,1.0,221.0
61,1.0,221.0
85,0.25,221.0
80,0.25,221.0
r,0.25,221.25
73,0.25,221.5
85,0.25,221.5
r,0.25,221.75
85,0.25,222.0
61,1.0,222.0
53,1.0,222.0
56,1.0,222.0
80,0.25,222.25
73,0.25,222.5
85,0.25,222.75
85,0.25,222.75
53,1.0,223.0
56,1.0,223.0
61,1.0,223.0
r,0.25,223.0
80,0.25,223.25
73,0.25,223.5
85,0.25,223.75
85,0.25,224.0
61,1.0,224.0
52,1.0,224.0
55,1.0,224.0
79,0.25,224.25
73,0.25,224.5
85,0.25,224.5
r,0.25,224.75
52,1.0,225.0
55,1.0,225.0
61,1.0,225.0
85,0.25,225.0
79,0.25,225.0
r,0.25,225.25
73,0.25,225.5
85,0.25,225.5
r,0.25,225.75
85,0.25,226.0
61,1.0,226.0
55,1.0,226.0
52,1.0,226.0
79,0.25,226.25
73,0.25,226.25
r,0.25,226.5
85,0.25,226.75
52,1.0,227.0
55,1.0,227.0
61,1.0,227.0
85,0.25,227.0
79,0.25,227.25
73,0.25,227.25
r,0.25,227.5
85,0.25,227.75
52,1.0,228.0
45,1.0,228.0
49,1.0,228.0
55,1.0,228.0
85,0.25,228.0
79,0.25,228.25
73,0.25,228.25
r,0.25,228.5
85,0.25,228.75
52,1.0,229.0
45,1.0,229.0
55,1.0,229.0
49,1.0,229.0
85,0.25,229.0
79,0.25,229.0
r,0.25,229.25
73,0.25,229.5
85,0.25,229.75
85,0.25,230.0
79,0.25,230.0
52,1.0,230.0
49,1.0,230.0
45,1.0,230.0
55,1.0,230.0
r,0.25,230.25
73,0.25,230.5
85,0.25,230.75
55,1.0,231.0
49,1.0,231.0
52,1.0,231.0
45,1.0,231.0
85,0.25,231.0
79,0.25,231.25
73,0.25,231.25
r,0.25,231.5
85,0.25,231.75
65,0.25,231.75
85,0.25,232.0
63,0.25,232.0
65,0.25,232.0
56,4.0,232.0
78,0.25,232.25
63,0.25,232.25
65,0.25,232.25
73,0.25,232.25
63,0.25,232.5
65,0.25,232.5
85,0.25,232.5
63,0.25,232.75
65,0.25,232.75
63,0.25,232.75
85,0.25,233.0
63,0.25,233.0
65,0.25,233.0
63,0.25,233.25
78,0.25,233.25
65,0.25,233.25
73,0.25,233.5
63,0.25,233.5
65,0.25,233.5
63,0.25,233.5
85,0.25,233.5
65,0.25,233.75
63,0.25,233.75
84,0.25,234.0
63,0.25,234.0
65,0.25,234.0
63,0.25,234.25
78,0.25,234.25
65,0.25,234.25
63,0.25,234.5
72,0.25,234.5
65,0.25,234.5
84,0.25,234.75
63,0.25,234.75
65,0.25,234.75
84,0.25,235.0
63,0.25,235.0
65,0.25,235.0
63,0.25,235.25
78,0.25,235.25
65,0.25,235.25
72,0.25,235.5
63,0.25,235.5
65,0.25,235.5
84,0.25,235.5
63,0.25,235.75
61,0.25,235.75
63,0.25,235.75
77,1.0,236.0
73,1.0,236.0
85,1.0,236.0
61,1.0,236.0
49,1.0,236.0
r,0.5,237.0
r,0.5,237.5
77,1/3,238.0
61,1/3,238.0
63,1/3,715/3
73,1/3,715/3
68,1/3,716/3
65,1/3,716/3
70,1/3,239.0
66,1/3,239.0
61,1/3,718/3
73,1/3,718/3
66,1/3,719/3
70,1/3,719/3
65,1.0,240.0
61,1.0,240.0
68,1/3,240.0
73,1/3,721/3
75,1/3,722/3
77,1/3,241.0
r,2.0,241.0
73,1/3,724/3
80,1/3,725/3
49,1/3,242.0
77,1/3,242.0
51,1/3,727/3
73,1/3,727/3
53,1/3,728/3
68,1/3,728/3
66,1/3,243.0
54,1/3,243.0
44,1.0,243.0
63,1/3,730/3
51,1/3,730/3
68,1/3,731/3
56,1/3,731/3
65,1.0,244.0
53,1.0,244.0
49,1.0,244.0
r,4/3,244.0
68,0.5,245.0
73,0.5,736/3
r,1/6,245.5
75,0.5,737/3
r,1/6,1475/6
61,0.5,246.0
77,0.5,246.0
r,1/6,1477/6
63,0.5,739/3
73,0.5,739/3
r,1/6,246.5
65,0.5,740/3
68,0.5,740/3
r,1/6,1481/6
70,1/3,247.0
66,1/3,247.0
r,5/6,1483/6
73,1/3,742/3
61,1/3,742/3
66,1/3,743/3
70,1/3,743/3
65,1.0,248.0
61,1.0,248.0
68,0.5,248.0
r,1/3,248.0
66,1/6,248.0
70,1/6,248.0
73,0.5,745/3
r,1/6,248.5
75,0.5,746/3
r,19/6,1493/6
77,0.5,249.0
r,1/6,1495/6
73,0.5,748/3
r,1/6,249.5
80,0.25,749/3
r,7/6,1499/6
r,1/12,2999/12
68,4/3,250.0
58,4/3,250.0
65,4/3,250.0
74,4/3,250.0
51,2/3,251.0
63,2/3,251.0
66,2/3,251.0
75,2/3,251.0
r,2/3,754/3
r,1/3,755/3
72,5/3,252.0
66,5/3,252.0
56,2.0,252.0
63,2.0,252.0
r,1/3,761/3
54,2.0,254.0
44,2.0,254.0
51,2.0,254.0
66,0.25,254.0
68,0.25,254.25
66,0.25,254.25
r,0.25,254.5
65,0.25,254.75
66,0.25,255.0
75,0.25,255.0
r,0.25,255.25
73,0.25,255.5
72,0.25,255.75
53,1.0,256.0
49,1.0,256.0
73,0.25,256.0
68,0.25,256.0
r,0.25,256.25
73,0.25,256.5
77,0.25,256.75
80,0.25,257.0
85,0.25,257.0
r,2.0,257.0
r,0.25,257.25
89,0.25,257.5
87,0.25,257.75
86,1.25,258.0
80,1.25,258.0
77,1.25,258.0
70,1.25,258.0
78,2/3,259.0
63,2/3,259.0
75,2/3,259.0
87,2/3,259.0
r,0.75,259.25
r,1/3,779/3
75,2.0,260.0
68,2.0,260.0
78,5/3,260.0
84,5/3,260.0
r,1/3,785/3
66,2.0,262.0
63,2.0,262.0
56,2.0,262.0
78,0.25,262.0
80,0.25,262.25
78,0.25,262.5
77,0.25,262.75
78,0.25,263.0
87,0.25,263.0
r,0.25,263.25
85,0.25,263.5
84,0.25,263.5
r,0.25,263.75
85,0.25,264.0
65,1.0,264.0
61,1.0,264.0
80,0.25,264.25
77,0.25,264.5
73,0.25,264.75
68,0.25,264.75
r,0.25,265.0
r,1.0,265.0
73,0.25,265.25
68,0.25,265.25
r,0.25,265.5
65,0.25,265.75
44,2.0,266.0
51,2.0,266.0
54,2.0,266.0
66,0.25,266.0
68,0.25,266.25
66,0.25,266.5
65,0.25,266.5
r,0.25,266.75
66,0.25,267.0
75,0.25,267.25
73,0.25,267.5
72,0.25,267.5
r,0.25,267.75
53,1.0,268.0
49,1.0,268.0
73,0.25,268.0
68,0.25,268.0
r,0.25,268.25
65,0.25,268.5
61,0.25,268.75
56,0.25,269.0
r,2.25,269.0
61,0.25,269.25
56,0.25,269.5
53,0.25,269.75
42,0.25,269.75
r,0.25,270.0
44,0.25,270.25
42,0.25,270.5
41,0.25,270.75
42,0.25,270.75
63,1.0,271.0
56,1.0,271.0
60,1.0,271.0
66,1.0,271.0
44,0.25,271.25
46,0.25,271.5
48,0.25,271.5
r,0.25,271.75
49,0.25,272.0
r,1.0,272.0
51,0.25,272.25
53,0.25,272.5
54,0.25,272.5
r,0.25,272.75
63,1.0,273.0
60,1.0,273.0
66,1.0,273.0
56,0.25,273.0
54,0.25,273.25
53,0.25,273.5
51,0.25,273.5
r,1.5,273.75
49,0.25,274.0
48,0.25,274.0
r,0.25,274.25
46,0.25,274.5
44,0.25,274.75
46,0.25,274.75
60,1.0,275.0
63,1.0,275.0
66,1.0,275.0
68,1.0,275.0
44,0.25,275.25
46,0.25,275.25
r,0.25,275.5
48,0.25,275.75
49,0.25,275.75
r,0.25,276.0
r,1.0,276.0
r,1.0,276.0
51,0.25,276.25
53,0.25,276.5
54,0.25,276.5
r,0.25,276.75
56,0.25,277.0
68,1.0,277.0
61,1.0,277.0
65,1.0,277.0
59,0.75,277.0
57,0.25,277.25
59,0.5,277.5
61,0.25,277.75
62,0.25,278.0
r,1.0,278.0
r,2.0,278.0
61,0.25,278.25
59,0.25,278.5
57,0.25,278.5
r,0.25,278.75
61,0.25,279.0
69,0.75,279.0
59,0.25,279.25
57,0.25,279.25
r,0.25,279.5
71,0.25,279.75
56,0.25,279.75
r,0.25,279.75
73,1.0,280.0
54,0.25,280.0
42,0.25,280.0
r,0.25,280.25
54,0.5,280.5
57,0.5,281.0
66,1.0,281.0
61,1.0,281.0
54,0.5,281.5
59,0.5,282.0
61,1.0,282.0
65,1.0,282.0
54,0.5,282.5
66,2/3,283.0
57,2/3,283.0
61,2/3,283.0
r,0.5,283.0
54,0.25,283.5
r,1/3,851/3
r,0.25,283.75
62,3.0,284.0
74,3.0,284.0
66,3.0,284.0
47,0.5,284.0
47,10/3,284.0
54,0.5,284.5
59,0.5,285.0
54,0.5,285.5
59,0.5,286.0
54,0.5,286.5
66,1.0,287.0
74,1.0,287.0
45,1.0,287.0
62,1.0,287.0
57,0.5,287.0
r,2/3,862/3
54,0.5,287.5
74,0.25,288.0
76,0.25,288.0
44,1.0,288.0
56,0.5,288.0
71,2.0,288.0
74,0.25,288.25
76,0.25,288.25
52,0.25,288.5
74,0.25,288.5
74,0.25,288.5
76,0.25,288.5
74,0.25,288.5
76,0.25,288.75
74,0.25,288.75
r,0.25,288.75
42,1.0,289.0
54,0.25,289.0
74,0.25,289.0
76,0.25,289.0
74,0.25,289.0
76,0.25,289.0
r,0.25,289.25
r,0.25,289.25
52,0.5,289.5
74,0.25,289.5
76,0.25,289.5
74,0.25,289.75
73,0.25,289.75
74,0.25,289.75
40,0.5,290.0
76,1.5,290.0
68,1.0,290.0
r,2.0,290.0
52,0.5,290.5
64,1.0,291.0
44,0.5,291.0
56,0.5,291.5
71,0.5,291.5
r,0.5,291.5
73,0.25,292.0
57,1.0,292.0
45,1.0,292.0
76,0.25,292.25
73,0.25,292.5
76,0.25,292.75
73,0.25,292.75
r,0.25,293.0
r,1.0,293.0
76,0.25,293.25
73,0.25,293.5
76,0.25,293.5
r,0.25,293.75
73,0.25,294.0
68,0.5,294.0
76,0.25,294.25
73,0.25,294.25
r,0.25,294.5
r,1.5,294.5
76,0.25,294.75
73,0.25,295.0
76,0.25,295.25
73,0.25,295.5
76,0.25,295.75
73,0.25,295.75
67,0.5,296.0
r,0.25,296.0
75,0.25,296.25
73,0.25,296.25
r,0.25,296.5
r,0.5,296.5
75,0.25,296.75
71,0.25,297.0
75,0.25,297.0
47,0.75,297.0
r,0.25,297.25
71,0.25,297.5
49,0.25,297.75
75,0.25,297.75
71,0.25,297.75
r,0.5,297.75
51,1.0,298.0
75,0.25,298.25
71,0.25,298.5
75,0.25,298.5
r,0.25,298.75
44,0.75,299.0
83,0.75,299.0
71,0.25,299.0
75,0.25,299.25
71,0.25,299.5
85,0.25,299.75
r,0.25,299.75
75,1.0,300.0
87,1.0,300.0
59,0.25,300.0
56,0.25,300.0
63,0.25,300.0
r,0.25,300.25
56,0.25,300.5
59,0.25,300.5
63,0.25,300.75
59,0.25,301.0
56,0.25,301.0
63,0.25,301.0
80,1.0,301.0
68,1.0,301.0
r,0.25,301.25
56,0.25,301.5
59,0.25,301.5
63,0.25,301.75
58,0.25,301.75
61,0.25,301.75
67,1.0,302.0
79,1.0,302.0
r,0.25,302.0
63,0.25,302.25
58,0.25,302.25
61,0.25,302.25
r,0.25,302.5
63,0.25,302.75
56,0.25,303.0
59,0.25,303.0
68,2/3,303.0
80,2/3,303.0
63,0.25,303.25
56,0.25,303.25
59,0.25,303.5
r,1/3,911/3
63,0.25,303.75
62,1.0,304.0
65,1.0,304.0
80,0.25,304.0
83,0.25,304.0
r,0.25,304.25
82,0.25,304.5
80,0.25,304.5
r,2.25,304.75
80,0.25,305.0
83,0.25,305.0
r,0.25,305.25
82,0.25,305.5
80,0.25,305.75
80,0.25,306.0
83,0.25,306.25
82,0.25,306.25
r,0.25,306.5
80,0.25,306.75
65,1.0,307.0
62,1.0,307.0
80,0.25,307.0
83,0.25,307.0
r,0.25,307.25
82,0.25,307.5
66,0.25,307.75
80,0.25,307.75
80,0.25,308.0
68,1.0,308.0
65,1.0,308.0
62,1.0,308.0
83,0.25,308.25
82,0.25,308.5
80,0.25,308.5
r,0.25,308.75
83,0.25,309.0
r,2.0,309.0
80,0.25,309.25
78,0.25,309.5
77,0.25,309.5
r,0.25,309.75
83,0.25,310.0
80,0.25,310.25
78,0.25,310.25
r,0.25,310.5
77,0.25,310.75
82,0.25,311.0
65,1.0,311.0
62,1.0,311.0
80,0.25,311.25
78,0.25,311.25
r,0.25,311.5
70,0.25,311.75
77,0.25,311.75
63,0.5,312.0
78,0.5,312.0
66,0.5,312.0
r,0.25,312.0
82,0.25,312.25
80,0.25,312.5
78,0.25,312.5
r,0.5,312.5
r,0.25,312.75
80,0.25,313.0
54,0.75,313.0
51,0.75,313.0
78,0.25,313.25
77,0.25,313.5
58,0.25,313.75
75,0.25,313.75
r,1.25,313.75
74,0.25,314.0
56,0.25,314.0
53,0.25,314.0
77,0.25,314.0
r,0.25,314.25
75,0.25,314.5
74,0.25,314.75
82,0.25,315.0
62,0.75,315.0
65,0.75,315.0
80,0.25,315.25
78,0.25,315.5
77,0.25,315.75
70,0.25,315.75
r,0.25,315.75
63,0.5,316.0
78,0.5,316.0
66,0.5,316.0
r,0.25,316.0
82,0.25,316.25
80,0.25,316.5
78,0.25,316.5
r,0.5,316.5
r,0.25,316.75
80,0.25,317.0
54,0.75,317.0
51,0.75,317.0
78,0.25,317.25
77,0.25,317.25
r,0.25,317.5
75,0.25,317.75
58,0.25,317.75
72,0.25,317.75
r,1.25,317.75
51,0.25,318.0
54,0.25,318.0
75,0.25,318.0
r,0.25,318.25
73,0.25,318.5
72,0.25,318.75
80,0.25,319.0
60,0.75,319.0
63,0.75,319.0
78,0.25,319.25
76,0.25,319.5
75,0.25,319.5
68,0.25,319.5
r,0.25,319.75
r,0.25,319.75
61,0.25,320.0
64,0.25,320.0
76,0.25,320.0
r,1.0,320.0
80,0.25,320.25
78,0.25,320.25
r,0.25,320.5
76,0.25,320.75
78,0.25,321.0
52,0.75,321.0
49,0.75,321.0
76,0.25,321.25
75,0.25,321.5
56,0.25,321.5
73,0.25,321.75
r,1.25,321.75
51,0.25,322.0
54,0.25,322.0
72,0.25,322.0
75,0.25,322.25
73,0.25,322.5
72,0.25,322.75
60,0.75,323.0
63,0.75,323.0
80,0.25,323.0
78,0.25,323.0
r,0.25,323.25
76,0.25,323.5
75,0.25,323.5
68,0.25,323.5
r,0.25,323.75
r,0.25,323.75
61,1/3,324.0
64,1/3,324.0
76,1/3,324.0
r,0.25,324.0
r,1.0,324.0
80,0.25,324.25
78,0.25,324.25
r,5/12,973/3
r,0.5,324.5
76,1/3,324.75
78,1/3,325.0
49,0.75,325.0
52,0.75,325.0
r,1/6,3901/12
76,1/3,325.25
r,1/6,976/3
75,0.25,325.5
56,0.25,325.5
73,0.25,325.5
r,5/12,3907/12
r,0.5,325.75
r,2.25,325.75
70,0.5,326.0
49,0.5,326.0
52,0.5,326.0
54,0.5,326.0
73,0.25,326.25
71,0.25,326.5
r,0.5,326.5
70,0.25,326.75
61,0.75,327.0
58,0.75,327.0
78,0.25,327.0
76,0.25,327.25
75,0.25,327.5
66,0.25,327.75
73,0.25,327.75
r,0.25,327.75
71,0.5,328.0
63,0.5,328.0
59,0.5,328.0
r,0.25,328.0
75,0.25,328.25
73,0.25,328.5
71,0.25,328.5
r,0.5,328.5
r,0.25,328.75
49,0.75,329.0
46,0.75,329.0
78,0.25,329.0
76,0.25,329.25
75,0.25,329.5
73,0.25,329.5
54,0.25,329.5
r,0.25,329.75
r,0.5,329.75
71,0.5,330.0
51,0.5,330.0
47,0.5,330.0
75,0.25,330.25
73,0.25,330.25
r,0.25,330.5
r,0.75,330.5
71,0.25,330.75
66,1/3,331.0
78,1/3,331.0
64,1/3,331.0
76,0.25,331.25
r,1/6,994/3
63,0.25,331.5
75,0.25,331.5
r,0.5,331.5
61,0.25,331.75
73,0.25,331.75
59,0.25,332.0
71,0.25,332.0
r,1.25,332.0
75,0.25,332.25
73,0.25,332.25
r,0.25,332.5
71,0.25,332.75
71,1/3,333.0
83,1/3,333.0
82,0.25,333.25
70,0.25,333.25
r,1/6,1000/3
80,0.25,333.5
68,0.25,333.5
r,0.5,333.5
66,1/3,333.75
78,1/3,333.75
77,0.5,334.0
65,0.5,334.0
r,1/6,4009/12
80,1/3,334.25
78,0.25,334.5
77,0.25,334.5
r,5/12,4015/12
r,0.5,334.75
71,1/3,335.0
83,1/3,335.0
82,0.25,335.25
70,0.25,335.25
r,1/6,1006/3
80,0.25,335.5
68,0.25,335.5
r,0.5,335.5
78,0.25,335.75
66,0.25,335.75
77,0.25,335.75
65,0.25,336.0
77,0.25,336.0
r,0.5,336.0
80,1/3,336.25
78,1/3,336.5
r,1/6,4039/12
77,0.25,336.75
r,19/6,2021/6
75,0.25,337.0
87,0.25,337.0
85,0.25,337.25
73,0.25,337.25
71,0.25,337.5
83,0.25,337.5
82,0.25,337.5
70,0.25,337.75
68,0.25,337.75
80,0.25,337.75
r,0.25,338.0
83,0.25,338.25
71,0.25,338.25
70,0.25,338.5
82,0.25,338.5
68,0.25,338.75
80,0.25,338.75
78,0.25,339.0
66,0.25,339.0
65,0.25,339.25
77,0.25,339.25
63,0.25,339.5
75,0.25,339.5
61,0.25,339.75
73,0.25,339.75
71,0.25,339.75
59,0.25,339.75
r,0.25,340.0
63,0.25,340.25
75,0.25,340.25
73,0.25,340.5
61,0.25,340.5
71,0.25,340.75
59,0.25,340.75
70,0.25,341.0
58,0.25,341.0
56,0.25,341.25
68,0.25,341.25
54,0.25,341.25
66,0.25,341.25
r,0.25,341.5
53,0.25,341.75
65,0.25,341.75
71,0.25,341.75
59,0.25,341.75
r,0.25,342.0
58,0.25,342.25
70,0.25,342.25
56,0.25,342.5
68,0.25,342.5
54,0.25,342.75
66,0.25,342.75
65,0.25,343.0
53,0.25,343.0
51,0.25,343.25
63,0.25,343.25
61,0.25,343.25
49,0.25,343.25
r,0.25,343.5
48,0.25,343.75
60,0.25,343.75
61,2.0,344.0
49,2.0,344.0
49,4.0,344.0
61,4.0,344.0
65,2.0,346.0
53,2.0,346.0
65,3.0,348.0
68,3.0,348.0
61,6.0,348.0
56,1/3,348.0
58,1/3,1045/3
56,1/3,1046/3
54,1/3,349.0
53,1/3,1048/3
51,1/3,1049/3
49,1/3,350.0
51,1/3,1051/3
49,1/3,1052/3
66,0.75,351.0
70,0.75,351.0
47,1/3,351.0
46,1/3,1054/3
44,0.25,1055/3
68,0.25,1055/3
71,0.25,1055/3
r,0.25,351.75
r,1/12,4223/12
42,0.5,352.0
42,3.0,352.0
70,1.0,352.0
73,1.0,352.0
61,1.0,352.0
54,0.5,352.5
58,0.5,353.0
66,1.0,353.0
61,1.0,353.0
54,0.5,353.5
61,1.0,354.0
65,1.0,354.0
59,0.5,354.0
54,0.5,354.5
61,1.0,355.0
42,1.0,355.0
66,1.0,355.0
58,0.5,355.0
r,1.0,355.0
54,0.5,355.5
59,3.0,356.0
71,3.0,356.0
65,3.0,356.0
61,3.0,356.0
56,0.5,356.0
49,0.5,356.5
56,0.5,357.0
49,0.5,357.5
56,0.5,358.0
49,0.5,358.5
68,1.0,359.0
56,1.0,359.0
61,1.0,359.0
53,0.5,359.0
49,0.5,359.5
61,1.0,360.0
58,1.0,360.0
70,1.0,360.0
42,0.5,360.0
54,0.5,360.5
75,1.0,361.0
63,1.0,361.0
47,0.5,361.0
54,0.5,361.5
61,1.0,362.0
73,1.0,362.0
46,0.5,362.0
54,0.5,362.5
66,1.0,363.0
78,1.0,363.0
51,0.5,363.0
54,0.5,363.5
77,1.0,364.0
42,1.0,364.0
65,1.0,364.0
49,0.5,364.0
54,0.5,364.5
42,1.0,365.0
63,1.0,365.0
75,1.0,365.0
47,0.5,365.0
54,0.5,365.5
46,0.5,366.0
42,1.0,366.0
61,1.0,366.0
73,1.0,366.0
54,0.5,366.5
70,0.25,367.0
r,1.0,367.0
71,0.25,367.25
70,0.25,367.25
r,0.25,367.5
66,0.25,367.75
71,0.25,368.0
73,0.25,368.0
r,1.0,368.0
r,0.25,368.25
71,0.25,368.5
68,0.25,368.75
65,1.0,369.0
49,0.25,369.0
53,0.25,369.0
r,0.25,369.25
56,0.25,369.5
59,0.25,369.75
47,1.0,370.0
r,2.0,370.0
71,0.25,371.0
73,0.25,371.0
r,0.25,371.25
71,0.25,371.5
68,0.25,371.75
73,0.25,372.0
75,0.25,372.0
r,1.25,372.0
r,0.25,372.25
73,0.25,372.5
70,0.25,372.75
46,0.25,372.75
66,1.0,373.0
49,0.25,373.25
54,0.25,373.5
58,0.25,373.75
46,1.0,374.0
r,2.0,374.0
70,0.25,375.0
71,0.25,375.25
70,0.25,375.25
r,0.25,375.5
66,0.25,375.75
73,0.25,376.0
r,1.0,376.0
75,0.25,376.25
73,0.25,376.5
70,0.25,376.5
r,0.25,376.75
51,0.25,377.0
67,1.0,377.0
55,0.25,377.25
58,0.25,377.25
r,0.25,377.5
61,0.25,377.75
49,1.0,378.0
r,2.0,378.0
73,0.25,379.0
75,0.25,379.25
73,0.25,379.5
70,0.25,379.5
r,0.25,379.75
75,0.25,380.0
76,0.25,380.0
r,1.25,380.0
r,3.0,380.0
r,0.25,380.25
75,0.25,380.5
71,0.25,380.75
47,0.25,380.75
68,1.0,381.0
51,0.25,381.25
56,0.25,381.5
59,0.25,381.5
r,1.25,381.75
47,1.0,382.0
76,0.25,383.0
56,1.0,383.0
44,1.0,383.0
47,1.0,383.0
52,1.0,383.0
88,1/3,383.0
r,1/12,383.25
87,1/3,1150/3
r,2/3,1150/3
85,1/3,1151/3
57,2.0,384.0
45,2.0,384.0
49,2.0,384.0
54,2.0,384.0
83,1/3,384.0
81,1/3,1153/3
80,1/3,1154/3
78,1/3,385.0
76,1/3,1156/3
75,1/3,1157/3
73,1/3,386.0
59,2.0,386.0
47,2.0,386.0
54,2.0,386.0
57,2.0,386.0
71,1/3,1159/3
70,1/3,1160/3
71,1/3,387.0
73,1/3,1162/3
75,1/3,1163/3
59,1.0,388.0
52,1.0,388.0
71,1.0,388.0
68,1.0,388.0
56,1.0,388.0
64,1.0,388.0
76,1.0,388.0
78,1.0,389.0
75,1.0,389.0
51,1.0,389.0
47,1.0,389.0
54,1.0,389.0
59,1.0,389.0
66,1.0,389.0
71,1.0,389.0
40,1.0,390.0
68,1.0,390.0
52,1.0,390.0
44,1.0,390.0
47,1.0,390.0
71,1.0,390.0
76,1.0,390.0
80,1.0,390.0
r,0.5,391.0
r,0.5,391.5
68,2/3,392.0
64,2/3,392.0
52,2/3,392.0
56,2/3,392.0
59,2/3,392.0
r,1/3,1178/3
r,0.5,393.0
r,0.5,393.5
61,2/3,394.0
69,2/3,394.0
66,2/3,394.0
54,2/3,394.0
45,2/3,394.0
49,2/3,394.0
r,1/3,1184/3
r,0.5,395.0
r,0.5,395.5
78,1.0,396.0
75,1.0,396.0
71,1.0,396.0
59,1.0,396.0
63,1.0,396.0
66,1.0,396.0
71,1.0,397.0
59,1.0,397.0
56,1.0,397.0
61,1.0,397.0
65,1.0,397.0
73,1.0,397.0
77,1.0,397.0
80,1.0,397.0
78,1.0,398.0
73,1.0,398.0
69,1.0,398.0
66,1.0,398.0
57,1.0,398.0
81,1.0,398.0
61,1.0,398.0
54,1.0,398.0
r,0.5,399.0
r,0.5,399.5
66,2/3,400.0
69,2/3,400.0
54,2/3,400.0
57,2/3,400.0
61,2/3,400.0
r,1/3,1202/3
r,0.5,401.0
r,0.5,401.5
68,2/3,402.0
47,2/3,402.0
56,2/3,402.0
62,2/3,402.0
71,2/3,402.0
r,1/3,1208/3
r,0.5,403.0
r,0.5,403.5
73,1.0,404.0
61,1.0,404.0
71,1.0,404.0
65,1.0,404.0
77,1.0,404.0
80,1.0,404.0
54,1.0,405.0
61,1.0,405.0
64,1.0,405.0
70,1.0,405.0
73,1.0,405.0
82,1.0,405.0
76,1.0,405.0
59,1.0,406.0
74,1.0,406.0
71,1.0,406.0
62,1.0,406.0
83,1.0,406.0
r,0.5,407.0
r,0.5,407.5
59,2/3,408.0
62,2/3,408.0
66,2/3,408.0
71,2/3,408.0
74,2/3,408.0
r,1/3,1226/3
r,0.5,409.0
r,0.5,409.5
76,2/3,410.0
73,2/3,410.0
67,2/3,410.0
61,2/3,410.0
52,2/3,410.0
55,2/3,410.0
r,1/3,1232/3
r,0.5,411.0
r,0.5,411.5
73,1.0,412.0
61,1.0,412.0
58,1.0,412.0
54,1.0,412.0
70,1.0,412.0
76,1.0,412.0
82,1.0,412.0
83,1.0,413.0
59,1.0,413.0
54,1.0,413.0
71,1.0,413.0
47,1.0,413.0
74,1.0,413.0
58,1.0,414.0
85,1.0,414.0
46,1.0,414.0
54,1.0,414.0
73,1.0,414.0
76,1.0,414.0
r,0.5,415.0
r,0.5,415.5
73,1.0,416.0
64,1.0,416.0
70,1.0,416.0
61,1.0,416.0
63,1.0,417.0
59,1.0,417.0
71,1.0,417.0
75,1.0,417.0
73,1.0,418.0
61,1.0,418.0
58,1.0,418.0
76,1.0,418.0
r,0.5,419.0
r,0.5,419.5
61,1.0,420.0
73,1.0,420.0
70,1.0,420.0
58,1.0,420.0
66,1.0,420.0
r,0.5,421.0
r,0.5,421.5
58,1.0,422.0
73,1.0,422.0
66,1.0,422.0
54,1.0,422.0
76,1.0,422.0
r,0.5,423.0
r,0.5,423.5
71,1.0,424.0
59,1.0,424.0
63,1.0,424.0
66,1.0,424.0
75,1.0,424.0
r,3.0,424.0
78,0.25,425.0
80,0.25,425.25
78,0.25,425.5
75,0.25,425.75
83,2.25,426.0
71,1.0,427.0
75,1.0,427.0
76,3.0,428.0
73,3.0,428.0
r,0.25,428.0
82,0.25,428.25
83,0.25,428.5
82,0.25,428.5
80,0.25,428.75
82,0.75,429.0
83,0.25,429.75
85,1.0,430.0
82,1.0,431.0
76,1.0,431.0
73,1.0,431.0
r,1.0,431.0
79,1/3,432.0
73,2.0,432.0
75,2.0,432.0
r,0.25,432.0
88,1/3,432.25
r,1/6,1297/3
87,0.25,432.5
79,0.25,432.5
r,2/3,5191/12
r,0.25,432.75
79,1/3,433.0
88,1/3,433.25
r,1/6,1300/3
87,1/3,433.5
r,1/6,5203/12
79,0.25,433.75
r,1/6,2603/6
73,1.0,434.0
70,1.0,434.0
79,0.25,434.0
88,0.25,434.0
r,2.0,434.0
r,0.25,434.25
87,0.25,434.5
79,0.25,434.5
r,0.25,434.75
63,1.0,435.0
70,1.0,435.0
73,1.0,435.0
79,0.25,435.0
88,0.25,435.25
87,0.25,435.25
r,0.25,435.5
79,0.25,435.75
63,1.25,436.0
68,1.25,436.0
71,1.25,436.0
80,1/3,436.0
80,0.75,436.0
r,0.25,436.0
88,1/3,436.25
r,1/6,1309/3
87,0.25,436.5
80,0.25,436.5
r,5/12,5239/12
r,0.25,436.75
r,0.25,436.75
82,1/3,437.0
70,1.25,437.0
61,1.25,437.0
67,1.25,437.0
82,0.75,437.0
88,1/3,437.25
r,1/6,1312/3
87,1/3,437.5
r,1/6,5251/12
82,0.25,437.75
r,2.25,437.75
r,1/6,2627/6
83,1/3,438.0
83,0.75,438.0
63,0.75,438.0
59,0.75,438.0
68,0.75,438.0
88,1/3,438.25
r,1/6,1315/3
87,0.25,438.5
83,0.25,438.5
r,17/12,5263/12
r,0.25,438.75
r,0.25,438.75
92,0.25,439.0
59,1.0,439.0
92,1.0,439.0
63,1.0,439.0
68,1.0,439.0
87,0.25,439.25
83,0.25,439.5
80,0.25,439.75
89,0.5,440.0
89,0.5,440.0
59,1.0,440.0
62,1.0,440.0
68,1.0,440.0
r,0.25,440.0
83,1/3,440.25
80,0.25,440.5
89,0.25,440.5
r,41/12,5287/12
r,0.25,440.75
92,1/3,441.0
59,0.25,441.0
61,0.25,441.0
68,0.25,441.0
92,0.25,441.0
83,0.25,441.0
r,0.75,441.25
r,1/6,1324/3
80,0.25,441.5
90,0.25,441.5
90,0.25,441.75
68,1.0,442.0
62,1.0,442.0
59,1.0,442.0
89,0.25,442.0
89,0.25,442.0
83,0.25,442.0
r,0.25,442.25
80,0.25,442.5
89,0.25,442.5
r,0.25,442.75
68,0.75,443.0
59,0.75,443.0
61,0.75,443.0
92,0.75,443.0
92,0.25,443.0
83,0.25,443.25
80,0.25,443.5
90,0.25,443.5
90,0.25,443.75
r,0.25,443.75
89,0.5,444.0
89,0.5,444.0
68,1.25,444.0
59,1.25,444.0
62,1.25,444.0
r,0.25,444.0
83,1/3,444.25
80,1/3,444.5
r,1/6,5335/12
89,0.25,444.75
r,1/6,2669/6
61,0.75,445.0
59,0.75,445.0
68,0.75,445.0
92,0.75,445.0
92,0.25,445.0
83,0.25,445.0
r,0.25,445.25
r,0.75,445.25
80,1/3,445.5
92,1/3,445.75
r,1/6,2675/6
85,1/3,446.0
83,1/3,446.0
85,1.0,446.0
r,5/12,5353/12
r,5/12,1339/3
80,1/3,446.5
85,0.25,446.75
87,0.25,446.75
r,1/6,2681/6
68,0.75,447.0
63,0.75,447.0
59,0.75,447.0
87,0.75,447.0
r,0.25,447.0
r,1.0,447.0
83,0.25,447.25
80,0.25,447.5
87,1/3,447.75
r,0.25,447.75
62,1.0,448.0
59,1.0,448.0
68,1.0,448.0
89,0.25,448.0
89,0.25,448.0
83,0.25,448.0
r,3.0,448.0
r,0.25,448.25
80,0.25,448.5
89,0.25,448.5
r,0.25,448.75
68,0.75,449.0
61,0.75,449.0
59,0.75,449.0
92,0.75,449.0
92,0.25,449.0
83,0.25,449.0
r,0.25,449.25
80,1/3,449.5
90,0.25,449.75
90,0.25,449.75
r,1/6,2699/6
68,1.25,450.0
59,1.25,450.0
62,1.25,450.0
89,0.25,450.0
89,0.25,450.0
83,0.25,450.0
r,0.25,450.25
80,0.25,450.5
89,0.25,450.5
r,0.25,450.75
92,0.25,451.0
68,2/3,451.0
92,2/3,451.0
61,2/3,451.0
59,2/3,451.0
83,0.25,451.25
80,0.25,451.25
r,0.75,451.25
r,0.25,451.5
r,1/3,1355/3
90,0.25,451.75
90,0.25,451.75
89,0.5,452.0
89,0.5,452.0
68,1.0,452.0
62,1.0,452.0
59,1.0,452.0
r,0.25,452.0
83,1/3,452.25
80,0.25,452.5
89,0.25,452.5
r,23/12,5431/12
r,0.25,452.75
68,0.75,453.0
59,0.75,453.0
61,0.75,453.0
92,0.75,453.0
92,0.25,453.0
83,0.25,453.0
r,0.25,453.25
80,1/3,453.5
92,1/3,453.75
85,1/3,453.75
r,1/6,2723/6
85,1.0,454.0
r,1/6,5449/12
83,1/3,454.25
80,1/3,454.5
r,1/6,5455/12
85,1/3,454.75
r,1/6,2729/6
68,0.75,455.0
63,0.75,455.0
59,0.75,455.0
87,0.75,455.0
87,0.25,455.0
83,0.25,455.0
r,5/12,5461/12
r,0.75,455.25
80,0.25,455.5
87,0.25,455.75
89,0.25,455.75
r,0.25,455.75
61,1.0,456.0
59,1.0,456.0
68,1.0,456.0
89,0.5,456.0
r,0.25,456.0
85,0.25,456.25
80,0.25,456.5
r,3.5,456.5
89,0.25,456.75
61,1.0,457.0
58,1.0,457.0
66,1.0,457.0
90,0.25,457.0
85,0.25,457.0
r,0.25,457.25
78,0.25,457.5
90,0.25,457.75
66,1.0,458.0
58,1.0,458.0
61,1.0,458.0
90,0.25,458.0
85,0.25,458.0
r,0.25,458.25
78,0.25,458.5
90,0.25,458.75
66,1.0,459.0
58,1.0,459.0
61,1.0,459.0
90,0.25,459.0
85,0.25,459.25
78,0.25,459.25
r,0.25,459.5
90,0.25,459.75
90,0.25,460.0
60,1.0,460.0
66,1.0,460.0
57,1.0,460.0
84,0.25,460.25
78,0.25,460.5
90,0.25,460.75
90,0.25,461.0
57,1.0,461.0
60,1.0,461.0
66,1.0,461.0
84,0.25,461.25
78,0.25,461.5
90,0.25,461.75
57,1.0,462.0
60,1.0,462.0
66,1.0,462.0
90,0.25,462.0
84,0.25,462.0
r,0.25,462.25
78,0.25,462.5
90,0.25,462.5
r,0.25,462.75
90,0.25,463.0
66,1.0,463.0
60,1.0,463.0
57,1.0,463.0
84,0.25,463.25
78,0.25,463.25
r,0.25,463.5
90,0.25,463.75
38,1.0,464.0
48,1.0,464.0
42,1.0,464.0
45,1.0,464.0
90,0.25,464.0
84,0.25,464.25
78,0.25,464.25
r,0.25,464.5
90,0.25,464.75
90,0.25,465.0
42,1.0,465.0
48,1.0,465.0
45,1.0,465.0
38,1.0,465.0
84,0.25,465.25
78,0.25,465.5
90,0.25,465.75
42,1.0,466.0
38,1.0,466.0
45,1.0,466.0
48,1.0,466.0
90,0.25,466.0
84,0.25,466.25
78,0.25,466.25
r,0.25,466.5
90,0.25,466.75
38,1.0,467.0
45,1.0,467.0
48,1.0,467.0
42,1.0,467.0
90,0.25,467.0
84,0.25,467.25
78,0.25,467.5
90,0.25,467.5
58,0.25,467.75
90,0.25,467.75
56,0.25,467.75
58,0.25,467.75
49,4.0,468.0
r,0.25,468.0
56,0.25,468.25
83,0.25,468.25
58,0.25,468.25
78,0.25,468.5
56,0.25,468.5
58,0.25,468.5
56,0.25,468.75
90,0.25,468.75
58,0.25,468.75
90,0.25,469.0
56,0.25,469.0
58,0.25,469.0
83,0.25,469.25
56,0.25,469.25
58,0.25,469.25
56,0.25,469.5
78,0.25,469.5
58,0.25,469.5
56,0.25,469.5
90,0.25,469.75
58,0.25,469.75
56,0.25,469.75
89,0.25,470.0
58,0.25,470.0
56,0.25,470.0
83,1/3,470.25
58,1/3,470.25
56,1/3,470.25
77,1/3,470.25
r,1/12,5647/12
58,0.25,1412/3
56,0.25,1412/3
89,0.25,1412/3
r,1/12,5651/12
58,0.25,471.0
89,0.25,471.0
56,0.25,471.0
58,0.25,471.0
56,0.25,471.25
83,0.25,471.25
58,0.25,471.25
56,0.25,471.25
77,0.25,471.5
58,0.25,471.5
56,0.25,471.5
89,0.25,471.5
54,0.25,471.75
56,0.25,471.75
42,1.0,472.0
54,1.0,472.0
78,1.0,472.0
82,1.0,472.0
90,1.0,472.0
r,0.5,473.0
r,0.5,473.5
82,1/3,474.0
66,1/3,474.0
78,1/3,1423/3
68,1/3,1423/3
73,1/3,1424/3
70,1/3,1424/3
71,1/3,475.0
75,1/3,475.0
78,1/3,1426/3
66,1/3,1426/3
71,1/3,1427/3
75,1/3,1427/3
73,1/3,476.0
70,1.0,476.0
66,1.0,476.0
78,1/3,1429/3
80,1/3,1430/3
82,1/3,477.0
r,2.0,477.0
78,1/3,1432/3
85,1/3,1433/3
82,1/3,478.0
54,1/3,478.0
78,1/3,1435/3
56,1/3,1435/3
73,1/3,1436/3
58,1/3,1436/3
71,1/3,479.0
59,1/3,479.0
49,1.0,479.0
56,1/3,1438/3
68,1/3,1438/3
61,1/3,1439/3
73,1/3,1439/3
54,1.0,480.0
58,1.0,480.0
70,1.0,480.0
r,4/3,480.0
73,0.5,481.0
78,0.5,1444/3
r,1/6,481.5
80,0.5,1445/3
r,1/6,2891/6
82,1/3,482.0
66,1/3,482.0
r,1/6,2893/6
68,0.5,1447/3
78,0.5,1447/3
r,1/3,1447/3
70,0.5,1448/3
73,0.5,1448/3
r,1/6,2897/6
71,0.5,483.0
75,0.5,483.0
r,1/6,2899/6
66,0.5,1450/3
78,0.5,1450/3
r,1/6,483.5
71,1/3,1451/3
75,1/3,1451/3
r,1/6,2903/6
70,1.0,484.0
66,1.0,484.0
73,0.5,484.0
r,1/3,484.0
71,1/6,484.0
75,1/6,484.0
78,0.5,1453/3
r,1/6,484.5
80,0.5,1454/3
r,19/6,2909/6
82,0.5,485.0
r,1/6,2911/6
78,0.5,1456/3
r,1/6,485.5
85,0.25,1457/3
r,7/6,2915/6
r,1/12,5831/12
79,4/3,486.0
63,4/3,486.0
70,4/3,486.0
73,4/3,486.0
68,2/3,487.0
80,2/3,487.0
56,2/3,487.0
71,2/3,487.0
r,2/3,1462/3
r,1/3,1463/3
77,5/3,488.0
71,5/3,488.0
61,2.0,488.0
68,2.0,488.0
r,1/3,1469/3
56,2.0,490.0
49,2.0,490.0
59,2.0,490.0
71,0.25,490.0
73,0.25,490.0
r,0.25,490.25
71,0.25,490.5
70,0.25,490.75
71,0.25,491.0
80,0.25,491.0
r,0.25,491.25
78,0.25,491.5
77,0.25,491.75
78,0.25,491.75
54,1.0,492.0
58,1.0,492.0
r,0.25,492.0
r,3.0,492.0
r,3.0,492.0
73,0.25,492.25
70,0.25,492.25
r,0.25,492.5
73,0.25,492.75
78,0.25,493.0
r,1.0,493.0
82,0.25,493.25
85,0.25,493.25
r,0.25,493.5
90,0.25,493.75
91,1.25,494.0
79,1.25,494.0
85,1.25,494.0
82,1.25,494.0
73,1.25,494.0
63,1.25,494.0
67,1.25,494.0
70,1.25,494.0
87,1.25,494.0
75,2.0,494.0
87,1/3,495.0
83,1/3,495.0
80,1/3,495.0
92,1/3,495.0
68,1.0,495.0
71,1.0,495.0
r,0.75,495.25
r,2/3,1486/3
89,2.0,496.0
85,2.0,496.0
65,2.0,496.0
80,2.0,496.0
77,2.0,496.0
73,2.0,496.0
61,2.0,496.0
83,2.0,496.0
68,2.0,496.0
71,2.0,496.0
r,2.0,496.0
83,0.25,498.0
49,2.0,498.0
56,2.0,498.0
59,2.0,498.0
85,0.25,498.25
83,0.25,498.5
82,0.25,498.75
83,0.25,498.75
r,0.25,499.0
92,0.25,499.25
90,0.25,499.5
89,0.25,499.5
r,0.25,499.75
54,1.0,500.0
58,1.0,500.0
90,0.25,500.0
85,0.25,500.25
82,0.25,500.5
78,0.25,500.5
r,1.25,500.75
73,0.25,501.0
78,0.25,501.0
r,0.25,501.25
73,0.25,501.5
70,0.25,501.75
44,2.0,502.0
37,2.0,502.0
47,2.0,502.0
71,0.25,502.0
73,0.25,502.25
71,0.25,502.25
r,0.25,502.5
70,0.25,502.75
71,0.25,503.0
80,0.25,503.25
78,0.25,503.5
77,0.25,503.75
46,1.0,504.0
42,1.0,504.0
78,0.25,504.0
73,0.25,504.25
70,0.25,504.25
r,0.25,504.5
66,0.25,504.75
61,0.25,504.75
r,0.25,505.0
r,2.0,505.0
66,0.25,505.25
61,0.25,505.5
58,0.25,505.75
47,0.25,506.0
49,0.25,506.0
r,0.25,506.25
47,0.25,506.5
46,0.25,506.5
r,0.25,506.75
47,0.25,507.0
49,0.25,507.0
61,1.0,507.0
65,1.0,507.0
68,1.0,507.0
71,1.0,507.0
r,0.25,507.25
51,0.25,507.5
53,0.25,507.75
54,0.25,507.75
r,0.25,508.0
r,1.0,508.0
56,0.25,508.25
58,0.25,508.5
59,0.25,508.75
71,1.0,509.0
65,1.0,509.0
68,1.0,509.0
61,0.25,509.0
59,0.25,509.0
r,0.25,509.25
58,0.25,509.5
56,0.25,509.5
r,1.25,509.75
54,0.25,510.0
53,0.25,510.25
51,0.25,510.25
r,0.25,510.5
49,0.25,510.75
73,1.0,511.0
68,1.0,511.0
65,1.0,511.0
71,1.0,511.0
51,0.25,511.0
49,0.25,511.0
r,0.25,511.25
51,0.25,511.5
53,0.25,511.5
r,0.25,511.75
54,0.25,512.0
56,0.25,512.0
r,1.0,512.0
r,0.25,512.25
58,0.25,512.5
59,0.25,512.75
66,1.0,513.0
73,1.0,513.0
70,1.0,513.0
61,0.25,513.0
63,0.25,513.0
r,0.25,513.25
61,0.25,513.5
59,0.25,513.5
r,1.25,513.75
58,0.25,514.0
59,0.25,514.25
61,0.25,514.5
59,0.25,514.75
70,0.75,515.0
58,0.25,515.0
59,0.25,515.25
58,0.25,515.5
56,0.25,515.5
71,0.25,515.5
r,0.25,515.75
r,0.25,515.75
54,0.25,516.0
r,1.0,516.0
56,0.25,516.25
58,0.25,516.25
r,0.25,516.5
59,0.25,516.75
73,1.0,517.0
70,1.0,517.0
64,1.0,517.0
66,1.0,517.0
61,0.25,517.0
59,0.25,517.25
58,0.25,517.25
r,0.25,517.5
56,0.25,517.75
54,0.25,517.75
r,0.25,518.0
r,1.0,518.0
58,0.25,518.25
56,0.25,518.5
54,0.25,518.5
r,0.25,518.75
52,0.25,519.0
70,0.75,519.0
58,0.75,519.0
51,0.25,519.25
49,0.25,519.5
71,0.25,519.75
59,0.25,519.75
47,0.25,519.75
r,0.25,519.75
61,1.0,520.0
64,1.0,520.0
73,1.0,520.0
46,0.25,520.0
47,0.25,520.25
49,0.25,520.5
47,0.25,520.75
46,0.25,520.75
66,1.0,521.0
64,1.0,521.0
61,1.0,521.0
r,0.25,521.0
49,0.25,521.25
52,0.25,521.25
r,0.25,521.5
54,0.25,521.75
55,0.25,521.75
67,1.0,522.0
61,1.0,522.0
64,1.0,522.0
r,0.25,522.0
52,0.25,522.25
49,0.25,522.5
47,0.25,522.75
66,0.25,523.0
64,0.25,523.0
61,0.25,523.0
49,0.25,523.0
46,0.25,523.0
49,0.25,523.0
r,0.25,523.25
r,0.75,523.25
52,0.25,523.5
54,0.25,523.75
55,0.25,523.75
67,1.0,524.0
64,1.0,524.0
76,1.0,524.0
r,0.25,524.0
52,0.25,524.25
49,0.25,524.5
47,0.25,524.75
73,1.0,525.0
64,1.0,525.0
66,1.0,525.0
46,0.25,525.0
49,0.25,525.25
54,0.25,525.25
r,0.25,525.5
58,0.25,525.75
47,0.25,526.0
62,1.0,526.0
66,1.0,526.0
74,1.0,526.0
50,0.25,526.25
54,0.25,526.25
r,0.25,526.5
59,0.25,526.75
50,0.5,527.0
62,0.5,527.0
66,0.5,527.0
71,0.25,527.0
66,0.25,527.0
54,0.25,527.0
r,0.75,527.25
59,0.25,527.5
62,0.25,527.75
74,2/3,528.0
71,2/3,528.0
53,1/3,528.0
83,1.0,528.0
r,0.25,528.0
56,0.25,528.25
59,0.25,528.25
r,2/3,1585/3
r,3.5,528.5
r,1/12,1586/3
62,1/3,528.75
71,1/3,529.0
65,1/3,529.0
74,1/3,529.0
80,1.0,529.0
r,1/6,6349/12
68,1/3,529.25
r,1/6,1588/3
71,0.25,529.5
68,0.25,529.5
r,5/12,6355/12
r,0.25,529.75
80,2/3,530.0
83,2/3,530.0
86,1.0,530.0
65,0.25,530.0
68,0.25,530.0
r,0.25,530.25
71,0.25,530.5
68,0.25,530.5
r,1/3,1592/3
r,0.5,530.75
65,1/3,531.0
80,2/3,531.0
83,2/3,531.0
85,2/3,531.0
68,0.25,531.25
71,0.25,531.25
r,5/12,1594/3
r,0.5,531.5
r,1/3,1595/3
68,0.25,531.75
65,0.25,532.0
r,1.0,532.0
71,0.25,532.25
70,0.25,532.25
r,0.25,532.5
68,0.25,532.75
85,1.0,533.0
83,1.0,533.0
80,1.0,533.0
73,0.25,533.0
71,0.25,533.25
70,0.25,533.5
68,0.25,533.75
66,0.25,533.75
r,0.25,534.0
r,1.0,534.0
73,0.25,534.25
71,0.25,534.25
r,0.25,534.5
70,0.25,534.75
78,0.25,535.0
82,1.0,535.0
85,1.0,535.0
77,0.25,535.25
75,0.25,535.25
r,0.25,535.5
73,0.25,535.75
71,0.25,536.0
r,1.0,536.0
70,0.25,536.25
75,0.25,536.25
r,0.25,536.5
73,0.25,536.75
82,1.0,537.0
85,1.0,537.0
71,0.25,537.0
70,0.25,537.25
68,0.25,537.5
66,0.25,537.75
65,0.25,537.75
r,0.25,538.0
r,1.0,538.0
66,0.25,538.25
68,0.25,538.25
r,0.25,538.5
66,0.25,538.75
85,1.0,539.0
82,1.0,539.0
60,0.25,539.0
61,0.25,539.0
r,0.25,539.25
63,0.25,539.5
61,0.25,539.5
r,0.25,539.75
57,0.25,540.0
58,0.25,540.0
r,1.0,540.0
r,0.25,540.25
59,0.25,540.5
58,0.25,540.75
85,1.0,541.0
78,1.0,541.0
82,1.0,541.0
90,1.0,541.0
53,0.25,541.0
54,0.25,541.25
56,0.25,541.5
54,0.25,541.5
r,0.25,541.75
90,1.0,542.0
85,1.0,542.0
82,1.0,542.0
78,1.0,542.0
48,0.25,542.0
49,0.25,542.0
r,0.25,542.25
51,0.25,542.5
49,0.25,542.75
45,0.25,542.75
85,1.0,543.0
90,1.0,543.0
82,1.0,543.0
78,1.0,543.0
r,0.25,543.0
46,0.25,543.25
47,0.25,543.5
46,0.25,543.75
42,1.0,544.0
90,1.0,544.0
85,1.0,544.0
78,1.0,544.0
82,1.0,544.0
r,3.0,545.0
